"sequence","excel_row","raw_name","standard_name","item_group","specs","unit","status","question"
"1","2","DN75胶弯头","PVC/塑料弯头","工程材料/管件","规格: DN75；类型: 弯头；材质: 待确认","个","待确认","“胶”具体是 PVC、PE、PPR 还是橡胶？"
"8","9","25保温棉","保温棉","工程材料/保温材料","规格: 25；含义待确认","米","待确认","25 是厚度 25mm，还是适配 DN25 管？"
"9","10","电钻锂电池充电器","电钻锂电池充电器","工具器具/工具配件","适用设备: 电钻；类型: 充电器；电压/型号缺失","个","待确认","适配电钻型号、电池电压是多少？"
"11","12","双块水泥","双快水泥","建筑材料/水泥砂石","类型: 双快水泥","包","待确认","原文“双块”是否为“双快”？包装重量是多少？"
"16","17","3P施耐德空气开关","空气开关","电气材料/低压电器","品牌: 施耐德；极数: 3P","个","待确认","额定电流缺失"
"22","23","PVC线管","PVC线管","电气材料/电气管材","材质: PVC；规格缺失","米","待确认","管径是多少？"
"23","24","20管卡代沟","管卡带钩","电气材料/电气辅材","规格: 20；类型: 管卡；疑似带钩","个","待确认","“代沟”是否为“带钩”？"
"28","29","2.5MM水泥钉","水泥钉","五金备件/紧固件","规格: 2.5MM","合","待确认","单位“合”是否为“盒”？长度/包装数量缺失"
"29","30","电线杆踩脚","电线杆脚扣","工具器具/登高工具","用途: 电线杆攀爬；原名: 踩脚","付","待确认","是否为脚扣？规格/适用杆径缺失"
"31","32","厚黑模板","黑模板","建筑材料/模板木方","特征: 厚；颜色/类型: 黑模板","张","待确认","厚度和尺寸缺失"
"34","35","5CM自攻螺丝","自攻螺丝","五金备件/紧固件","长度: 5CM","合","待确认","单位“合”是否为“盒”？包装数量缺失"
"35","36","3CM自攻螺丝","自攻螺丝","五金备件/紧固件","长度: 3CM","合","待确认","单位“合”是否为“盒”？包装数量缺失"
"36","37","4*6厚方钢","方钢","金属材料/型材","规格: 4*6；特征: 厚","米","待确认","规格单位、壁厚缺失"
"44","45","12厘膨胀螺丝代沟","膨胀螺丝带钩","五金备件/紧固件","规格: 12厘；疑似带钩","个","待确认","“代沟”是否为“带钩”？长度缺失"
"48","49","02-0.5MM沙子","沙子","建筑材料/水泥砂石","粒径: 0.2-0.5MM 或 02-0.5MM","斤","待确认","原文“02”是否为 0.2？"
"50","51","2.5CM钢钉","钢钉","五金备件/紧固件","长度: 2.5CM","合","待确认","单位“合”是否为“盒”？"
"52","53","10A公牛三插","三孔插头/插座","电气材料/插头插座","品牌: 公牛；电流: 10A；类型: 三插","个","待确认","是插头还是插座？"
"58","59","3CM大盒钢钉","钢钉","五金备件/紧固件","长度: 3CM；包装: 大盒","合","待确认","单位“合”是否为“盒”？"
"59","60","250A空气开关","空气开关","电气材料/低压电器","额定电流: 250A","个","待确认","极数/品牌缺失"
"62","63","定做导链式窗帘","导链式窗帘","装修材料/窗帘","定制: 是；类型: 导链式","平方","待确认","是库存物料还是定制服务？材质缺失"
"73","74","100金属软管","金属软管","工程材料/水暖五金","规格: 100；材质: 金属","个","待确认","100 是长度还是口径？"
"74","75","不锈钢接头","不锈钢接头","工程材料/管件","材质: 不锈钢；规格缺失","个","待确认","口径/螺纹规格缺失"
"78","79","磁珠","磁珠","电气材料/电气辅材","类型: 磁珠；规格缺失","个","待确认","是穿线瓷珠/绝缘磁珠还是电子磁珠？"
"79","80","螺丝","螺丝","五金备件/紧固件","规格缺失","个","待确认","规格、材质、类型缺失，不建议直接建档"
"83","84","六角自攻螺丝大盒","六角自攻螺丝","五金备件/紧固件","头型: 六角；包装: 大盒","合","待确认","规格长度、单位“合/盒”缺失"
"92","93","木杆子","木杆","建筑材料/木材","材质: 木；规格缺失","根","待确认","长度/直径缺失"
"93","94","草酸","草酸","化工耗材/清洁化学品","类型: 草酸","桶","待确认","浓度/包装规格缺失"
"95","96","网线","网线","电气材料/弱电材料","类型: 网线；规格缺失","条","待确认","超五类/六类、长度缺失"
"97","98","糯米胶","糯米胶","化工耗材/胶粘剂","类型: 糯米胶","平方","待确认","单位“平方”疑似按施工面积，不是库存单位"
"100","101","钻头","钻头","工具器具/工具配件","规格缺失","个","待确认","直径、材质、用途缺失"
"103","104","桶装水按钮","桶装水按钮","办公生活用品/饮水配件","用途: 桶装水；类型: 按钮/压水器配件","个","待确认","是压水器按钮还是饮水机配件？"
"104","105","地毯清洁剂大","地毯清洁剂","清洁用品/清洁剂","规格: 大","桶","待确认","容量缺失"
"108","109","定做导链式窗帘","导链式窗帘","装修材料/窗帘","定制: 是；类型: 导链式","平方","可合并/待确认","与第62行同物料；确认库存物料还是定制服务"
"112","113","DN15软管","软管","工程材料/水暖五金","规格: DN15","米","待确认","材质/用途不明确，是金属软管还是塑料软管？"
"113","114","灰板","灰板","装修材料/板材","名称过短，规格缺失","个","待确认","材质、尺寸、用途缺失"
"114","115","铝合金","铝合金型材","金属材料/型材","材质: 铝合金；规格缺失","个","待确认","型材形状、规格、长度缺失"
"116","117","镇流器","镇流器","电气材料/照明配件","类型: 镇流器","个","待确认","功率/适配灯具缺失"
"121","122","方撬","方锹","工具器具/手动工具","类型: 方锹；原文: 方撬","把","待确认","是否为“方锹”？"
"122","123","伴水泥耙子","拌水泥耙子","工具器具/施工工具","用途: 拌水泥；类型: 耙子","把","待确认","原文“伴”是否为“拌”？"
"123","124","4.2*6.5水泥钉","水泥钉","五金备件/紧固件","规格: 4.2*6.5","合","待确认","单位“合”是否为“盒”？规格单位需确认"
"127","128","海螺水泥","水泥","建筑材料/水泥砂石","品牌: 海螺；规格型号缺失","包","待确认","标号如 42.5/32.5 缺失"
"133","134","铁丝","铁丝","金属材料/线材","材质: 铁；规格缺失","KG","待确认","线径/号数缺失"
"134","135","4公斤灭火器","灭火器","消防器材/灭火器","容量: 4公斤","个","待确认","干粉/二氧化碳等类型缺失"
"135","136","4公斤灭火器筒","灭火器筒","消防器材/灭火器配件","容量: 4公斤；类型: 筒体","个","待确认","是否为空瓶/筒体？"
"136","137","烟感","烟感报警器","消防器材/报警器","类型: 烟感","个","待确认","独立式/联网型、品牌型号缺失"
"142","143","大防潮灯","防潮灯","电气材料/照明","规格: 大；功能: 防潮","个","待确认","功率/规格缺失"
"143","144","LED灯泡","LED灯泡","电气材料/照明","类型: LED灯泡","个","待确认","功率/灯头规格缺失"
"144","145","防水开关","防水开关","电气材料/插座开关","功能: 防水","个","待确认","位数/电流/明暗装缺失"
"156","157","25保温棉","保温棉","工程材料/保温材料","规格: 25；含义待确认","米","可合并/待确认","与第8行同物料；25 含义未确认"
"157","158","25*50*0.5米厚铸铁井盖","铸铁井盖","工程材料/井盖","材质: 铸铁；规格: 25*50*0.5米；特征: 厚","米","待确认","单位“米”不合理，是否应为块/套？规格含义需确认"
"158","159","公元75胶管","胶管","工程材料/排水管件","品牌: 公元；规格: 75","米","待确认","材质是 PVC 还是其他胶管？"
"161","162","胶水","管道胶水","化工耗材/胶粘剂","用途: 管道粘接；规格缺失","瓶","待确认","PVC胶水/PPR胶水/普通胶水？"
"163","164","公元50胶管","胶管","工程材料/排水管件","品牌: 公元；规格: 50","米","待确认","材质是 PVC 还是其他胶管？"
"169","170","4分三通","三通","工程材料/水暖管件","规格: 4分；类型: 三通","个","待确认","材质/连接方式缺失"
"170","171","4分内接","内接","工程材料/水暖管件","规格: 4分；连接: 内接","个","待确认","材质缺失"
"176","177","不锈钢烟筒","不锈钢烟筒","工程材料/排烟材料","材质: 不锈钢","个","待确认","直径/长度缺失"
"178","179","6分阀门","阀门","工程材料/阀门","规格: 6分","个","待确认","材质/类型缺失"
"180","181","厚雨棚PC板","PC板","装修材料/板材","用途: 雨棚；材质: PC；特征: 厚","平方","待确认","厚度/颜色缺失"
"186","187","得力美工刀片","美工刀片","工具器具/工具配件","品牌: 得力","合","待确认","单位“合”是否为“盒”？规格缺失"
"187","188","PVC线管","PVC线管","电气材料/电气管材","材质: PVC；规格缺失","米","可合并/待确认","与第22行同物料；管径缺失"
"189","190","玻璃水","玻璃清洁液","清洁用品/清洁剂","用途: 玻璃清洁","支","待确认","单位“支”是否合理？容量缺失"
"191","192","6*4三通","三通","工程材料/水暖管件","规格: 6分*4分；类型: 三通","个","待确认","材质/连接方式缺失"
"194","195","6分接头","接头","工程材料/水暖管件","规格: 6分；类型: 接头","个","待确认","材质/连接方式缺失"
"196","197","6厘膨胀螺丝","膨胀螺丝","五金备件/紧固件","规格: 6厘","个","待确认","长度缺失"
"200","201","PVC线管","PVC线管","电气材料/电气管材","材质: PVC；规格缺失","米","可合并/待确认","与第22行同物料；管径缺失"
"201","202","20弯头","弯头","工程材料/管件","规格: 20；类型: 弯头","个","待确认","材质和管件体系缺失"
"202","203","20直接","直通","工程材料/管件","规格: 20；类型: 直通/直接","个","待确认","材质和管件体系缺失"
"204","205","热水器防火墙","热水器防火墙","工程材料/水暖五金","用途: 热水器；功能: 防火墙","个","待确认","具体产品类型/规格不清"
"206","207","32弯头","PPR弯头","工程材料/PPR管件","规格: 32；类型: 弯头","个","待确认","默认 PPR 需确认"
"207","208","32三通","PPR三通","工程材料/PPR管件","规格: 32；类型: 三通","个","待确认","默认 PPR 需确认"
"208","209","32直通","PPR直通","工程材料/PPR管件","规格: 32；类型: 直通","个","待确认","默认 PPR 需确认"
"210","211","胶水","管道胶水","化工耗材/胶粘剂","用途: 管道粘接；规格缺失","瓶","可合并/待确认","与第161行同物料；类型仍需确认"
"211","212","32代沟管卡","管卡带钩","工程材料/管道辅材","规格: 32；疑似带钩","个","待确认","“代沟”是否为“带钩”？"
"215","216","金属软管","金属软管","工程材料/水暖五金","材质: 金属；规格缺失","个","待确认","长度/接口规格缺失"
"217","218","保温棉","保温棉","工程材料/保温材料","规格缺失","米","待确认","厚度/适配管径缺失"
"218","219","玻璃胶","玻璃胶","化工耗材/胶粘剂","类型: 玻璃胶","个","待确认","中性/酸性、颜色、容量缺失"
"220","221","拉手","拉手","五金备件/门窗五金","规格缺失","个","待确认","材质/孔距/用途缺失"
"222","223","电热水龙头","电热水龙头","工程材料/水暖五金","功能: 电热","套","待确认","功率/接口规格缺失"
"223","224","袋子","袋子","包装材料/袋类","规格缺失","个","待确认","材质、尺寸、用途缺失，不建议直接建档"
"224","225","加工尼龙导向轮","尼龙导向轮","加工件/尼龙件","材质: 尼龙；类型: 导向轮；加工: 是","个","待确认","图纸/尺寸缺失"
"227","228","WD*400除锈润滑剂","除锈润滑剂","化工耗材/润滑防锈","品牌: WD；规格: 400","支","待确认","是否 WD-40 400ml？"
"228","229","500高效除漆剂","高效除漆剂","化工耗材/表面处理剂","规格: 500","支","待确认","500 是容量 500ml 还是型号？"
"237","238","喷火枪头","喷火枪头","工具器具/焊割工具","类型: 枪头","个","待确认","适配燃气/型号缺失"
"239","240","精密电子清洁剂","精密电子清洁剂","清洁用品/电子清洁剂","用途: 精密电子清洁","支","待确认","容量/品牌缺失"
"242","243","加工打牙","打牙加工","服务/加工服务","工序: 打牙；加工: 是","个","待确认","应作为加工服务还是加工件工序费用？"
"244","245","25接头高压","高压接头","液压/高压管路","规格: 25；类型: 高压接头","个","待确认","螺纹/接头形式缺失"
"246","247","25弯头","弯头","工程材料/管件","规格: 25；类型: 弯头","个","待确认","材质/管件体系缺失"
"247","248","25三通","三通","工程材料/管件","规格: 25；类型: 三通","个","待确认","材质/管件体系缺失"
"250","251","25内接","内接","工程材料/管件","规格: 25；连接: 内接","个","待确认","材质/管件体系缺失"
"259","260","金立克切割片","切割片","工具器具/磨切耗材","品牌: 金立克","片","待确认","规格直径/厚度缺失"
"263","264","20外丝","外丝接头","工程材料/管件","规格: 20；连接: 外丝","个","待确认","材质/管件体系缺失"
"266","267","二氧化碳","二氧化碳","焊接耗材/工业气体","气体: 二氧化碳","瓶","待确认","是气体充装还是钢瓶采购？"
"267","268","氧气","氧气","焊接耗材/工业气体","气体: 氧气","瓶","待确认","是气体充装还是钢瓶采购？"
"268","269","乙炔","乙炔","焊接耗材/工业气体","气体: 乙炔","瓶","待确认","是气体充装还是钢瓶采购？"
"269","270","大玻璃纸","玻璃纸","包装材料/薄膜纸类","规格: 大","米","待确认","材质/宽度缺失"
"274","275","定做窗帘","窗帘","装修材料/窗帘","定制: 是","平方","待确认","库存物料还是定制服务？材质缺失"
"277","278","加长液压高压接头","液压高压接头","液压/高压管路","特征: 加长；类型: 高压接头","个","待确认","规格/螺纹缺失"
"279","280","53高压重型接头","高压重型接头","液压/高压管路","规格: 53；类型: 重型接头","个","待确认","螺纹/接头形式缺失"
"283","284","电焊机快速接头","电焊机快速接头","焊接耗材/焊机配件","用途: 电焊机；类型: 快速接头","套","待确认","规格电流缺失"
"284","285","通针","通针","焊接耗材/焊割配件","类型: 通针","合","待确认","单位“合/盒”、规格缺失"
"285","286","插座底合","插座底盒","电气材料/插头插座","类型: 底盒","个","待确认","原文“底合”是否为“底盒”？规格缺失"
"287","288","三和玻璃胶","玻璃胶","化工耗材/胶粘剂","品牌: 三和；类型: 玻璃胶","支","待确认","中性/酸性、颜色缺失"
"288","289","DN13高压胶管","高压胶管","液压/高压管路","规格: DN13","条","待确认","压力等级/接头形式缺失"
"289","290","DN25高压胶管","高压胶管","液压/高压管路","规格: DN25","条","待确认","压力等级/接头形式缺失"
"290","291","接头","接头","工程材料/管件","规格缺失","个","待确认","名称过短，材质/规格/用途缺失"
"291","292","切片","切割片","工具器具/磨切耗材","类型: 切片/切割片","片","待确认","规格/材质缺失"
"293","294","加厚货架200*200*60*5层","加厚货架","办公仓储/货架","规格: 200*200*60；层数: 5层；特征: 加厚","米","待确认","单位“米”不合理，是否按组/套？"
"294","295","加厚货架200*150*50*5层","加厚货架","办公仓储/货架","规格: 200*150*50；层数: 5层；特征: 加厚","米","待确认","单位“米”不合理，是否按组/套？"
"310","311","3.2钻头","钻头","工具器具/工具配件","规格: 3.2","支","待确认","3.2 是 mm 直径？材质/用途缺失"
"314","315","加工40*70钢板","钢板","加工件/金属加工件","规格: 40*70；加工: 是","块","待确认","厚度/材质/图纸缺失"
"316","317","加厚货架200*200*60*5层","加厚货架","办公仓储/货架","规格: 200*200*60；层数: 5层；特征: 加厚","米","可合并/待确认","与第293行同物料；单位需确认"
"317","318","加厚货架200*150*50*5层","加厚货架","办公仓储/货架","规格: 200*150*50；层数: 5层；特征: 加厚","米","可合并/待确认","与第294行同物料；单位需确认"
"320","321","滤芯","滤芯","设备备件/滤芯","规格缺失","个","待确认","适用设备/型号缺失"
"321","322","二保焊分离器","二保焊分离器","焊接耗材/焊机配件","用途: 二保焊；类型: 分离器","个","待确认","规格/适配焊机缺失"
"325","326","施耐德380V63A漏保","漏电保护器","电气材料/低压电器","品牌: 施耐德；电压: 380V；电流: 63A","个","待确认","极数缺失"
"326","327","保险丝","保险丝","电气材料/电气辅材","规格缺失","个","待确认","电流/电压/尺寸缺失"
"327","328","玻璃胶","玻璃胶","化工耗材/胶粘剂","类型: 玻璃胶","个","可合并/待确认","与第218行同类；中性/酸性、颜色缺失"
"330","331","加工不锈钢外墙罩","不锈钢外墙罩","加工件/金属加工件","材质: 不锈钢；用途: 外墙罩；加工: 是","个","待确认","图纸/尺寸缺失"
"332","333","250不锈钢管","不锈钢管","金属材料/管材","材质: 不锈钢；规格: 250","米","待确认","壁厚/标准缺失"
"334","335","定做加厚油布","加厚油布","定制件/篷布油布","定制: 是；特征: 加厚","平方","待确认","材质/厚度/用途缺失"
"340","341","等离子调节器","等离子调节器","焊接耗材/等离子切割配件","类型: 调节器","个","待确认","适配型号缺失"
"344","345","110PVC胶水","PVC胶水","化工耗材/胶粘剂","材质/用途: PVC；规格: 110","个","待确认","110 是适用管径还是容量？"
"345","346","110直通","直通","工程材料/排水管件","规格: 110；类型: 直通","个","待确认","材质/管件体系缺失"
"346","347","玻璃胶","玻璃胶","化工耗材/胶粘剂","类型: 玻璃胶","支","可合并/待确认","与第218行同类，单位待统一"
"347","348","大胶水","胶水","化工耗材/胶粘剂","规格: 大","瓶","待确认","胶水类型/用途缺失"
"350","351","维修推进泵换铜线圈","推进泵维修更换铜线圈","服务/维修服务","设备: 推进泵；更换件: 铜线圈；类型: 维修","台","待确认","作为维修服务还是铜线圈备件？"
"353","354","固定器","固定器","五金备件/固定件","规格缺失","个","待确认","用途/规格缺失，不建议直接建档"
"354","355","缠绕固定器","缠绕固定器","五金备件/固定件","类型: 缠绕固定器","米","待确认","单位/用途/规格缺失"
"355","356","DN80*50内丝接头","内丝接头","工程材料/管件","规格: DN80*50；连接: 内丝","个","待确认","材质/管件体系缺失"
"357","358","4/3重型套筒双向扳手","重型套筒双向扳手","工具器具/手动工具","规格: 4/3；类型: 重型、双向","个","待确认","4/3 是否为 3/4 英寸？"
"365","366","40外丝","外丝接头","工程材料/管件","规格: 40；连接: 外丝","个","待确认","材质/管件体系缺失"
"367","368","三和喷漆","喷漆","化工耗材/涂料","品牌: 三和","支","待确认","颜色缺失"
"384","385","DN65*50大小头","异径直接","工程材料/管件","规格: DN65*50；类型: 大小头/异径","个","待确认","材质/管件体系缺失"
"385","386","20*16气管插头","气管插头","气动/高压管路","规格: 20*16；类型: 插头","个","待确认","接头形式/压力缺失"
"386","387","20*10气管插头","气管插头","气动/高压管路","规格: 20*10；类型: 插头","个","待确认","接头形式/压力缺失"
"387","388","树脂高压管","树脂高压管","气动/高压管路","材质: 树脂；类型: 高压管","米","待确认","规格/压力等级缺失"
"388","389","高压弯头","高压弯头","气动/高压管路","类型: 高压弯头","个","待确认","规格/材质/压力缺失"
"389","390","高压直通","高压直通","气动/高压管路","类型: 高压直通","个","待确认","规格/材质/压力缺失"
"390","391","高压铜接头","高压铜接头","气动/高压管路","材质: 铜；类型: 高压接头","个","待确认","规格/螺纹缺失"
"391","392","18*80CM建销","销轴","五金备件/销轴","规格: 18*80CM；原文: 建销","个","待确认","“建销”是否为“键销/销轴”？规格单位是否 cm？"
"408","409","DN40高压油管","高压油管","液压/高压管路","规格: DN40","条","待确认","压力等级/接头形式缺失"
"409","410","DN40加长高压弯头","加长高压弯头","液压/高压管路","规格: DN40；特征: 加长；类型: 弯头","个","待确认","接头形式/压力等级缺失"
"410","411","DN40加长高压直通","加长高压直通","液压/高压管路","规格: DN40；特征: 加长；类型: 直通","个","待确认","接头形式/压力等级缺失"
"411","412","DN40高压直通","高压直通","液压/高压管路","规格: DN40；类型: 直通","个","待确认","接头形式/压力等级缺失"
"412","413","DN40加长高压单向阀","高压单向阀","液压/高压管路","规格: DN40；特征: 加长；类型: 单向阀","个","待确认","压力等级/连接形式缺失"
"413","414","DN40压差发信器","压差发信器","液压/仪表传感器","规格: DN40；用途: 压差报警/发信","个","待确认","量程/接口/电气参数缺失"
"417","418","40*40高压厚直通","高压直通","液压/高压管路","规格: 40*40；特征: 加厚；类型: 直通","个","待确认","螺纹/压力等级缺失"
"425","426","高压油管","高压油管","液压/高压管路","类型: 油管","条","待确认","口径/压力/长度/接头缺失"
"426","427","高压油管加厚接头","高压油管接头","液压/高压管路","特征: 加厚；用途: 高压油管","个","待确认","规格/螺纹/压力等级缺失"
"427","428","25*70*90加长套筒","加长套筒","工具器具/手动工具","规格: 25*70*90；特征: 加长","个","待确认","驱动方孔规格/用途缺失"
"434","435","磨光机压头","磨光机压头","工具器具/电动工具配件","适用设备: 磨光机；类型: 压头","套","待确认","适配机型/规格缺失"
"439","440","100手铐万能扳手","万能扳手","工具器具/手动工具","规格/俗称: 100手铐","个","待确认","“手铐”是否为手扣/链条式？规格含义需确认"
"445","446","10号丝锥","丝锥","工具器具/工具配件","规格: 10号","付","待确认","应为 M10？牙距/材质缺失"
"452","453","65加厚比塔抱箍","加厚抱箍","工程材料/管道紧固","规格: 65；特征: 加厚；别名: 比塔抱箍","个","待确认","“比塔”含义/材质缺失"
"453","454","65加厚铜头","加厚铜接头","工程材料/管件","规格: 65；材质: 铜；特征: 加厚","个","待确认","连接形式/用途缺失"
"454","455","DN50*4SH高压油管","高压油管","液压/高压管路","规格: DN50；压力/层级: 4SH","条","待确认","长度/接头形式缺失"
"456","457","加工52加厚高压接头","高压加厚接头","定制件/液压接头","加工: 是；规格: 52；特征: 加厚","个","可合并/待确认","与第455行是否同物料需确认"
"457","458","16*4SH高压油管","高压油管","液压/高压管路","规格: 16；压力/层级: 4SH","根","待确认","长度/接头形式缺失"
"458","459","16高压接头","高压接头","液压/高压管路","规格: 16","个","待确认","螺纹/压力等级/形式缺失"
"459","460","3/8高压接头","高压接头","液压/高压管路","规格: 3/8","个","待确认","螺纹制式/压力等级缺失"
"472","473","三和喷漆","自喷漆","化工耗材/涂料","品牌: 三和；类型: 自喷漆","瓶","待确认","颜色/容量缺失"
"481","482","加工加厚活塞60加密封","活塞密封组件","定制件/设备备件","加工: 是；规格: 60；包含: 密封","个","待确认","适用设备/图纸/材质缺失"
"482","483","300KG压不锈钢液压钳","液压钳","工具器具/液压工具","压力: 300KG；材质: 不锈钢","台","待确认","300KG含义/型号缺失"
"484","485","不锈钢扣子","不锈钢扣","五金备件/通用五金","材质: 不锈钢","个","待确认","用途/规格/形状缺失"
"485","486","电池","电池","电气材料/电池","类型: 电池","个","待确认","型号/电压/容量缺失"
"488","489","小油泵高压转接头","高压转接头","液压/高压管路","适用设备: 小油泵；类型: 转接头","个","待确认","规格/螺纹/压力等级缺失"
"490","491","7#.8#自封袋","自封袋","包装材料/自封袋","规格: 7#、8#","个","待确认","一行含两个规格，建议拆分"
"497","498","青三和喷漆绿色","自喷漆","化工耗材/涂料","品牌: 三和；颜色: 青绿色；类型: 自喷漆","瓶","待确认","颜色应规范为青色还是绿色"
"501","502","配钥匙","配钥匙服务","服务费用/维修配套","类型: 配钥匙","把","待确认","应作为服务费用，不建议入库存物料"
"504","505","5.54w配件","设备配件","设备备件/未知配件","原始规格: 5.54w","套","待确认","名称无法识别，是否为5.5kW配件？适用设备缺失"
"505","506","52*4SH进口高压管","高压油管","液压/高压管路","规格: 52；压力/层级: 4SH；特征: 进口","米","待确认","接头形式/是否按米入库需确认"
"506","507","803百叶窗","百叶窗","工程材料/门窗五金","型号/规格: 803","个","待确认","尺寸/材质缺失"
"507","508","进口½x700KG高压油管","高压油管","液压/高压管路","规格: 1/2；压力: 700KG；特征: 进口","米","待确认","层级/接头形式/是否按米入库需确认"
"508","509","高压接头","高压接头","液压/高压管路","类型: 接头","个","待确认","规格/螺纹/压力等级缺失"
"509","510","100x160公斤抗震高压油表","抗震压力表","液压/仪表传感器","规格: 100；压力: 160公斤；类型: 抗震高压油表","个","待确认","表盘直径/接口规格/量程单位需确认"
"510","511","50x100公斤抗震高压油表","抗震压力表","液压/仪表传感器","规格: 50；压力: 100公斤；类型: 抗震高压油表","个","待确认","表盘直径/接口规格/量程单位需确认"
"514","515","6x4SH高压油管","高压油管","液压/高压管路","规格: 6；层级: 4SH","米","待确认","接头形式/压力等级/是否按米入库需确认"
"515","516","10x4SH高压油管","高压油管","液压/高压管路","规格: 10；层级: 4SH","米","待确认","接头形式/压力等级缺失"
"516","517","13x4SH高压油管","高压油管","液压/高压管路","规格: 13；层级: 4SH","米","待确认","接头形式/压力等级缺失"
"517","518","16x4SH高压油管","高压油管","液压/高压管路","规格: 16；层级: 4SH","米","可合并/待确认","与第457行同族，单位/接头需确认"
"518","519","25x4SH高压油管","高压油管","液压/高压管路","规格: 25；层级: 4SH","米","待确认","接头形式/压力等级缺失"
"519","520","进口450KG*32x4SH高压油管","高压油管","液压/高压管路","特征: 进口；压力: 450KG；规格: 32；层级: 4SH","米","待确认","接头形式/量程单位规范缺失"
"520","521","38x4SH高压油管","高压油管","液压/高压管路","规格: 38；层级: 4SH","米","待确认","接头形式/压力等级缺失"
"521","522","700KG进口*19x4SH高压油管","高压油管","液压/高压管路","特征: 进口；压力: 700KG；规格: 19；层级: 4SH","米","待确认","接头形式/量程单位规范缺失"
"539","540","M8树脂高压管","树脂高压管","液压/高压管路","规格: M8；材质: 树脂","条","待确认","压力等级/长度/接头缺失"
"541","542","进口52x4SH高压油管","高压油管","液压/高压管路","特征: 进口；规格: 52；层级: 4SH","米","可合并/待确认","与第505行同族，接头/压力需确认"
"542","543","20高压球阀","高压球阀","液压/阀门","规格: 20；类型: 球阀","个","待确认","压力等级/连接形式缺失"
"543","544","20高压接头","高压接头","液压/高压管路","规格: 20","个","待确认","螺纹/压力等级/形式缺失"
"544","545","进口不锈钢压钳机","不锈钢压钳机","工具器具/液压工具","特征: 进口；材质/用途: 不锈钢压接","台","待确认","型号/压力范围/适用管径缺失"
"547","548","加工1150三通带抱箍","三通抱箍","定制件/管路接头","加工: 是；规格: 1150；类型: 三通带抱箍","条","可合并/待确认","与第480行是否同物料需确认"
"549","550","施耐德变频器中文面板","变频器操作面板","电气材料/自动化备件","品牌: 施耐德；类型: 中文面板；适用设备: 变频器","台","待确认","适配变频器型号缺失"
"552","553","马桶抽吸","马桶抽吸服务","服务费用/维修清理","类型: 抽吸/疏通服务","个","待确认","应作为服务费用，不建议入库存物料"
"553","554","五点式欧式安全带","五点式安全带","劳保耗材/坠落防护","类型: 五点式；款式: 欧式","条","可合并/待确认","与第551行同物料，单位套/条需统一"
"555","556","蘑菇头进口油封","蘑菇头油封","设备备件/密封件","特征: 进口；适用部位: 蘑菇头","个","待确认","适用设备/尺寸/材质缺失"
"556","557","蘑菇头进口防尘圈","蘑菇头防尘圈","设备备件/密封件","特征: 进口；适用部位: 蘑菇头","个","待确认","适用设备/尺寸/材质缺失"
"563","564","三和喷漆","自喷漆","化工耗材/涂料","品牌: 三和；类型: 自喷漆","支","可合并/待确认","与第472行同物料，颜色/单位需确认"
"570","571","进口油管过滤器","油管过滤器","液压/过滤器","特征: 进口；用途: 油管过滤","个","待确认","型号/过滤精度/接口缺失"
"584","585","原装蘑菇头油封","蘑菇头油封","设备备件/密封件","特征: 原装；适用部位: 蘑菇头","个","可合并/待确认","与第555行是否同物料需确认"
"585","586","12板牙","板牙","工具器具/工具配件","规格: 12","套","待确认","是否为M12？牙距/制式缺失"
"586","587","14板牙","板牙","工具器具/工具配件","规格: 14","套","待确认","是否为M14？牙距/制式缺失"
"587","588","16板牙","板牙","工具器具/工具配件","规格: 16","套","待确认","是否为M16？牙距/制式缺失"
"588","589","18板牙","板牙","工具器具/工具配件","规格: 18","套","待确认","是否为M18？牙距/制式缺失"
"589","590","20板牙","板牙","工具器具/工具配件","规格: 20","套","待确认","是否为M20？牙距/制式缺失"
"590","591","22板牙","板牙","工具器具/工具配件","规格: 22","套","待确认","是否为M22？牙距/制式缺失"
"591","592","加工钢板打孔","钢板打孔服务","服务费用/加工服务","加工: 钢板打孔","个","待确认","更像加工服务，是否需按工序计费而非物料"
"595","596","利凯士利泵壳","泵壳","设备备件/泵类备件","品牌/适用设备: 利凯士利；类型: 泵壳","套","待确认","品牌文字是否准确/泵型号缺失"
"599","600","原装蘑菇头防尘圈","蘑菇头防尘圈","设备备件/密封件","特征: 原装；适用部位: 蘑菇头","个","可合并/待确认","与第556行是否同物料需确认"
"602","603","草坪贴纸","草坪贴纸","装饰/标识材料","类型: 草坪贴纸","米","待确认","用途/规格/材质不清"
"605","606","白色调和剂","调和剂","化工耗材/涂料辅料","颜色: 白色；类型: 调和剂","桶","待确认","是否为白色调和漆误写？用途/包装缺失"
"606","607","铆钉","铆钉","五金备件/紧固件","类型: 铆钉","合","待确认","单位疑似盒；规格/材质缺失"
"609","610","∅5亚克力板","亚克力板","原材料/塑料板材","厚度/规格: ∅5","平方","待确认","“∅5”是厚度5mm还是孔径5？"
"610","611","650KG压力油表管","压力油表管","液压/仪表管路","压力: 650KG；用途: 油表管","米","待确认","管径/接头/材质缺失"
"611","612","接头高压","高压接头","液压/高压管路","类型: 接头","个","待确认","规格/螺纹/压力等级缺失"
"612","613","加厚龙骨","龙骨","建筑材料/装饰型材","特征: 加厚","米","待确认","材质/规格/用途缺失"
"613","614","螺丝配件","螺丝配件","五金备件/紧固件","类型: 螺丝配件","件","待确认","名称过泛，规格/组成缺失"
"614","615","160KG压力油表","压力表","液压/仪表传感器","压力: 160KG；用途: 油压","个","待确认","表盘直径/接口/量程单位需确认"
"615","616","铜转接头","铜转接头","工程材料/管件","材质: 铜；类型: 转接头","个","待确认","规格/连接形式缺失"
"616","617","18*13高压直通","高压直通","液压/高压管路","两端规格: 18*13；类型: 直通","个","待确认","螺纹/压力等级缺失"
"617","618","20*18高压直通","高压直通","液压/高压管路","两端规格: 20*18；类型: 直通","个","待确认","螺纹/压力等级缺失"
"618","619","24*18高压直通","高压直通","液压/高压管路","两端规格: 24*18；类型: 直通","个","待确认","螺纹/压力等级缺失"
"619","620","熟胶加厚铺地毯","熟胶地毯","建筑材料/地面材料","材质: 熟胶；特征: 加厚；用途: 铺地","平方","待确认","厚度/宽度/材质标准缺失"
"630","631","得力电动工具38件","电动工具套装","工具器具/电动工具","品牌: 得力；套装数量: 38件","套","待确认","套装明细/型号缺失"
"631","632","水泵遥控","水泵遥控器","电气材料/自动化备件","适用设备: 水泵；类型: 遥控","套","待确认","电压/频率/适配控制器缺失"
"637","638","通针","通针","焊接耗材/焊割配件","类型: 通针","合","待确认","单位疑似盒；规格/用途缺失"
"639","640","15高压直通","高压直通","液压/高压管路","规格: 15；类型: 直通","个","待确认","螺纹/压力等级缺失"
"640","641","15*18H高压直通","高压直通","液压/高压管路","两端规格: 15*18H；类型: 直通","个","待确认","H含义/螺纹/压力等级缺失"
"641","642","15*24H高压直通","高压直通","液压/高压管路","两端规格: 15*24H；类型: 直通","个","待确认","H含义/螺纹/压力等级缺失"
"645","646","进口门锁","门锁","五金备件/锁具","特征: 进口","套","待确认","品牌/规格/用途缺失"
"646","647","3*3角铁","角钢","原材料/型钢","规格: 3*3","米","待确认","单位应为cm还是mm？厚度/材质缺失"
"647","648","6mm螺丝","螺丝","五金备件/紧固件","规格: 6mm","个","待确认","是否M6？长度/材质缺失"
"648","649","4.5.6mm垫片","垫片","五金备件/紧固件","规格: 4mm、5mm、6mm","个","待确认","一行含多个规格，建议拆分"
"650","651","20A4角插头","四脚插头","电气材料/插头插座","电流: 20A；类型: 4脚插头","个","待确认","“4角”是否为四脚/四孔需确认"
"658","659","伸缩杆","伸缩杆","安全设施/隔离设施","类型: 伸缩杆","支","待确认","用途/长度/配套底座缺失"
"659","660","单芯线","单芯线","电气材料/电线电缆","类型: 单芯线","米","待确认","截面积/颜色/线型缺失"
"663","664","25不锈钢卡扣","不锈钢卡扣","五金备件/通用五金","规格: 25；材质: 不锈钢","个","待确认","用途/连接形式缺失"
"664","665","2.1ASUB公牛插座","USB插座","电气材料/插头插座","品牌: 公牛；USB输出: 2.1A","套","待确认","“SUB”应为USB；安装方式缺失"
"665","666","线槽","线槽","电气材料/电缆附件","类型: 线槽","条","待确认","规格/材质/长度缺失"
"668","669","灯座","灯座","电气材料/照明","类型: 灯座","个","待确认","规格/E27等接口缺失"
"672","673","底合","底盒","电气材料/插头插座","类型: 底盒","个","待确认","“底合”应为底盒；规格缺失"
"674","675","维修推进泵换铜线圈","推进泵维修服务","服务费用/维修服务","服务: 维修推进泵；更换件: 铜线圈","个","待确认","若铜线圈单独管库存需拆为备件"
"675","676","维修电焊机","电焊机维修服务","服务费用/维修服务","服务: 维修电焊机","个","待确认","应作为维修服务，不建议入库存物料"
"676","677","热水器水阀","热水器水阀","工程材料/水暖五金","适用设备: 热水器；类型: 水阀","个","待确认","规格/材质/接口缺失"
"683","684","吊灯头","吊灯头","电气材料/照明","类型: 吊灯头","个","待确认","灯口规格/材质缺失"
"691","692","好地坪漆（灰黄緑）20KG","地坪漆面漆","化工耗材/涂料","品牌/系列: 好地坪漆；颜色: 灰/黄/绿；包装: 20KG","桶","待确认","一行含多个颜色，建议按颜色拆分"
"699","700","10厘螺母垫片","螺母垫片套装","五金备件/紧固件","规格: 10厘；组成: 螺母+垫片","套","待确认","建议拆为M10螺母和M10垫片"
"702","703","35六角钻尾螺丝","六角钻尾螺丝","五金备件/紧固件","规格: 35；类型: 六角钻尾","个","待确认","直径/长度表达不完整"
"704","705","88F锂电池","锂电池","电气材料/电池","型号: 88F；类型: 锂电池","个","待确认","电压/容量/适配工具缺失"
"709","710","好地坪漆（灰黄緑）20KG","地坪漆面漆","化工耗材/涂料","品牌/系列: 好地坪漆；颜色: 灰/黄/绿；包装: 20KG","桶","待确认","一行含多个颜色，建议按颜色拆分"
"716","717","LED120000照明灯+遥控+定时","LED照明灯","电气材料/照明","类型: LED；亮度/型号: 120000；包含: 遥控、定时","套","待确认","120000含义、功率、防护等级缺失"
"725","726","德高外墙腻子粉20KG","外墙腻子粉","建筑材料/腻子粉","品牌: 德高；用途: 外墙；包装: 20KG","KG","待确认","单位为KG但数量20，是否1包20KG需确认"
"726","727","108胶水20KG","108胶水","化工耗材/胶粘剂","型号: 108；包装: 20KG","KG","待确认","单位为KG但数量20，是否1桶20KG需确认"
"727","728","DN32注浆管","注浆管","工程材料/注浆材料","规格: DN32","米","待确认","源数据单位/数量错位，数量缺失"
"728","729","DN25加厚铜止回阀","铜止回阀","工程材料/阀门","规格: DN25；材质: 铜；特征: 加厚","个","待确认","源数据单位/数量错位，压力等级缺失"
"729","730","DN25接头","接头","工程材料/管件","规格: DN25","个","待确认","源数据单位/数量错位，材质/连接形式缺失"
"730","731","DN25外丝","外丝接头","工程材料/管件","规格: DN25；类型: 外丝","个","待确认","源数据单位/数量错位，材质缺失"
"731","732","DN32管打牙","管打牙服务","服务费用/加工服务","规格: DN32；工序: 打牙","个","待确认","更像加工服务；源数据单位/数量错位"
"732","733","7.5千瓦渣浆泵离合器","渣浆泵离合器","设备备件/泵类备件","适用设备: 渣浆泵；功率: 7.5kW；类型: 离合器","套","待确认","适配泵型号缺失"
"734","735","7.5*900转千瓦立式电机","立式电机","电气材料/电机","功率: 7.5kW；转速: 900转；安装: 立式","台","待确认","原文“7.5*900转千瓦”需规范，电压缺失"
"735","736","5.5千瓦高压泵头总成","高压泵头总成","设备备件/泵类备件","功率: 5.5kW；类型: 泵头总成","台","待确认","适用泵型号/材质缺失"
"743","744","洗漱用品","洗漱用品套装","行政后勤/生活用品","类型: 洗漱用品套装","套","待确认","套装明细缺失"
"747","748","64KG*32高压安全阀","高压安全阀","液压/阀门","压力: 64KG；规格: 32；类型: 安全阀","个","待确认","量程单位/连接形式缺失"
"748","749","36高压接头","高压接头","液压/高压管路","规格: 36","个","待确认","螺纹/压力等级/形式缺失"
"752","753","M36高压内丝直通","高压内丝直通","液压/高压管路","规格: M36；连接: 内丝；类型: 直通","个","待确认","压力等级/螺纹制式缺失"
"755","756","防水配电箱","防水配电箱","电气材料/配电箱","特征: 防水","个","待确认","尺寸/IP等级/材质缺失"
"756","757","2P施耐德漏电开关","漏电断路器","电气材料/低压电器","品牌: 施耐德；极数: 2P","个","待确认","电流/漏电动作电流缺失"
"757","758","5孔插座","五孔插座","电气材料/插头插座","类型: 五孔插座","个","可合并/待确认","与前文同类，品牌/电流缺失"
"758","759","5T地轮","地轮","吊装索具/行车配件","载荷: 5T；类型: 地轮","个","待确认","适用设备/轮径/材质缺失"
"762","763","公牛一体开关","一体开关","电气材料/开关","品牌: 公牛；类型: 一体开关","个","待确认","位数/电流/安装方式缺失"
"763","764","公牛插头","插头","电气材料/插头插座","品牌: 公牛","个","可合并/待确认","与前文同类，电流/脚数缺失"
"772","773","钻尾螺丝","钻尾螺丝","五金备件/紧固件","类型: 钻尾螺丝","合","待确认","单位疑似盒；规格缺失"
"776","777","加厚不锈钢球阀","不锈钢球阀","工程材料/阀门","材质: 不锈钢；特征: 加厚；类型: 球阀","个","待确认","规格/压力等级/连接形式缺失"
"779","780","釜头","斧头","工具器具/手动工具","类型: 斧头；原名: 釜头","把","待确认","原文是否为“斧头”错字需确认"
"780","781","棉被","棉被","行政后勤/生活用品","类型: 棉被","张","可合并/待确认","与第740行被子是否同物料需确认"
"783","784","电胶布","电工胶布","电气材料/电工耗材","类型: 电工胶布","个","可合并/待确认","单位建议卷；颜色/宽度缺失"
"786","787","乙炔","乙炔","焊接耗材/工业气体","类型: 乙炔","瓶","待确认","气体充装还是钢瓶采购需确认"
"788","789","灯管底座","灯管底座","电气材料/照明","类型: 灯管底座","个","待确认","适配灯管规格缺失"
"795","796","8*8镀锌方钢","镀锌方钢","原材料/型钢","规格: 8*8；表面: 镀锌","米","待确认","单位是cm还是mm？壁厚缺失"
"796","797","7*7镀锌方钢","镀锌方钢","原材料/型钢","规格: 7*7；表面: 镀锌","米","待确认","单位是cm还是mm？壁厚缺失"
"797","798","8*8镀锌角铁","镀锌角钢","原材料/型钢","规格: 8*8；表面: 镀锌","米","待确认","单位是cm还是mm？厚度缺失"
"798","799","4*4镀锌方钢","镀锌方钢","原材料/型钢","规格: 4*4；表面: 镀锌","米","待确认","单位是cm还是mm？壁厚缺失"
"801","802","报警器","报警器","安全设施/报警设备","类型: 报警器","个","待确认","用途/电压/声光类型缺失"
"803","804","800风镐钻头","风镐钻头","工具器具/工具配件","规格/型号: 800；适用设备: 风镐","支","待确认","具体规格/柄型缺失"
"804","805","DN13*4SH高压胶管","高压胶管","液压/高压管路","规格: DN13；层级: 4SH","米","可建档/待确认","接头形式/压力等级缺失"
"806","807","油漆","油漆","化工耗材/涂料","类型: 油漆","桶","待确认","颜色/类型/品牌/包装全部缺失"
"807","808","700*700*6方钢","方钢","原材料/型钢","规格: 700*700*6","米","待确认","规格不符合常见方钢表达，需确认是否70*70*6"
"808","809","DN19高压风管","高压风管","气动/高压管路","规格: DN19；用途: 风管","米","可建档/待确认","压力等级/接头形式缺失"
"809","810","接头","接头","工程材料/管件","类型: 接头","个","待确认","裸名不能建档，规格/材质/用途缺失"
"815","816","18尼龙线绳","尼龙绳","吊装索具/绳索","直径: 18；材质: 尼龙；类型: 线绳","米","可合并/待确认","与第690行是否同物料需确认"
"817","818","注浆管封口","注浆管封口","工程材料/注浆材料","适用物料: 注浆管；类型: 封口","个","待确认","适配规格/材质缺失"
"818","819","金属固定扣件","金属固定扣件","五金备件/通用五金","材质: 金属；类型: 固定扣件","个","待确认","规格/用途缺失"
"819","820","PVC导管","PVC导管","工程材料/PVC管件","材质: PVC；类型: 导管","米","待确认","规格/壁厚缺失"
"820","821","25*20三通","异径三通","工程材料/管件","规格: 25*20；类型: 三通","个","待确认","材质/连接形式缺失"
"838","839","M16微动开关总成","微动开关总成","电气材料/自动化备件","规格: M16；类型: 微动开关总成","个","待确认","适配设备/触点形式缺失"
"840","841","4*4镀锌方钢","镀锌方钢","原材料/型钢","规格: 4*4；表面: 镀锌","米","可合并/待确认","与第798行同物料，规格单位/壁厚缺失"
"842","843","LED灯适配器","LED灯适配器","电气材料/照明配件","适用设备: LED灯；类型: 适配器","个","待确认","输入/输出电压功率缺失"
"843","844","松木4*9*4木方","松木木方","建筑材料/模板木方","材质: 松木；规格: 4*9*4","米","待确认","规格单位/长度表达需确认"
"849","850","60*24加气混凝土砌砖","加气混凝土砌块","建筑材料/砌块砖","规格: 60*24；材质: 加气混凝土","块","待确认","厚度/强度等级缺失"
"851","852","汽油","汽油","化工耗材/燃料","类型: 汽油","升","待确认","标号/危险品管理要求缺失"
"853","854","红白棋","红白旗","安全设施/警示用品","颜色: 红白；原名: 红白棋","米","待确认","是否为红白旗/警示带错字需确认"
"854","855","将军帽","将军帽","工程材料/管件","类型: 将军帽","个","待确认","用途/规格/材质缺失"
"855","856","好緑草皮3.0","人工草皮","装饰/地面材料","品牌/系列: 好绿；规格: 3.0","平方","待确认","“緑”规范为绿；厚度/草高缺失"
"856","857","维修空调","空调维修服务","服务费用/维修服务","服务: 维修空调","次","待确认","服务项目明细缺失"
"857","858","氧气","氧气","焊接耗材/工业气体","类型: 氧气","瓶","待确认","气体充装还是钢瓶采购需确认"
"858","859","乙炔","乙炔","焊接耗材/工业气体","类型: 乙炔","瓶","待确认","气体充装还是钢瓶采购需确认"
"859","860","4.0钢管","钢管","原材料/钢管","规格: 4.0","米","待确认","外径/壁厚/材质缺失"
"860","861","厚模板","模板","建筑材料/模板木方","特征: 厚","张","待确认","尺寸/厚度/材质缺失"
"864","865","氧气","氧气","焊接耗材/工业气体","类型: 氧气","瓶","可合并/待确认","与第857行同物料，充装/钢瓶需确认"
"865","866","乙炔","乙炔","焊接耗材/工业气体","类型: 乙炔","瓶","可合并/待确认","与第858行同物料，充装/钢瓶需确认"
"866","867","6公分道路盖线板","道路盖线板","工程材料/道路材料","规格: 6公分","米","待确认","材质/用途/宽度缺失"
"872","873","对讲机充电器","对讲机充电器","电气材料/通讯设备配件","适用设备: 对讲机；类型: 充电器","个","待确认","适配型号/输入输出缺失"
"874","875","加工打牙","打牙加工服务","服务费用/加工服务","工序: 打牙","个","待确认","应作为加工服务，规格/对象缺失"
"875","876","接头","接头","工程材料/管件","类型: 接头","个","待确认","裸名不能建档，规格/材质/用途缺失"
"876","877","4.0电焊条","焊条","焊接耗材/焊材","直径: 4.0","箱","可合并/待确认","与第837行同物料，单位件/箱需换算"
"878","879","白色笔","记号笔","办公/标识耗材","颜色: 白色","支","可合并/待确认","是否白色记号笔需确认"
"880","881","4.0钢管脚手架","脚手架钢管","建筑材料/脚手架配件","规格: 4.0；用途: 脚手架","米","待确认","外径/壁厚/材质缺失"
"881","882","氧气","氧气","焊接耗材/工业气体","类型: 氧气","瓶","可合并/待确认","与第857行同物料，充装/钢瓶需确认"
"882","883","乙炔","乙炔","焊接耗材/工业气体","类型: 乙炔","瓶","可合并/待确认","与第858行同物料，充装/钢瓶需确认"
"883","884","大盒石笔","石笔","办公/标识耗材","包装: 大盒","合","待确认","单位疑似盒；每盒数量缺失"
"892","893","水泥钉","水泥钉","五金备件/紧固件","类型: 水泥钉","合","待确认","单位疑似盒；规格缺失"
"896","897","90C不锈钢弯头500","不锈钢90度弯头","工程材料/管件","材质: 不锈钢；角度: 90度；规格: 500","个","待确认","“90C”应为90度？口径/厚度缺失"
"897","898","不锈钢方弯头400","不锈钢方弯头","工程材料/管件","材质: 不锈钢；规格: 400；类型: 方弯头","个","待确认","尺寸/厚度/角度缺失"
"898","899","加长风管","加长风管","气动/高压管路","特征: 加长；类型: 风管","米","待确认","口径/压力/材质缺失"
"903","904","稀释剂","稀释剂","化工耗材/稀释清洗","类型: 稀释剂","个","待确认","单位应为桶/瓶？容量/品牌缺失"
"904","905","滚筒","滚筒刷","工具器具/涂装工具","类型: 滚筒刷","个","待确认","规格/材质缺失"
"905","906","毛刷","毛刷","工具器具/涂装工具","类型: 毛刷","个","待确认","规格/材质缺失"
"907","908","羊毛刷","羊毛刷","工具器具/涂装工具","材质: 羊毛","个","待确认","规格缺失"
"913","914","止水针头由头","止水针头配件","工程材料/堵漏注浆材料","类型: 由头/接头","个","待确认","“由头”含义需确认，规格缺失"
"916","917","518胶手套","胶手套","劳保耗材/手套","型号/别名: 518；类型: 胶手套","双","待确认","518含义/材质缺失"
"918","919","木杆子","木杆","建筑材料/木材","类型: 木杆","根","待确认","直径/长度/材质缺失"
"919","920","修理空调","空调维修服务","服务费用/维修服务","服务: 修理空调","台","待确认","应按服务费用管理，服务明细缺失"
"921","922","铁丝","铁丝","五金备件/金属丝材","类型: 铁丝","KG","待确认","规格号/材质/镀锌缺失"
"925","926","扎丝","扎丝","五金备件/金属丝材","类型: 扎丝","件","待确认","丝径/长度/包装缺失"
"926","927","6公分道路盖线板","道路盖线板","工程材料/道路材料","规格: 6公分","米","可合并/待确认","与第866行同物料，材质/宽度缺失"
"927","928","五点式安全带","五点式安全带","劳保耗材/坠落防护","类型: 五点式","套","可合并/待确认","与第551行同类，标准/载荷缺失"
"931","932","焊刚净化器","焊烟净化器","设备/环保设备","用途: 焊烟净化；原名: 焊刚净化器","台","待确认","是否为焊烟净化器错字？风量/功率缺失"
"933","934","6mm钢丝绳6米","钢丝绳","吊装索具/钢丝绳","直径: 6mm；长度: 6米","根","可合并/待确认","与第476行同族，端头形式缺失"
"935","936","304防坠网固定机","防坠网固定件","安全设施/防护网配件","材质: 304；用途: 防坠网固定","个","待确认","“固定机”是否为固定件？规格缺失"
"936","937","乙炔","乙炔","焊接耗材/工业气体","类型: 乙炔","瓶","可合并/待确认","充装/钢瓶需确认"
"942","943","50绿色软管","绿色软管","工程材料/软管","规格: 50；颜色: 绿色","米","待确认","材质/压力等级缺失"
"946","947","3000目阻燃高密绿色网","阻燃安全网","安全设施/防护网","规格: 3000目；特征: 阻燃、高密；颜色: 绿色","个","待确认","单位是否应为平方/张？尺寸缺失"
"947","948","氧气","氧气","焊接耗材/工业气体","类型: 氧气","瓶","可合并/待确认","充装/钢瓶需确认"
"948","949","乙炔","乙炔","焊接耗材/工业气体","类型: 乙炔","瓶","可合并/待确认","充装/钢瓶需确认"
"949","950","5x5*0.6角铁","角钢","原材料/型钢","规格: 5*5*0.6","米","待确认","单位是cm还是mm？材质缺失"
"954","955","加厚照色分配电箱","分配电箱","电气材料/配电箱","特征: 加厚；原名: 照色分配电箱","个","待确认","“照色”含义不清，尺寸/IP等级缺失"
"960","961","50*50国标角铁","角钢","原材料/型钢","规格: 50*50；标准: 国标","米","待确认","厚度缺失，是否50*50*6需确认"
"962","963","乙炔","乙炔","焊接耗材/工业气体","类型: 乙炔","瓶","可合并/待确认","充装/钢瓶需确认"
"963","964","氧气","氧气","焊接耗材/工业气体","类型: 氧气","瓶","可合并/待确认","充装/钢瓶需确认"
"965","966","10*50/40扎带","扎带","电气材料/扎带","规格: 10*50、10*40","包","待确认","一行含两个规格，建议拆分"
"969","970","定做双层棉窗","双层棉窗","定制件/门窗制品","定制: 是；结构: 双层；材质/填充: 棉","块","待确认","尺寸/用途/图纸缺失"
"971","972","单项三插","单相三插","电气材料/插头插座","相数: 单相；类型: 三插","个","待确认","“单项”应为单相，电流缺失"
"972","973","三项四插","三相四插","电气材料/插头插座","相数: 三相；类型: 四插","个","待确认","“三项”应为三相，电流缺失"
"981","982","维修空调加氟","空调维修加氟服务","服务费用/维修服务","服务: 维修空调；项目: 加氟","次","待确认","应作为服务费用；制冷剂类型缺失"
"982","983","换铜管","换铜管服务","服务费用/维修服务","服务: 更换铜管","米","待确认","若铜管入库需拆备件，否则按服务"
"985","986","加厚道路地槽","道路地槽","工程材料/道路材料","特征: 加厚","米","待确认","材质/规格/用途缺失"
"988","989","人行道闸开关","道闸开关","电气材料/安防门禁","适用设备: 人行道闸；类型: 开关","套","待确认","型号/控制方式缺失"
"990","991","混凝土抗压试膜","混凝土抗压试模","工具器具/检测器具","用途: 混凝土抗压试验；原名: 试膜","个","待确认","应为试模？尺寸缺失"
"992","993","3.0草皮加厚","人工草皮","装饰/地面材料","规格: 3.0；特征: 加厚","平方","可合并/待确认","与第855行是否同物料需确认"
"994","995","水泵叶轮","水泵叶轮","设备备件/泵类备件","适用设备: 水泵；类型: 叶轮","套","待确认","泵型号/材质/尺寸缺失"
"1001","1002","温度计","温度计","工具器具/测量工具","类型: 温度计","个","待确认","量程/精度/形式缺失"
"1002","1003","5*4安全警示带","安全警示带","安全设施/警示用品","规格: 5*4","米","待确认","宽度/颜色/材质缺失"
"1008","1009","5.5*5二线槽","线槽","电气材料/电缆附件","规格: 5.5*5；类型: 二线槽","米","待确认","材质/尺寸单位缺失"
"1009","1010","软管","软管","工程材料/软管","类型: 软管","个","待确认","裸名不能建档，规格/材质/长度缺失"
"1011","1012","水带100","消防水带","消防器材/水带","规格: 100","米","待确认","口径/压力等级/材质缺失"
"1016","1017","黑黄幻光胶带","黑黄警示胶带","安全设施/警示用品","颜色: 黑黄；原名: 幻光胶带","米","待确认","是否为反光/警示胶带需确认"
"1018","1019","高压软管压头","高压软管压头","液压/高压管路","适用: 高压软管；类型: 压头","套","待确认","规格/压力等级缺失"
"1024","1025","发泡剂","发泡剂","化工耗材/填缝剂","类型: 发泡剂","KG","待确认","常见单位为支/瓶，包装和用途需确认"
"1032","1033","大号子扫把","大号扫把","劳保耗材/清洁工具","规格: 大号；原名: 大号子扫把","支","待确认","“子扫把”是否错字需确认"
"1037","1038","手套","手套","劳保耗材/手套","类型: 手套","双","待确认","裸名，材质/用途缺失"
"1038","1039","518手套","518手套","劳保耗材/手套","型号/别名: 518","双","可合并/待确认","与第916行同类，材质缺失"
"1039","1040","氧气","氧气","焊接耗材/工业气体","类型: 氧气","瓶","可合并/待确认","充装/钢瓶需确认"
"1040","1041","乙炔","乙炔","焊接耗材/工业气体","类型: 乙炔","瓶","可合并/待确认","充装/钢瓶需确认"
"1043","1044","加工窗帘","窗帘加工服务","服务费用/加工服务","服务: 窗帘加工","平方","待确认","若成品窗帘入库需拆为定制件"
"1044","1045","窗帘机子","窗帘电机","行政后勤/设施配件","用途: 窗帘；类型: 电机/机子","套","待确认","“机子”具体类型/型号缺失"
"1045","1046","4千瓦喷淋","喷淋设备","设备/环保喷淋设备","功率: 4kW","台","待确认","是喷淋泵还是整套喷淋设备需确认"
"1047","1048","3010自动喷头好","自动喷头","工程材料/喷淋配件","型号: 3010；类型: 自动喷头","个","待确认","“好”疑似多余字，规格/材质缺失"
"1048","1049","大胶椎","大胶锥","工具器具/通用工具","材质: 橡胶；规格: 大号；原名: 大胶椎","个","待确认","是否为胶锥/胶锤需确认"
"1049","1050","502水块","502水块","行政后勤/临时消耗品","原名: 502水块","块","待确认","名称无法识别，是否冰块/水块？"
"1050","1051","32热熔胶接头","热熔接头","工程材料/PPR管件","规格: 32；连接: 热熔","个","待确认","“胶接头”材质/品牌需确认"
"1059","1060","18位锁盘 牌","锁盘牌","安全设施/锁具管理","规格: 18位；类型: 锁盘/牌","个","待确认","名称含空格，具体用途需确认"
"1071","1072","18位挂锁","挂锁","五金备件/锁具","规格/管理位数: 18位","个","待确认","是挂锁还是18位锁盘配套？"
"1073","1074","大冰块","冰块","行政后勤/临时消耗品","规格: 大号","个","可合并/待确认","与50kg冰块是否同物料需确认"
"1074","1075","马路切割机维修","马路切割机维修服务","服务费用/维修服务","服务: 维修马路切割机","次","待确认","服务内容/更换件缺失"
"1075","1076","玻璃胶","玻璃胶","化工耗材/胶粘剂","类型: 玻璃胶","支","可合并/待确认","与第536行同类，颜色/酸性中性缺失"
"1078","1079","60加气砖","加气混凝土砌块","建筑材料/砌块砖","规格: 60","块","待确认","完整尺寸/强度等级缺失"
"1079","1080","白磨砂贴膜90","磨砂贴膜","装饰/贴膜材料","颜色: 白色；类型: 磨砂；规格: 90","米","待确认","宽度单位/材质缺失"
"1082","1083","浅灰色碳泥","碳泥","化工耗材/修补材料","颜色: 浅灰色；类型: 碳泥","KG","待确认","材料用途/品牌/配套固化剂缺失"
"1083","1084","固化剂","固化剂","化工耗材/涂料辅料","类型: 固化剂","KG","待确认","配套材料/体系缺失，不能泛化合并"
"1084","1085","线管","线管","电气材料/电缆附件","类型: 线管","米","待确认","规格/材质缺失"
"1085","1086","弯头","弯头","工程材料/管件","类型: 弯头","个","待确认","裸名不能建档，规格/材质/角度缺失"
"1087","1088","施耐德4p250\\4300漏保","漏电断路器","电气材料/低压电器","品牌: 施耐德；极数: 4P；规格: 250/4300","个","待确认","型号写法需确认，漏电参数缺失"
"1093","1094","加厚气泡膜100米","气泡膜","包装材料/缓冲包装","特征: 加厚；长度: 100米","个","可合并/待确认","与第512行同类，宽度/单位需确认"
"1103","1104","好地坪面漆","地坪漆面漆","化工耗材/涂料","品牌/系列: 好地坪；类型: 面漆","桶","可合并/待确认","与第691行同体系，颜色/包装缺失"
"1104","1105","固化剂面漆","地坪漆面漆固化剂","化工耗材/涂料辅料","用途: 面漆固化剂","kg","可合并/待确认","与第692行同类，配比/品牌缺失"
"1111","1112","3m电胶布","电工胶布","电气材料/电工耗材","品牌/长度: 3m；类型: 电胶布","卷","待确认","3m 是品牌3M还是长度3米需确认"
"1113","1114","公元40pvl给水弯头","PVC给水弯头","工程材料/PVC管件","品牌: 公元；规格: 40；类型: 弯头","个","待确认","`pvl` 是否为 PVC 误写；角度缺失"
"1114","1115","公元直通","直通","工程材料/PVC管件","品牌: 公元；类型: 直通","个","待确认","规格/材质缺失"
"1115","1116","弯头带检查口","检查口弯头","工程材料/PVC管件","类型: 弯头；特征: 带检查口","个","待确认","规格/材质/角度缺失"
"1120","1121","胶水","胶水","化工耗材/胶粘剂","类型: 胶水","瓶","待确认","裸名，品牌/型号/用途缺失"
"1125","1126","定做玻璃窗","玻璃窗","定制件/门窗制品","定制: 是；类型: 玻璃窗","个","可合并/待确认","与第1197行同类，尺寸/材质缺失"
"1126","1127","50×40补心","补心","工程材料/管件","规格: 50*40；类型: 补心/异径","个","待确认","材质/连接形式缺失"
"1127","1128","50检查口弯头","检查口弯头","工程材料/PVC管件","规格: 50；特征: 带检查口","个","待确认","材质/角度缺失"
"1128","1129","厚床垫","床垫","行政后勤/生活用品","特征: 厚","张","可合并/待确认","与第739行同类，尺寸缺失"
"1129","1130","生活用品十件","生活用品套装","行政后勤/生活用品","套装数量: 十件","套","待确认","套装明细缺失"
"1130","1131","定做窗帘","窗帘","定制件/装饰用品","定制: 是；类型: 窗帘","平方","可合并/待确认","与第1043行同类，尺寸/材质缺失"
"1132","1133","吊灯头","吊灯头","电气材料/照明","类型: 吊灯头","个","可合并/待确认","与第683行同类，灯口规格缺失"
"1133","1134","4×9木方","木方","建筑材料/模板木方","规格: 4*9","米","可建档/待确认","规格单位/材质缺失"
"1137","1138","起帆2.5平方电线","电线","电气材料/电线电缆","品牌: 起帆；截面积: 2.5平方","米","可合并/待确认","与BV2.5是否同物料需确认"
"1138","1139","明装底合","明装底盒","电气材料/插头插座","安装: 明装；类型: 底盒","个","待确认","“底合”应为底盒；规格缺失"
"1139","1140","墙纸（优质强纸）","墙纸","装饰/墙面材料","品质: 优质；原名: 强纸","米","待确认","材质/宽度/“强纸”含义需确认"
"1141","1142","创可贴","创可贴","劳保耗材/急救用品","类型: 创可贴","盒","可合并/待确认","与第1193行单位盒/张需统一"
"1144","1145","三和喷漆","自喷漆","化工耗材/涂料","品牌: 三和；类型: 自喷漆","支","待确认","颜色/容量缺失"
"1145","1146","公元110胶管","胶管","工程材料/软管","品牌: 公元；规格: 110","米","待确认","材质/用途/压力等级缺失"
"1148","1149","胶水","胶水","化工耗材/胶粘剂","类型: 胶水","个","待确认","单位/型号/用途缺失"
"1154","1155","2.44×1.22×3cm合板","合板","建筑材料/板材","尺寸: 2.44*1.22；厚度: 3cm","平方","待确认","单位按平方还是张需统一"
"1155","1156","起帆2.5㎡电线","电线","电气材料/电线电缆","品牌: 起帆；截面积: 2.5平方","米","可合并/待确认","`㎡`应为平方毫米写法，线型/颜色缺失"
"1156","1157","起帆4㎡电线","电线","电气材料/电线电缆","品牌: 起帆；截面积: 4平方","米","可合并/待确认","`㎡`应规范为平方毫米，线型/颜色缺失"
"1157","1158","起帆6㎡电线","电线","电气材料/电线电缆","品牌: 起帆；截面积: 6平方","米","可合并/待确认","`㎡`应规范为平方毫米，线型/颜色缺失"
"1172","1173","4kg灭火器","灭火器","消防器材/灭火器","容量: 4kg","套","可合并/待确认","与第996行同类，单位支/套需统一，类型缺失"
"1173","1174","重灭火器箱子","灭火器箱","消防器材/消防箱","特征: 重型；用途: 灭火器","个","待确认","“重”含义/尺寸缺失"
"1174","1175","加工钢板","钢板加工件","定制件/金属加工件","加工: 是；类型: 钢板","块","待确认","尺寸/材质/图纸缺失"
"1183","1184","1.2药性焊丝","药芯焊丝","焊接耗材/焊材","直径: 1.2；原名: 药性焊丝","件","待确认","是否为药芯焊丝错字？牌号缺失"
"1184","1185","1米路锥将军帽","路锥","安全设施/交通标识","高度: 1米；别名/配件: 将军帽","个","待确认","“将军帽”是路锥款式还是配件需确认"
"1185","1186","伸缩管","伸缩管","工程材料/软管","类型: 伸缩管","个","待确认","规格/材质/长度缺失"
"1186","1187","袋子","袋子","包装材料/袋类","类型: 袋子","个","待确认","裸名不能建档，规格/材质缺失"
"1187","1188","3*2.5电缆线","电缆线","电气材料/电线电缆","规格: 3*2.5","米","可合并/待确认","与第826行同类，品牌/型号缺失"
"1192","1193","创可贴","创可贴","劳保耗材/急救用品","类型: 创可贴","张","可合并/待确认","与第1141行单位盒/张需换算"
"1196","1197","定做玻璃窗","玻璃窗","定制件/门窗制品","定制: 是；类型: 玻璃窗","个","可合并/待确认","与第1125行同类，尺寸缺失"
"1197","1198","大盒石笔","石笔","办公/标识耗材","包装: 大盒","合","待确认","单位疑似盒，每盒数量缺失"
"1198","1199","64mm*1960nl钢丝绳","钢丝绳","吊装索具/钢丝绳","直径: 64mm；规格: 1960nl","米","待确认","`nl`含义需确认，强度/结构缺失"
"1200","1201","3000目阻燃安全网","阻燃安全网","安全设施/防护网","规格: 3000目；特征: 阻燃","米","可合并/待确认","与第946行同类，单位米/个需统一"
"1203","1204","万能遥控","万能遥控器","行政后勤/设施配件","类型: 万能遥控","个","待确认","适用设备缺失"
"1204","1205","厚不锈钢烟筒","不锈钢烟筒","工程材料/通风排烟","材质: 不锈钢；特征: 厚","个","待确认","直径/长度/厚度缺失"
"1205","1206","5mm橡胶","橡胶板/橡胶","原材料/橡胶材料","厚度: 5mm；材质: 橡胶","kg","待确认","是橡胶板还是胶料？尺寸缺失"
"1206","1207","五孔插座","五孔插座","电气材料/插头插座","类型: 五孔插座","个","可合并/待确认","与第757行同类，品牌/电流缺失"
"1207","1208","线槽","线槽","电气材料/电缆附件","类型: 线槽","米","待确认","规格/材质缺失"
"1209","1210","镀锌方钢","镀锌方钢","原材料/型钢","表面: 镀锌","米","待确认","裸名，规格/壁厚缺失"
"1210","1211","30W快充USV插座","USB快充插座","电气材料/插头插座","功率: 30W；功能: 快充；原名: USV","个","待确认","`USV`是否为USB误写，电压/接口缺失"
"1211","1212","透明胶布100米","透明胶带","包装材料/胶带","颜色: 透明；长度: 100米","个","待确认","单位个/卷需统一，宽度缺失"
"1212","1213","办公室多功能椅","办公椅","行政后勤/办公家具","用途: 办公室；类型: 多功能椅","个","可合并/待确认","与第1086行同类，单位建议把"
"1214","1215","89*16KG法兰片","法兰片","工程材料/管件","规格: 89；压力: 16KG；类型: 法兰片","个","待确认","压力单位/材质/孔距缺失"
"1221","1222","18厘绳子","绳子","吊装索具/绳索","直径: 18mm","个","待确认","材质/单位是否应为米需确认"
"1222","1223","电焊眼镜","电焊眼镜","劳保耗材/眼面防护","用途: 电焊防护","个","可合并/待确认","与第594行同物料，单位副/个需统一"
"1227","1228","定做159加厚钢抱箍","钢抱箍","定制件/管路接头","定制: 是；规格: 159；材质: 钢；特征: 加厚","个","可合并/待确认","与第1216行是否同物料需确认"
"1228","1229","定做89加厚钢抱箍","钢抱箍","定制件/管路接头","定制: 是；规格: 89；材质: 钢；特征: 加厚","个","可合并/待确认","与第1217行是否同物料需确认"
"1229","1230","回力雨鞋高班","高筒雨鞋","劳保耗材/足部防护","品牌: 回力；原名: 高班；类型: 雨鞋","双","待确认","“高班”是否为高帮/高筒错字，尺码缺失"
"1234","1235","1米路锥将军帽","路锥","安全设施/交通标识","高度: 1米；别名/配件: 将军帽","个","可合并/待确认","与第1184行同物料，含义仍需确认"
"1235","1236","伸缩管","伸缩管","工程材料/软管","类型: 伸缩管","个","可合并/待确认","与第1185行同物料，规格缺失"
"1241","1242","3*1.5电缆线","电缆线","电气材料/电线电缆","规格: 3*1.5","米","可合并/待确认","与第785行同类，品牌/型号缺失"
"1242","1243","回力雨鞋高班","高筒雨鞋","劳保耗材/足部防护","品牌: 回力；原名: 高班","双","可合并/待确认","与第1229行同物料，尺码缺失"
"1247","1248","89加厚抱箍","抱箍","工程材料/管道紧固","规格: 89；特征: 加厚","个","可合并/待确认","与89钢抱箍是否同物料需确认"
"1249","1250","1.22*2.44*3模板","模板","建筑材料/模板木方","尺寸: 1.22*2.44；厚度: 3","张","可合并/待确认","与黑模板/合板是否同类需确认"
"1250","1251","黄沙","黄砂","建筑材料/水泥砂石","类型: 黄砂","吨方","待确认","单位“吨方”需清洗为吨或方"
"1251","1252","20寸钢筋","钢筋","原材料/钢筋","规格: 20寸","根","待确认","是否为20mm钢筋？长度缺失"
"1255","1256","二氧化碳","二氧化碳","焊接耗材/工业气体","类型: 二氧化碳","瓶","待确认","气体充装还是钢瓶采购需确认"
"1258","1259","80mm塑料框盖","塑料框盖","行政后勤/通用用品","规格: 80mm；材质: 塑料","套","待确认","用途/适配容器缺失"
"1264","1265","10寸水平管","水平管","工具器具/测量工具","规格: 10寸","米","待确认","是透明水平管还是管材？材质缺失"
"1265","1266","公牛8孔排杆","公牛8孔排插","电气材料/插头插座","品牌: 公牛；孔位: 8孔；原名: 排杆","米","待确认","是否为排插？单位米不合理需确认"
"1268","1269","好劳保鞋","劳保鞋","劳保耗材/足部防护","品质: 好；类型: 劳保鞋","双","待确认","规格/防护标准/尺码缺失"
"1270","1271","10*1.5米厘镀锌铁链","镀锌铁链","吊装索具/链条","规格: 10；长度: 1.5米；表面: 镀锌","条","待确认","“米厘”含义需确认，载荷缺失"
"1272","1273","15*3厘软水管厚","软水管","工程材料/软管","规格: 15*3厘；特征: 厚","米","待确认","材质/压力等级缺失"
"1273","1274","4kg灭火器","灭火器","消防器材/灭火器","容量: 4kg","个","可合并/待确认","与第1172行同类，单位/类型需统一"
"1276","1277","混泥土脱剂","混凝土脱模剂","化工耗材/脱模剂","用途: 混凝土；原名: 混泥土脱剂","桶","待确认","是否为混凝土脱模剂错字？品牌/容量缺失"
"1278","1279","二保电焊维修","二保焊机维修服务","服务费用/维修服务","服务: 二保电焊维修","台","待确认","应作为维修服务，更换件缺失"
"1286","1287","网线","网线","电气材料/弱电材料","类型: 网线","米","待确认","类别/Cat等级/品牌缺失"
"1288","1289","81cm塑料盖","塑料盖","行政后勤/通用用品","规格: 81cm；材质: 塑料","个","待确认","适配容器/用途缺失"
"1289","1290","加工镀锌管","镀锌管加工件","定制件/钢管加工件","加工: 是；表面: 镀锌","根","待确认","规格/长度/加工要求缺失"
"1290","1291","6分弯头","弯头","工程材料/管件","规格: 6分；类型: 弯头","个","待确认","材质/连接形式缺失"
"1291","1292","6分直通","直通","工程材料/管件","规格: 6分；类型: 直通","个","待确认","材质/连接形式缺失"
"1292","1293","6分三通","三通","工程材料/管件","规格: 6分；类型: 三通","个","待确认","材质/连接形式缺失"
"1293","1294","钢筋接盖子","钢筋接头盖","工程材料/钢筋连接件","用途: 钢筋接头；类型: 盖子","个","待确认","名称不清，适配规格缺失"
"1297","1298","4-8位电位箱","等电位箱","电气材料/配电箱","规格: 4-8位；原名: 电位箱","个","待确认","是否为等电位箱？尺寸缺失"
"1299","1300","25弯头","PVC弯头","电气材料/电缆附件","规格: 25；类型: 弯头","个","可建档/待确认","上下文推断为PVC线管配件，材质需确认"
"1300","1301","25管卡","管卡","电气材料/电缆附件","规格: 25；类型: 管卡","个","可建档/待确认","上下文推断为PVC线管配件，材质需确认"
"1301","1302","25直通","PVC直通","电气材料/电缆附件","规格: 25；类型: 直通","个","可建档/待确认","上下文推断为PVC线管配件，材质需确认"
"1303","1304","世达多功能拨线钳","剥线钳","工具器具/电工工具","品牌: 世达；功能: 多功能；原名: 拨线钳","个","待确认","是否为剥线钳错字？规格缺失"
"1306","1307","一次性雨衣加厚","一次性雨衣","劳保耗材/雨具","类型: 一次性；特征: 加厚","件","可合并/待确认","与第824行同类，单位套/件需统一"
"1313","1314","165*59烧焊弯头","焊接弯头","工程材料/管件","规格: 165*59；连接: 烧焊/焊接","个","待确认","材质/角度/壁厚缺失"
"1314","1315","加工无缝管","无缝管加工件","定制件/钢管加工件","加工: 是；类型: 无缝管","根","待确认","规格/长度/加工要求缺失"
"1316","1317","75*75加厚方管","方管","原材料/型钢","规格: 75*75；特征: 加厚","根","待确认","壁厚/长度/材质缺失"
"1317","1318","上海电力锁钥匙","电力锁钥匙","五金备件/锁具","品牌/用途: 上海电力锁；类型: 钥匙","个","待确认","锁具型号/钥匙编号缺失"
"1318","1319","20万太阳能灯","太阳能灯","电气材料/照明","规格/亮度: 20万；供电: 太阳能","套","待确认","20万含义、功率/电池缺失"
"1325","1326","施耐德4p250漏保","漏电断路器","电气材料/低压电器","品牌: 施耐德；极数: 4P；电流: 250A","个","可合并/待确认","与第1087/1353行同候选，型号缺失"
"1326","1327","防水盒","防水盒","电气材料/配电附件","特征: 防水","个","待确认","尺寸/IP等级/用途缺失"
"1327","1328","25铁钩","铁钩","五金备件/通用五金","规格: 25；材质: 铁","个","待确认","形状/载荷/用途缺失"
"1328","1329","气管接头","气管接头","气动/高压管路","适用: 气管；类型: 接头","套","待确认","规格/接口形式缺失"
"1330","1331","二氧化碳","二氧化碳","焊接耗材/工业气体","类型: 二氧化碳","瓶","可合并/待确认","与第1255行同物料，充装/钢瓶需确认"
"1331","1332","氧气","氧气","焊接耗材/工业气体","类型: 氧气","瓶","可合并/待确认","充装/钢瓶需确认"
"1336","1337","加工无缝管","无缝管加工件","定制件/钢管加工件","加工: 是；类型: 无缝管","根","可合并/待确认","与第1314行同类，规格缺失"
"1341","1342","埃美柯50寸铜单向阀","铜单向阀","工程材料/阀门","品牌: 埃美柯；规格: 50；材质: 铜；类型: 单向阀","个","待确认","“50寸”是否为50口径误写，连接形式缺失"
"1344","1345","10钢丝绳","钢丝绳","吊装索具/钢丝绳","规格/直径: 10","米","待确认","单位mm？结构/强度缺失"
"1347","1348","10厘卡扣","卡扣","吊装索具/连接件","规格: 10厘","个","可合并/待确认","与第1271行卡环是否同类需确认"
"1349","1350","380v-25v华峰插头","工业插头","电气材料/插头插座","品牌: 华峰；电压: 380V；规格: 25","个","待确认","`25v`是否为25A误写，极数/IP缺失"
"1350","1351","380v-25 插座","工业插座","电气材料/插头插座","电压: 380V；规格: 25","个","待确认","25是否为25A，品牌/极数缺失"
"1352","1353","施耐德4p250A漏电","漏电断路器","电气材料/低压电器","品牌: 施耐德；极数: 4P；电流: 250A","个","可合并/待确认","与第1325行同候选，型号缺失"
"1353","1354","进口高帮劳保鞋","高帮劳保鞋","劳保耗材/足部防护","特征: 进口、高帮","双","可合并/待确认","与第738行同类，尺码缺失"
"1354","1355","45升不锈钢高压泵头","高压泵头","设备备件/泵类备件","容量/流量: 45升；材质: 不锈钢","个","待确认","适用泵型号/压力缺失"
"1357","1358","12寸铁丝","铁丝","五金备件/金属丝材","原始规格: 12寸","kg","待确认","是否为12号铁丝误写？"
"1367","1368","10寸B槽钢","槽钢","原材料/型钢","规格: 10寸B","米","待确认","是否10#B型槽钢？材质缺失"
"1368","1369","AB62-63/3漏保","漏电断路器","电气材料/低压电器","型号: AB62-63/3；类型: 漏保","个","待确认","品牌/极数/电流需确认"
"1374","1375","1.5*6花纹钢板","花纹钢板","原材料/钢板","规格: 1.5*6；类型: 花纹钢板","平方","待确认","1.5*6含义/厚度/材质缺失"
"1375","1376","14寸铁丝","铁丝","五金备件/金属丝材","原始规格: 14寸","kg","待确认","是否为14号铁丝误写？"
"1379","1380","加工钢管带牙","带牙钢管加工件","定制件/钢管加工件","加工: 是；工序: 带牙","根","待确认","规格/长度/牙型缺失"
"1381","1382","1寸38不锈钢骑马卡","不锈钢骑马卡","五金备件/管道紧固","规格: 1寸/38；材质: 不锈钢","个","待确认","1寸与38关系需确认"
"1389","1390","22弹垫平垫","弹垫平垫套装","五金备件/紧固件","规格: 22；组成: 弹垫+平垫","个","待确认","建议拆成M22弹垫和M22平垫"
"1390","1391","加工3*300铁管","铁管加工件","定制件/钢管加工件","加工: 是；规格: 3*300","根","待确认","规格含义/材质/图纸缺失"
"1392","1393","80厚钢头","厚钢头","工程材料/管件","规格: 80；材质: 钢；特征: 厚","个","待确认","“钢头”具体类型/连接方式缺失"
"1393","1394","80厚贝壳扣","贝壳扣","工程材料/管道紧固","规格: 80；特征: 厚","套","待确认","贝壳扣结构/材质/适配管件缺失"
"1397","1398","维修推进泵","推进泵维修服务","服务费用/维修服务","服务: 维修推进泵","台","待确认","应作为维修服务，更换件缺失"
"1398","1399","1寸高压接头","高压接头","液压/高压管路","规格: 1寸","个","待确认","螺纹/压力等级/形式缺失"
"1399","1400","20厘绕管","绕管","工程材料/软管","规格: 20厘","米","待确认","材质/用途/压力缺失"
"1400","1401","35厘绕管","绕管","工程材料/软管","规格: 35厘","米","待确认","材质/用途/压力缺失"
"1401","1402","埃美柯165加长蝶阀","蝶阀","工程材料/阀门","品牌: 埃美柯；规格: 165；特征: 加长","个","待确认","规格是否DN165？压力/连接形式缺失"
"1406","1407","16平垫弹垫","平垫弹垫套装","五金备件/紧固件","规格: 16；组成: 平垫+弹垫","个","待确认","建议拆成M16平垫和M16弹垫"
"1416","1417","加工橡胶轮带螺丝","橡胶轮组件","定制件/橡胶加工件","加工: 是；组成: 橡胶轮、螺丝","套","待确认","轮径/宽度/轴孔/螺丝规格缺失"
"1418","1419","230*50踏木板","木踏板","建筑材料/木板材","规格: 230*50；用途: 踏板","米","待确认","厚度/材质/是否脚手板缺失"
"1422","1423","16圆钢","圆钢","钢材/圆钢","直径: 16mm","根","待确认","材质/长度/计量单位需统一"
"1423","1424","摩力克D321润滑剂","润滑剂","化工耗材/润滑剂","品牌: 摩力克；型号: D321","个","待确认","包装单位/容量/具体品类需确认"
"1435","1436","4米*36木踏板","木踏板","建筑材料/木板材","长度: 4米；宽度/厚度: 36待确认；用途: 踏板","个","待确认","36含义、材质、计量单位需确认"
"1443","1444","人民电器不锈钢夹子","不锈钢夹子","工具/夹具","品牌: 人民电器；材质: 不锈钢","个","待确认","夹子类型/规格用途不清"
"1445","1446","90CM将军帽","将军帽","劳保耗材/头部防护","尺寸: 90cm","个","待确认","品类含义不清，需确认是否防护帽/装饰件"
"1446","1447","伸缩管","伸缩管","管材/软管","型式: 伸缩","个","待确认","材质/直径/长度/用途缺失"
"1449","1450","贴胶手套","贴胶手套","劳保耗材/手套","类型: 贴胶","个","待确认","单位应为双/副，尺码缺失"
"1454","1455","大子扫把","大扫把","行政后勤/清洁用品","原名: 大子扫把","个","待确认","疑似错字，是否“大扫把”需确认"
"1461","1462","实心劳动轮胎","实心轮胎","备品备件/车辆轮胎","类型: 实心；原名: 实心劳动轮胎","个","待确认","“劳动”是否品牌/车型需确认，尺寸缺失"
"1473","1474","300A铜鼻子","铜鼻子","电气材料/电缆附件","规格: 300A；材质: 铜","个","待确认","A是电流还是型号，适配线径/孔径缺失"
"1485","1486","加工1米*2米PL透明板","透明塑料板","定制件/塑料加工件","尺寸: 1米*2米；材质原文: PL；特征: 透明；加工: 是","块","待确认","PL材质不明确，需确认PC/亚克力/PVC等"
"1497","1498","防水套合","防水套盒","电气材料/电气盒","特征: 防水；原名: 防水套合","个","待确认","疑似“防水套盒”，规格/型号缺失"
"1503","1504","台钻钥匙","台钻夹头钥匙","工具备件/机床附件","适用设备: 台钻","个","待确认","夹头规格/型号缺失"
"1505","1506","63垫片","垫片","管件/密封垫片","规格: 63","个","待确认","材质/用途/压力等级缺失"
"1507","1508","红兰色喷漆","红蓝色喷漆","化工耗材/涂料","颜色: 红蓝色待确认；原名: 红兰色","支","待确认","疑似错字，具体颜色/容量缺失"
"1508","1509","东城锂电池","电动工具锂电池","工具备件/电动工具配件","品牌: 东成/东城待确认；类型: 锂电池","个","待确认","品牌字样、型号、电压、容量缺失"
"1512","1513","四氟垫块","四氟垫块","密封材料/四氟制品","材质: 四氟/PTFE；形态: 垫块","个","待确认","尺寸/厚度/硬度缺失"
"1517","1518","草皮","草皮","行政后勤/绿化用品","品类: 草皮","米","待确认","人造/天然、宽度、计量单位需确认"
"1527","1528","100强力磁铁","强力磁铁","五金耗材/磁性材料","规格: 100；类型: 强力磁铁","个","待确认","尺寸/形状/磁力等级缺失"
"1535","1536","压线铜管","铜连接管","电气材料/电缆附件","材质: 铜；用途: 压线","米","待确认","单位异常，应按个/支？规格缺失"
"1538","1539","4米*25跳板","跳板","建筑材料/脚手板","长度: 4米；规格: 25","米","待确认","材质/宽厚/单位需确认"
"1552","1553","1.4*24撬棍","撬棍","工具/手动工具","规格原文: 1.4*24","个","待确认","尺寸含义不清，长度/直径需确认"
"1557","1558","东城锂电池","电动工具锂电池","工具备件/电动工具配件","品牌: 东成/东城待确认；类型: 锂电池","个","待确认","与1509同类，型号/电压/容量缺失"
"1558","1559","不锈钢骑马卡","不锈钢骑马卡","管道紧固/骑马卡","材质: 不锈钢","个","待确认","规格/适配管径缺失"
"1560","1561","东城锂电池","电动工具锂电池","工具备件/电动工具配件","品牌: 东成/东城待确认；类型: 锂电池","个","待确认","与1509同类，型号/电压/容量缺失"
"1567","1568","20平弹垫片","平垫弹垫套装","紧固件/垫圈","规格: M20；组成: 平垫+弹垫","个","待确认","建议拆成平垫和弹垫两个物料"
"1570","1571","16平弹垫片","平垫弹垫套装","紧固件/垫圈","规格: M16；组成: 平垫+弹垫","个","待确认","建议拆成平垫和弹垫两个物料"
"1571","1572","黄沙","黄沙","建筑材料/水泥砂石","品类: 黄沙","吨方","待确认","单位吨方需拆分，粒径/含泥量缺失"
"1576","1577","头灯座","头灯座","电气材料/照明附件","类型: 灯座；用途: 头灯","个","待确认","头灯类型/型号/电压缺失"
"1579","1580","冷压端子号","冷压端子","电气材料/电缆附件","类型: 冷压端子；原名: 冷压端子号","个","待确认","“号”含义不清，规格/颜色缺失"
"1580","1581","螺丝取出口","螺丝取出器","工具/拆卸工具","原名: 螺丝取出口","套","待确认","疑似错字，是否螺丝取出器需确认"
"1581","1582","优质橡胶","橡胶板/橡胶料","橡胶材料/橡胶原料","材质: 橡胶；等级: 优质","kg","待确认","形态/硬度/材质类型缺失"
"1589","1590","不锈钢抄网","不锈钢抄网","工具/清理工具","材质: 不锈钢","个","待确认","网径/杆长/用途缺失"
"1590","1591","80加厚铜头","加厚铜接头","液压/高压管路","规格: 80；材质: 铜；特征: 加厚","个","待确认","类型/螺纹/适配管缺失"
"1591","1592","80加厚铜头铝扣","铜头铝套组件","液压/高压管路","规格: 80；组成: 铜头、铝扣；特征: 加厚","个","待确认","连接形式/压力等级缺失"
"1606","1607","50加厚铜头","加厚铜接头","液压/高压管路","规格: 50；材质: 铜；特征: 加厚","个","待确认","类型/螺纹/适配管缺失"
"1607","1608","50铜头铝套","铜头铝套组件","液压/高压管路","规格: 50；组成: 铜头、铝套","个","待确认","连接形式/压力等级缺失"
"1615","1616","3*4+2电缆线","电缆线","电气材料/电线电缆","规格: 3*4+2；芯数结构: 3芯4mm2+2芯待确认","米","待确认","“+2”截面积不完整，材质/护套缺失"
"1618","1619","不锈钢三通内外丝","不锈钢三通","管件/不锈钢管件","材质: 不锈钢；类型: 三通；螺纹: 内外丝","个","待确认","规格/螺纹标准缺失"
"1622","1623","M80*70螺丝","螺丝组件","紧固件/螺丝","规格: M80*70","套","待确认","M80异常偏大，需确认是否M8*70"
"1635","1636","气体","气体","气体/工业气体","原名: 气体","个","待确认","气体种类、纯度、瓶装规格完全缺失"
"1642","1643","水泥","水泥","建筑材料/水泥砂石","品类: 水泥","个","待确认","单位应为包/吨，强度等级缺失"
"1644","1645","12TU型国标卸扣10.7吨","U型卸扣","吊装索具/卸扣","标称: 12T；实际载荷: 10.7T；型式: U型；执行标准: 国标","个","待确认","12T和10.7吨口径冲突，需确认额定载荷"
"1646","1647","大电动扳手东城两电一充","电动扳手套装","工具/电动工具","品牌: 东成/东城待确认；配置: 两电一充；规格: 大","套","待确认","品牌字样/型号/电池规格缺失"
"1651","1652","50铜头铝合金夹","铜头铝合金夹","液压/高压管路","规格: 50；组成: 铜头、铝合金夹","个","待确认","与铜头铝套关系需确认"
"1653","1654","80铜头铝合金夹","铜头铝合金夹","液压/高压管路","规格: 80；组成: 铜头、铝合金夹","个","待确认","与铜头铝套关系需确认"
"1658","1659","3*2.5+1起凡电缆线","电缆线","电气材料/电线电缆","品牌原文: 起凡；规格: 3*2.5+1","米","待确认","品牌疑似起帆；+1截面积不完整"
"1659","1660","3*4+2起凡电缆线","电缆线","电气材料/电线电缆","品牌原文: 起凡；规格: 3*4+2","米","待确认","品牌疑似起帆；+2截面积不完整"
"1661","1662","50铝合金枪头","铝合金枪头","工具备件/喷枪配件","规格: 50；材质: 铝合金","个","待确认","适配设备/接口缺失"
"1674","1675","4*4*0.5国标角铁","角钢","钢材/型材","规格: 4*4*0.5；执行标准: 国标","个","待确认","单位应为米/根，规格单位需确认"
"1687","1688","K8直涨芯组件","直涨芯组件","备品备件/设备专用件","型号: K8；类型: 直涨芯组件","个","待确认","“涨/胀”字、适配设备、图号缺失"
"1689","1690","不锈钢卡套三通","不锈钢卡套三通","气动液压/卡套接头","材质: 不锈钢；连接: 卡套；类型: 三通","个","待确认","管径/卡套规格缺失"
"1690","1691","K8弯涨芯组件","弯涨芯组件","备品备件/设备专用件","型号: K8；类型: 弯涨芯组件","个","待确认","“涨/胀”字、适配设备、图号缺失"
"1695","1696","施耐德继电器","继电器","电气材料/低压电器","品牌: 施耐德","个","待确认","型号/线圈电压/触点形式缺失"
"1711","1712","乙炔","乙炔气","气体/工业气体","气体: 乙炔","个","待确认","是气体充装还是钢瓶采购？单位应为瓶/立方等"
"1735","1736","48平弹垫快","平垫弹垫套装","紧固件/垫圈","规格: M48；组成: 平垫+弹垫；原名: 垫快","支","待确认","疑似错字“垫块/垫片”，建议拆分平垫和弹垫"
"1736","1737","铁撬柄","铁撬柄","工具备件/手动工具配件","材质: 铁；类型: 撬柄","支","待确认","适配工具/长度缺失"
"1739","1740","电源线","电源线","电气材料/电线电缆","类型: 电源线","支","待确认","长度/芯数/插头形式/截面积缺失"
"1764","1765","1000kg闭门器","闭门器","五金建材/门窗五金","承重: 1000kg","个","待确认","1000kg异常偏大，型号/门重范围需确认"
"1767","1768","85吨卸扣","卸扣","吊装索具/卸扣","额定载荷: 85T","个","待确认","大吨位需确认型式、证书、标准"
"1774","1775","1寸比塔铜头","比塔铜接头","液压/高压管路","规格: 1寸；材质: 铜；类型: 比塔铜头","个","待确认","“比塔”含义/品牌或接头类型需确认"
"1775","1776","1寸铝合金扣","铝合金扣","液压/高压管路","规格: 1寸；材质: 铝合金","个","待确认","适配铜头/连接形式缺失"
"1778","1779","高压滤芯","高压滤芯","备品备件/过滤件","类型: 高压滤芯","个","待确认","型号/过滤精度/适配设备缺失"
"1780","1781","50比塔铜头","比塔铜接头","液压/高压管路","规格: 50；材质: 铜；类型: 比塔铜头","个","待确认","“比塔”含义/连接形式缺失"
"1787","1788","150*150混泥土模","混凝土试模","工具/检测模具","尺寸: 150*150；原名: 混泥土模","个","待确认","疑似混凝土试模，是否150立方试模需确认"
"1804","1805","液压扳手接头","液压扳手接头","液压/高压管路","用途: 液压扳手；类型: 接头","个","待确认","规格/接口形式缺失"
"1817","1818","M48螺母垫片","螺母垫片套装","紧固件/螺母垫片","规格: M48；组成: 螺母、垫片","个","待确认","建议拆成螺母和垫片，单位/套装范围需确认"
"1818","1819","M48弹平垫","平垫弹垫套装","紧固件/垫圈","规格: M48；组成: 弹垫、平垫","个","待确认","建议拆成平垫和弹垫两个物料"
"1820","1821","进口劳保鞋","劳保鞋","劳保耗材/足部防护","进口: 是","双","待确认","品牌/尺码/防护等级缺失"
"1822","1823","8厘绳子","绳子","吊装索具/绳索","规格/直径: 8厘","米","待确认","材质/承载/用途缺失"
"1830","1831","黑色玻璃纸","玻璃纸","包装/薄膜材料","颜色: 黑色","米","待确认","材质/宽度/厚度缺失"
"1837","1838","1.0*0.5铁皮","铁皮","钢材/薄板","规格: 1.0*0.5","米","待确认","规格含义/厚度/宽度/材质缺失"
"1839","1840","48*0.5无缝钢管","无缝钢管","钢材/钢管","外径: 48mm；壁厚: 0.5mm","米","待确认","壁厚0.5异常，材质/标准需确认"
"1840","1841","100*48斤绿色消防管","绿色消防管","消防材料/消防管","规格原文: 100*48斤；颜色: 绿色","米","待确认","48斤含义、材质、压力等级缺失"
"1843","1844","2.5m高压管加过滤","高压管过滤组件","液压/高压管路","长度: 2.5m；组成: 高压管、过滤","套","待确认","管径/过滤器型号/压力等级缺失"
"1852","1853","200ML杯子","量杯/杯子","行政后勤/生活用品","容量: 200ml","个","待确认","是普通杯子还是计量杯需确认"
"1853","1854","针筒","注射器/针筒","工具耗材/计量工具","类型: 针筒","个","待确认","容量/是否带针头缺失"
"1860","1861","D120磁铁","磁铁","五金耗材/磁性材料","型号/规格: D120","个","待确认","形状/磁力等级/尺寸缺失"
"1861","1862","好橡胶","橡胶材料","橡胶材料/橡胶原料","原名: 好橡胶","公斤","待确认","形态/硬度/材质类型缺失"
"1862","1863","65荆轮扳手","棘轮扳手","工具/手动工具","规格: 65；原名: 荆轮扳手","个","待确认","疑似“棘轮扳手”，规格/类型需确认"
"1870","1871","32件得力套荆轮套筒","棘轮套筒套装","工具/套筒","品牌: 得力；件数: 32件；原名: 荆轮套筒","套","待确认","疑似“棘轮套筒”，规格范围缺失"
"1886","1887","东城488冲击扳手","冲击扳手","工具/电动工具","品牌: 东成/东城待确认；型号: 488","个","待确认","品牌字样、电池/电压配置缺失"
"1891","1892","120cm强磁吸","强磁吸","五金耗材/磁性材料","长度: 120cm；类型: 强磁吸","个","待确认","形态/吸力/用途缺失"
"1897","1898","定做M270加长螺母","加长螺母","定制件/紧固件","定制: 是；规格: M270；特征: 加长","个","待确认","M270异常超大，需确认是否M27.0或其他图纸规格"
"1903","1904","公元75*50三通","PVC/PPR三通","工程材料/塑料管件","品牌: 公元；规格: 75*50；类型: 三通","个","待确认","材质PVC/PPR需确认"
"1904","1905","公元50三通","PVC/PPR三通","工程材料/塑料管件","品牌: 公元；规格: 50；类型: 三通","个","待确认","材质PVC/PPR需确认"
"1905","1906","公元50弯头","PVC/PPR弯头","工程材料/塑料管件","品牌: 公元；规格: 50；类型: 弯头","个","待确认","材质PVC/PPR、角度需确认"
"1906","1907","胶水","胶水","化工耗材/胶粘剂","原名: 胶水","个","待确认","胶种/品牌/容量/用途缺失"
"1907","1908","4GK灭火器","灭火器","消防材料/灭火器","原规格: 4GK","个","待确认","疑似4KG，灭火剂类型/规格需确认"
"1908","1909","箱子","箱子","包装材料/箱类","原名: 箱子","个","待确认","材质/尺寸/用途缺失"
"1921","1922","570*4格箱子","分格箱","包装材料/箱类","规格: 570；格数: 4格","个","待确认","尺寸单位/材质/用途缺失"
"1932","1933","DN80贝塔扣","贝塔扣","液压/高压管路","规格: DN80；原名: 贝塔扣","个","待确认","与比塔/铝扣关系需确认"
"1934","1935","DN50贝塔扣","贝塔扣","液压/高压管路","规格: DN50；原名: 贝塔扣","个","待确认","与比塔/铝扣关系需确认"
"1939","1940","100A铜鼻子","铜鼻子","电气材料/电缆附件","规格原文: 100A；材质: 铜","个","待确认","A是电流/型号还是线径规格需确认"
"1940","1941","150A铜鼻子","铜鼻子","电气材料/电缆附件","规格原文: 150A；材质: 铜","个","待确认","A是电流/型号还是线径规格需确认"
"1957","1958","加工后备套夹子","后备套夹子","定制件/金属加工件","加工: 是；部件: 后备套夹子","个","待确认","名称含义/图纸/材质缺失"
"1965","1966","51*4高压油管","高压油管","液压/高压管路","规格: 51*4",".米","待确认","单位`.米`需清洗为米，规格含义需确认"
"1977","1978","M20平弹垫","平垫弹垫套装","紧固件/垫圈","规格: M20；组成: 平垫+弹垫","个","待确认","建议拆成平垫和弹垫两个物料"
"1980","1981","正泰线圈","线圈","电气材料/低压电器配件","品牌: 正泰；类型: 线圈","个","待确认","适配接触器型号/电压缺失"
"1984","1985","380V*1810交流接触器","交流接触器","电气材料/低压电器","电压: 380V；型号/规格: 1810","个","待确认","品牌/额定电流/线圈电压缺失"
"1992","1993","自攻螺丝大盒","自攻螺丝","紧固件/螺丝","类型: 自攻；包装: 大盒","合","待确认","单位疑似盒，规格完全缺失"
"1996","1997","正泰热继电器","热继电器","电气材料/低压电器","品牌: 正泰；类型: 热继电器","个","待确认","型号/整定电流范围缺失"
"1998","1999","东城螺丝","螺丝","工具备件/电动工具配件","品牌: 东成/东城待确认；类型: 螺丝","个","待确认","是工具配件还是普通螺丝，规格缺失"
"2012","2013","304不锈钢螺丝","不锈钢螺丝","紧固件/螺丝","材质: 304不锈钢","盒","待确认","规格/头型/每盒数量缺失"
"2014","2015","派克大0型圈","O型圈","密封材料/O型圈","品牌: 派克；规格: 大；原名: 大0型圈","条","待确认","0/O字形需确认，尺寸/材质缺失"
"2023","2024","3*2.5+1起帆电缆线","电缆线","电气材料/电线电缆","品牌: 起帆；规格: 3*2.5+1","米","待确认","+1截面积不完整，护套/材质缺失"
"2027","2028","加工大螺丝","定制螺丝","定制件/紧固件","加工: 是；规格: 大号","个","待确认","规格/材质/图纸缺失"
"2028","2029","40*2重型0型卡","重型O型卡","管道紧固/管卡","规格: 40*2；特征: 重型；原名: 0型卡","个","待确认","0/O字形需确认，材质/表面处理缺失"
"2031","2032","氧气","氧气","气体/工业气体","气体: 氧气","瓶","待确认","是充装还是钢瓶采购？纯度/瓶容缺失"
"2032","2033","乙炔","乙炔气","气体/工业气体","气体: 乙炔","瓶","待确认","是充装还是钢瓶采购？纯度/瓶容缺失"
"2035","2036","m27平弹垫","平垫弹垫套装","紧固件/垫圈","规格: M27；组成: 平垫+弹垫","个","待确认","建议拆成平垫和弹垫两个物料"
"2037","2038","6cm梅花垫块","梅花垫块","备品备件/缓冲垫块","规格: 6cm；形状: 梅花","个","待确认","材质/适配联轴器型号缺失"
"2048","2049","羊镐柄","洋镐柄","工具备件/手动工具配件","部件: 柄；适用: 洋镐；原名: 羊镐柄","支","待确认","疑似“洋镐柄”，材质/长度缺失"
"2051","2052","德国进口气动阀块","气动阀块","气动元件/阀块","进口: 德国；类型: 气动阀块","个","待确认","品牌/型号/接口数量缺失"
"2059","2060","不锈钢沉头螺丝","不锈钢沉头螺丝","紧固件/螺丝","材质: 不锈钢；头型: 沉头","合","待确认","单位疑似盒，规格/材质牌号缺失"
"2063","2064","铝钉","铝钉","紧固件/钉","材质: 铝","合","待确认","单位疑似盒，规格缺失"
"2069","2070","32*640kg安全阀","安全阀","阀门/安全阀","规格: 32；压力/载荷原文: 640kg","个","待确认","640kg含义、整定压力、材质缺失"
"2079","2080","加工168卡箍接头","卡箍接头","定制件/管路接头","加工: 是；规格: 168；类型: 卡箍接头","台","待确认","与1952同类，单位“台”异常需确认"
"2096","2097","6分直通","直通接头","管件/管接头","规格: 6分；类型: 直通","根","待确认","材质/连接形式/单位需确认"
"2100","2101","定做4米加厚铝合金双层加厚","铝合金梯子","定制件/工具治具","定制: 是；长度: 4米；材质: 铝合金；结构: 双层；特征: 加厚","只","待确认","名称缺“梯子”，但疑似梯子；承重/图纸缺失"
"2115","2116","G2/1丝锥","管螺纹丝锥","工具耗材/丝锥","规格: G2/1","个","待确认","G2/1规格写法需确认，材质/套装缺失"
"2116","2117","3-55断丝取出口","断丝取出器","工具/拆卸工具","规格范围: 3-55；原名: 断丝取出口","套","待确认","疑似“断丝取出器”，规格单位需确认"
"2117","2118","22钢筋套角","钢筋套筒/套角","建筑材料/钢筋连接件","适配钢筋直径: 22；原名: 套角","个","待确认","是接驳器/套筒还是其他件需确认"
"2127","2128","30米国标蓝色氧气管","氧气胶管","焊割耗材/气管","长度: 30米；颜色: 蓝色；执行标准: 国标；适用气体: 氧气","卷","待确认","蓝色通常可能对应氧气/乙炔体系，需确认用途"
"2129","2130","加工后配套夹子","后配套夹子","定制件/金属加工件","加工: 是；部件: 后配套夹子","个","待确认","与后备套夹子是否同物需确认，图纸缺失"
"2149","2150","80比塔铜头","比塔铜接头","液压/高压管路","规格: 80；材质: 铜；原名: 比塔铜头","个","待确认","比塔/贝塔是否同类需确认"
"2153","2154","100消防水泵","消防水泵/消防水带","消防材料/消防管路","规格: 100；原名: 消防水泵","米","待确认","单位为米，疑似消防水带/水管而非水泵"
"2169","2170","开关","开关","电气材料/开关","原名: 开关","个","待确认","类型/位数/电流/安装方式缺失"
"2170","2171","线槽","线槽","电气材料/线槽桥架","品类: 线槽","根","待确认","材质/规格/长度缺失"
"2173","2174","线卡","线卡","电气材料/线缆固定","品类: 线卡","盒","待确认","规格/材质/每盒数量缺失"
"2176","2177","6.4pa安全阀","安全阀","阀门/安全阀","压力原文: 6.4pa","个","待确认","压力单位极可疑，需确认MPa/公斤压力"
"2185","2186","3kw轨道泵","轨道泵","设备备件/泵","功率: 3kW；类型: 轨道泵","个","待确认","设备类型/流量/扬程/用途缺失"
"2186","2187","定做60*2.5米无缝钢丝绳","定制钢丝绳","定制件/吊装索具","定制: 是；规格: 60；长度: 2.5米；原名: 无缝钢丝绳","条","待确认","“无缝”是否误写，结构/强度缺失"
"2187","2188","优质二氧化碳表","二氧化碳减压表","焊割耗材/气体表具","适用气体: 二氧化碳；等级: 优质","桶","待确认","单位桶异常，应为个；压力范围缺失"
"2191","2192","30背胶革皮","背胶革皮","辅料耗材/革皮材料","规格: 30；背胶: 是","平方","待确认","材质/厚度/颜色缺失"
"2203","2204","3*4+1起凡电缆线","电缆线","电气材料/电线电缆","品牌原文: 起凡；规格: 3*4+1","米","待确认","品牌疑似起帆，+1截面积不完整"
"2204","2205","3*1.5+1起凡电缆线","电缆线","电气材料/电线电缆","品牌原文: 起凡；规格: 3*1.5+1","米","待确认","品牌疑似起帆，+1截面积不完整"
"2211","2212","100CM将军帽","将军帽","劳保耗材/头部防护","尺寸: 100cm","个","待确认","品类含义仍不清，需确认是否防护帽/装饰件"
"2223","2224","15T铁链","起重链条","吊装索具/链条","额定载荷: 15T；材质: 铁/钢待确认","米","待确认","链条规格、等级、材质需确认"
"2230","2231","注浆牛头","注浆牛头","堵漏注浆/注浆配件","类型: 注浆牛头","个","待确认","规格/连接形式缺失"
"2238","2239","590*150空气能枫叶","空气能风叶","备品备件/风机配件","尺寸: 590*150；原名: 枫叶","个","待确认","疑似“风叶”，适配设备/材质缺失"
"2248","2249","13寸卡簧","卡簧","五金备件/紧固件","规格: 13寸；类型: 卡簧","个","待确认","内/外卡簧、尺寸单位需确认"
"2250","2251","60L注射器","注射器","工具耗材/计量工具","容量原文: 60L","套","待确认","60L极可疑，是否60ml需确认"
"2251","2252","3000L量杯","量杯","工具耗材/计量工具","容量原文: 3000L","个","待确认","3000L极可疑，是否3000ml需确认"
"2259","2260","水箱","水箱","设备备件/容器","品类: 水箱","套","待确认","材质/容量/用途缺失"
"2275","2277","8MM接口胶网","接口胶网","管件/密封过滤配件","规格: 8mm；类型: 接口胶网","个","待确认","用途/适配设备不清"
"2304","2306","胶手套","胶手套","劳保耗材/手套","类型: 胶手套","个","待确认","单位应为双/副，尺码缺失"
"2323","2325","65接头","接头","液压/高压管路","规格: 65；类型: 接头","套","待确认","管路类型/连接形式/材质/压力等级缺失"
"2327","2329","专用清洗剂","专用清洗剂","化工耗材/清洗剂","类型: 专用清洗剂","瓶","待确认","用途/适配材料/包装容量缺失"
"2342","2344","25变换头","变换接头","液压/高压管路","规格: 25；类型: 变换头","套","待确认","“变换头”是否为转换接头需确认，接口缺失"
"2343","2345","100钢管","钢管","钢材/钢管","规格: 100","条","待确认","外径/壁厚/长度/材质/标准缺失"
"2346","2348","长胶手套","长胶手套","劳保耗材/手套","类型: 长筒胶手套","个","待确认","单位应为双/副，尺码/长度缺失"
"2352","2354","5.5千瓦流体输送泵","流体输送泵","设备备件/泵","功率: 5.5kW；用途: 流体输送","个","待确认","单位建议台，流量/压力/型号缺失"
"2353","2355","5.5千瓦防爆电机","防爆电机","设备备件/电机","功率: 5.5kW；类型: 防爆电机","个","待确认","单位建议台，防爆等级/电压/型号缺失"
"2357","2359","25*38KG安全阀","安全阀","阀门/安全阀","规格: 25；压力描述: 38KG","个","待确认","38KG需换算/确认设定压力，材质/连接缺失"
"2391","2393","胶管16-4MPa-100米","胶管","液压/高压管路","规格: 16；压力: 4MPa；长度: 100米","根","待确认","单根100米还是整卷/卷装需确认"
"2412","2414","纳基膨润土","膨润土","化工原料/膨润土","原始名称: 纳基膨润土；疑似: 钠基膨润土","T","待确认","是否为钠基膨润土需确认，指标/厂家缺失"
"2455","2457","法兰母","法兰螺母","建筑施工耗材/模板配件","类型: 法兰母/法兰螺母","袋","待确认","规格/每袋数量/材质缺失"
"2518","2520","抹布","抹布","清洁耗材/抹布","类型: 抹布","KG","待确认","单位按KG采购可保留，但材质/包装缺失"
"2532","2534","3m透明电工胶布","电工胶布","电气耗材/绝缘胶带","品牌: 3M疑似；颜色: 透明","卷","待确认","`3m`是品牌3M还是长度需确认，宽度/长度缺失"
"2535","2537","3寸定向轮载重3300KG","定向脚轮","物流搬运/脚轮","规格: 3寸；类型: 定向轮；载重: 3300KG","只","待确认","3寸脚轮载重3300KG异常，需确认是否330KG"
"2536","2538","透明PC板400*600*3m","透明PC板","塑料板材/PC板","材质: PC；颜色: 透明；尺寸: 400*600*3m","块","待确认","厚度疑似3mm，不可静默修正"
"2538","2540","正泰电流表2.0","电流表","仪表/电气仪表","品牌: 正泰；规格/等级: 2.0","只","待确认","2.0是精度等级还是型号需确认，变比缺失"
"2564","2566","抗震压力表400KG压力","抗震压力表","仪表/压力仪表","类型: 抗震；压力描述: 400KG","只","待确认","400KG需换算/确认量程，接口/精度缺失"
"2565","2567","高压球阀400KG-3/8","高压球阀","阀门/球阀","压力描述: 400KG；规格: 3/8","只","待确认","400KG需确认压力单位，材质/连接缺失"
"2567","2569","道轨","导轨","电气/安装辅材","类型: 道轨/导轨","根","待确认","是电气DIN导轨还是机械轨道需确认，规格缺失"
"2583","2585","装接线端子RJ45-04","接线端子","电气/接线端子","型号: RJ45-04","只","待确认","`装接线端子`是否为装配服务或端子名称需确认"
"2595","2597","NDR适配变压器480-24V","开关电源","电气/电源模块","系列: NDR；输入/规格: 480；输出: 24V","台","待确认","480可能为功率480W而非输入电压，需确认"
"2596","2598","NDR适配变压器240-24V","开关电源","电气/电源模块","系列: NDR；输入/规格: 240；输出: 24V","台","待确认","240可能为功率240W而非输入电压，需确认"
"2643","2645","换合金钢密封","合金钢密封件更换服务","服务费用/设备维修","动作: 更换；部件: 合金钢密封","只","待确认","若单独采购密封件可建物料，否则为维修服务"
"2680","2682","立邦白色漆18kg","油漆","油漆涂料/油漆","品牌: 立邦；颜色: 白色；包装: 18kg","桶","待确认","是否防锈漆需确认，型号/SDS缺失"
"2687","2689","水桶+脸盆59元","水桶脸盆套装","行政后勤/生活用品","包含: 水桶+脸盆；金额: 59元","项","待确认","若作为报销费用可不建库存，若常备用品需拆分"
"2692","2694","立邦白色18kg","油漆","油漆涂料/油漆","品牌: 立邦；颜色: 白色；包装: 18kg","桶","待确认","是否防锈漆/白色漆需确认"
"2697","2699","太阳能感应灯30000W","太阳能感应灯","电气/照明灯具","供电: 太阳能；功能: 感应；标称功率: 30000W","只","待确认","30000W疑似营销参数，需确认真实功率/亮度"
"2742","2745","公牛明装USB插座5V/21A","明装USB插座","电气/插座","品牌: 公牛；安装: 明装；输出: 5V/21A","只","待确认","21A疑似2.1A，需确认"
"2744","2747","起帆RV2.5平方红色 蓝色 地线","RV电线","电气/电线电缆","品牌: 起帆；型号: RV；截面积: 2.5平方；颜色/用途: 红色、蓝色、地线","米","待确认","300米是否三种颜色合计，地线颜色需确认"
"2766","2769","全面毛巾","全棉毛巾","行政后勤/生活用品","原始名称: 全面毛巾；疑似: 全棉毛巾","条","待确认","是否为全棉毛巾需确认"
"2774","2777","衣架","衣架","行政后勤/生活用品","类型: 衣架","把","待确认","单位通常为个/只/把，数量包装需确认"
"2776","2779","盾构铜比塔接头DN100","铜宝塔接头","液压/管路接头","用途: 盾构；材质: 铜；原始: 比塔；规格: DN100","只","待确认","`比塔`疑似`宝塔`，连接形式需确认"
"2798","2801","施耐德时控开关接触器","时控开关接触器","电气/低压电器","品牌: 施耐德；功能: 时控开关+接触器","台","待确认","是组合控制箱还是两个器件需确认，型号缺失"
"2813","2816","铜接线端子","铜接线端子","电气/接线端子","材质: 铜；类型: 接线端子","只","待确认","规格/孔径/线径范围缺失"
"2816","2819","薄膜","薄膜","覆盖材料/薄膜","类型: 薄膜","㎡","待确认","材质/厚度/宽度缺失"
"2829","2832","轴承","轴承","设备备件/轴承","类型: 轴承","只","待确认","型号/品牌/内外径缺失，不能唯一建档"
"2830","2833","联轴器缓冲圈","联轴器缓冲圈","设备备件/联轴器配件","部件: 缓冲圈；适配: 联轴器","套","待确认","规格/材质/适配型号缺失"
"2838","2841","砂轮片","砂轮片","磨具磨料/砂轮片","类型: 砂轮片","片","待确认","外径/厚度/孔径/粒度缺失"
"2839","2842","焊机陶瓷嘴","焊机陶瓷嘴","焊接耗材/焊枪配件","部件: 陶瓷嘴；适配: 焊机/焊枪","个","待确认","规格/适配焊枪型号缺失"
"2849","2852","沪工模段油脂钩1T","吊钩","吊装索具/吊钩","品牌: 沪工；原始名称: 模段油脂钩；额定载荷: 1T","付","待确认","名称疑似录错，可能为模锻吊钩/油脂钩"
"2862","2865","锂电池","锂电池","电气/电池","类型: 锂电池","块","待确认","电压/容量/适配设备缺失，不能唯一建档"
"2873","2876","PVC线槽","PVC线槽","电气/线槽桥架","材质: PVC；类型: 线槽","米","待确认","宽高规格缺失"
"2875","2878","橡胶盖板大二线槽","橡胶盖板线槽","电气/线槽桥架","材质: 橡胶；规格: 大二；类型: 盖板线槽","块","待确认","`大二`规格含义需确认，尺寸缺失"
"2880","2883","电子秤","电子秤","工具/称重工具","类型: 电子秤","台","待确认","量程/精度/台面尺寸缺失"
"2890","2893","3M铁板标识牌","铁板标识牌","标识标牌/金属标牌","品牌/材料标识: 3M；材质: 铁板；类型: 标识牌","套","待确认","3M是反光膜品牌还是整体品牌需确认，尺寸缺失"
"2892","2895","生料带","生料带","水暖五金/密封耗材","类型: 生料带","箱","待确认","每箱卷数/宽度/长度缺失"
"2894","2897","华峰四脚插头380V/20","四脚插头","电气/插头插座","品牌: 华峰；极数: 四脚；电压: 380V；规格: 20","只","待确认","20是否20A需确认，防护等级缺失"
"2901","2904","明伟NOR-480-24V电源","24V开关电源","电气/电源模块","品牌原始: 明伟；型号原始: NOR-480-24V；输出: 24V","只","待确认","疑似明纬NDR-480-24，需确认品牌/型号"
"2903","2906","加厚道轨","导轨","电气/安装辅材","特征: 加厚；类型: 道轨/导轨","米","待确认","是DIN导轨还是机械轨道需确认，规格缺失"
"2912","2915","德力西接触器cjxz-1810","交流接触器","电气/低压电器","品牌: 德力西；型号原始: cjxz-1810","只","待确认","型号疑似CJX2-1810，线圈电压缺失"
"2949","2952","定制双通信交换机","双通信交换机","定制件/网络设备","定制: 是；功能: 双通信；类型: 交换机","台","待确认","双通信含义/端口/协议缺失"
"2950","2953","光电复合电缆四点二光","光电复合电缆","电气/特种电缆","结构: 四电二光；类型: 光电复合","米","待确认","原始`四点`疑似`四电`，电芯/光芯规格缺失"
"2955","2958","摄像头无线中端","摄像头无线终端","弱电安防/监控设备","原始: 中端；用途: 摄像头无线通信","个","待确认","`中端`疑似`终端`，品牌/规格缺失"
"2957","2960","光纤交换机电源","光纤交换机电源","电气/电源模块","适配: 光纤交换机；类型: 电源","个","待确认","电压/电流/适配型号缺失"
"2958","2961","明伟电源24V-20A","24V开关电源","电气/电源模块","品牌原始: 明伟；输出: 24V；电流: 20A","只","待确认","疑似明纬，型号缺失"
"2960","2963","接线端子VK5N","接线端子","电气/接线端子","型号: VK5N","只","待确认","是否为UK5N录错需确认，额定电流缺失"
"2962","2965","起帆RV1平方兰色软线","RV软线","电气/电线电缆","品牌: 起帆；型号: RV；截面积: 1平方；颜色原始: 兰色","米","待确认","`兰色`疑似蓝色，电压等级缺失"
"2963","2966","起帆RV1平方兰白色软线","RV软线","电气/电线电缆","品牌: 起帆；型号: RV；截面积: 1平方；颜色原始: 兰白色","米","待确认","`兰白色`是否蓝白双色需确认"
"2964","2967","起帆RV4平方兰色软线","RV软线","电气/电线电缆","品牌: 起帆；型号: RV；截面积: 4平方；颜色原始: 兰色","米","待确认","`兰色`疑似蓝色，电压等级缺失"
"2977","2980","公牛插头","插头","电气/插头插座","品牌: 公牛；类型: 插头","只","待确认","极数/额定电流/电压缺失"
"2992","2995","加厚薄膜500*300米","加厚薄膜","覆盖材料/薄膜","特征: 加厚；规格: 500*300米","卷","待确认","500是宽度单位还是规格需确认，厚度缺失"
"2996","2999","起帆软电缆兰色1平方","RV软线","电气/电线电缆","品牌: 起帆；截面积: 1平方；颜色原始: 兰色","米","待确认","`兰色`疑似蓝色，型号/电压等级缺失"
"2997","3000","起帆软电缆兰白色1平方","RV软线","电气/电线电缆","品牌: 起帆；截面积: 1平方；颜色原始: 兰白色","米","待确认","是否蓝白双色需确认，型号缺失"
"2998","3001","起帆软电缆兰白色4平方","RV软线","电气/电线电缆","品牌: 起帆；截面积: 4平方；颜色原始: 兰白色","米","待确认","是否蓝白双色需确认，型号缺失"
"3005","3008","小老鼠防爆牛油头","防爆牛油头","设备润滑/黄油嘴","俗称: 小老鼠；特性: 防爆；原始: 牛油头","只","待确认","标准名称/规格/接口需确认"
"3007","3010","面粉","面粉","行政后勤/食品","类型: 面粉","KG","待确认","是否食堂/生活采购，不进入生产物料"
"3010","3013","施耐德中间继电器RXM4/24V-DC到底座","中间继电器套装","电气/继电器","品牌: 施耐德；系列: RXM4；线圈电压: 24V DC；配置原始: 到底座","套","待确认","`到底座`疑似带底座，触点组数/完整型号缺失"
"3028","3031","WQ/5K开关","开关","电气/按钮指示元件","原始型号/规格: WQ/5K","只","待确认","是电位器/开关型号需确认"
"3034","3037","封箱带大箱","封箱胶带","包装材料/胶带","包装: 大箱；类型: 封箱带","箱","待确认","每箱卷数/胶带宽度长度缺失"
"3040","3043","镀锌板1m*2m*0.05m","镀锌板","钢材/镀锌板","尺寸: 1m*2m*0.05m；表面: 镀锌","张","待确认","厚度0.05m异常，可能是0.5mm/5mm需确认"
"3044","3047","金利虎磨光片","磨光片","磨具磨料/磨光片","品牌: 金利虎；类型: 磨光片","盒","待确认","外径/厚度/孔径/粒度缺失"
"3054","3057","得力梅花螺丝刀十字","十字螺丝刀","工具/手动工具","品牌: 得力；原始: 梅花螺丝刀十字","把","待确认","梅花和十字矛盾，需确认头型"
"3096","3100","起帆电缆3*6+2.5","电缆","电气/电线电缆","品牌: 起帆；规格: 3*6+2.5","米","待确认","是否为3*6+1*2.5需确认，型号缺失"
"3103","3107","金利虎切割片","切割片","磨具磨料/切割片","品牌: 金利虎；类型: 切割片","片","待确认","外径/厚度/孔径缺失"
"3104","3108","剪刀","剪刀","工具/剪切工具","类型: 剪刀","把","待确认","用途/规格/材质缺失"
"3143","3147","石棉布3.5mm","石棉布","防火隔热材料/石棉制品","材质: 石棉；厚度: 3.5mm","㎡","待确认","需安全/环保合规确认"
"3154","3158","铁打1.5寸","铁钉","紧固件/钉","原始名称: 铁打；规格: 1.5寸","KG","待确认","`铁打`疑似铁钉，需确认"
"3155","3159","铁打2.5寸","铁钉","紧固件/钉","原始名称: 铁打；规格: 2.5寸","KG","待确认","`铁打`疑似铁钉，需确认"
"3183","3187","3M电工胶带兰色","电工胶带","电气耗材/绝缘胶带","品牌: 3M；颜色原始: 兰色","卷","待确认","`兰色`疑似蓝色，宽度/长度缺失"
"3202","3206","压线钳","压线钳","工具/电工工具","类型: 压线钳","把","待确认","适用端子/压接范围缺失"
"3217","3221","砂纸","砂纸","磨具磨料/砂纸","类型: 砂纸","张","待确认","粒度/尺寸缺失"
"3220","3224","薄膜","薄膜","覆盖材料/薄膜","类型: 薄膜","卷","待确认","材质/厚度/宽度长度缺失"
"3266","3271","RVV软线3*1.5+1","RVV软线","电气/电线电缆","型号: RVV；规格: 3*1.5+1","米","待确认","+1线芯截面积需确认"
"3267","3272","压力表","压力表","仪表/压力仪表","类型: 压力表","只","待确认","量程/接口/精度缺失，不能唯一建档"
"3284","3289","百叶轮80# 120# 240#","百叶轮","磨具磨料/百叶轮","粒度: 80#/120#/240#","片","待确认","三种粒度数量拆分缺失"
"3285","3290","L型钢制支架","钢制L型支架","定制件/支架","材质: 钢制；形状: L型","个","待确认","尺寸/孔位/图纸缺失"
"3288","3293","G螺纹不锈钢消音器","不锈钢消音器","气动液压/消音器","材质: 不锈钢；螺纹: G螺纹","个","待确认","具体螺纹规格缺失"
"3311","3316","液位油箱计","油箱液位计","仪表/液位仪表","用途: 油箱；类型: 液位计","个","待确认","名称疑似油箱液位计，量程/接口缺失"
"3317","3322","世达十螺丝刀Φ3*75","十字螺丝刀","工具/手动工具","品牌: 世达；原始: 十螺丝刀；规格: Φ3*75","把","待确认","`十`疑似十字，头型需确认"
"3318","3323","世达十螺丝刀Φ5*150","十字螺丝刀","工具/手动工具","品牌: 世达；原始: 十螺丝刀；规格: Φ5*150","把","待确认","`十`疑似十字，头型需确认"
"3326","3331","主机控制器","主机控制器","设备备件/控制器","适配: 主机；部件: 控制器","台","待确认","主机类型/品牌/型号缺失"
"3327","3332","主机循环泵","循环泵","设备/泵","用途: 主机循环","台","待确认","流量/扬程/功率/适配系统缺失"
"3332","3337","Y型过滤器","Y型过滤器","管道过滤器/过滤器","结构: Y型","只","待确认","规格/材质/压力等级缺失"
"3339","3344","一端外丝一端内丝接头","内外丝接头","管件/管路接头","连接: 一端外丝一端内丝","只","待确认","规格/材质/压力等级缺失"
"3340","3345","配电柜","配电柜","电气/配电柜","类型: 配电柜","台","待确认","尺寸/配置/图纸缺失"
"3341","3346","线管","线管","电气/线管","类型: 线管","米","待确认","材质/规格缺失"
"3343","3348","保温管","保温管","保温材料/保温管","类型: 保温管","米","待确认","管径/厚度/材质缺失"
"3344","3349","水泵防水罩底座","水泵防水罩底座","定制件/设备防护罩","适配: 水泵；部件: 防水罩底座","套","待确认","材质/尺寸/图纸缺失"
"3349","3354","膨胀钉钩","膨胀钩","紧固件/膨胀件","类型: 膨胀钉钩","只","待确认","规格/承载缺失"
"3369","3374","固定扣","固定扣","五金/固定件","类型: 固定扣","个","待确认","适配对象/材质/规格缺失"
"3375","3380","麦思德金刚石切割片","金刚石切割片","磨具磨料/切割片","品牌: 麦思德；材质: 金刚石","片","待确认","外径/孔径/用途缺失"
"3377","3382","黑模板2.44m*1.22m*1.5mm","建筑模板","建筑材料/模板","颜色: 黑；尺寸: 2.44m*1.22m；厚度: 1.5mm","张","待确认","厚度1.5mm异常，可能15mm需确认"
"3381","3386","正泰电流互感器三相","电流互感器","电气/互感器","品牌: 正泰；相数: 三相","个","待确认","变比/型号缺失"
"3382","3387","正泰电流互感器式智能电能表","智能电能表","仪表/电能表","品牌: 正泰；类型: 电流互感器式智能电能表","个","待确认","互感器变比/电能表型号缺失"
"3397","3402","浅黑色眼镜","防护眼镜","劳保耗材/眼面防护","颜色: 浅黑色；类型: 眼镜","付","待确认","是否焊工/防护眼镜需确认"
"3400","3405","12.9级M27平 弹垫","高强度垫圈","紧固件/垫圈","强度等级: 12.9；规格: M27；类型: 平垫+弹垫","只","待确认","平垫和弹垫数量是否各半需拆分"
"3443","3448","雨鞋41 42 43码","雨鞋","劳保耗材/雨具","尺码: 41/42/43","双","待确认","各尺码数量需拆分"
"3476","3481","德力西15节6.0AH二电一充锂电板手","锂电扳手套装","电动工具/电动扳手","品牌: 德力西；电池: 15节6.0AH；配置: 二电一充；原始: 板手","个","待确认","`板手`疑似扳手，电压/方头规格缺失"
"3479","3484","混泥土隔离剂2.7KG","混凝土隔离剂","建材/混凝土外加剂","原始: 混泥土；用途: 隔离剂；包装: 2.7KG","桶","待确认","`混泥土`疑似混凝土，品牌/SDS缺失"
"3484","3489","石棉布3.5mm","石棉布","防火隔热材料/石棉制品","材质: 石棉；厚度: 3.5mm","㎡","待确认","需安全/环保合规确认"
"3492","3497","比塔铜头2寸","铜宝塔接头","管件/铜管件","原始: 比塔；材质: 铜；规格: 2寸","只","待确认","`比塔`疑似宝塔，连接形式需确认"
"3493","3498","比塔铜头3寸","铜宝塔接头","管件/铜管件","原始: 比塔；材质: 铜；规格: 3寸","只","待确认","`比塔`疑似宝塔，连接形式需确认"
"3501","3506","薄膜","薄膜","覆盖材料/薄膜","类型: 薄膜","㎡","待确认","材质/厚度/宽度缺失"
"3507","3512","水塔1T","水塔","储水设备/水箱水塔","容量: 1T","个","待确认","材质/安装形式/是否食品级缺失"
"3509","3514","一端丝芽一端焊接焊管","一端丝牙一端焊接焊管","管件/焊接管件","结构: 一端丝牙一端焊接；原始: 丝芽","根","待确认","`丝芽`疑似丝牙，管径/长度/材质缺失"
"3516","3521","黄砂","黄砂","建材/砂石","材料: 黄砂","吨","待确认","粒径/含泥量/用途缺失"
"3523","3528","10.9级m24平 弹垫","高强度平弹垫套件","紧固件/垫圈","强度等级: 10.9；规格: M24；包含: 平垫+弹垫","只","待确认","平垫和弹垫是否应拆分，单位与套/只需确认"
"3534","3539","橡胶PVC盖板大二线槽","橡胶PVC盖板线槽","电气/线槽桥架","材质: 橡胶PVC；结构: 盖板；规格: 大二","块","待确认","`大二`规格不标准，长度/宽度缺失"
"3536","3541","加工两端镀锌水管6分0.75米","两端加工镀锌水管","定制件/加工管件","表面: 镀锌；规格: 6分；长度: 0.75米；加工: 两端","根","待确认","两端连接形式/材质/图纸缺失"
"3537","3542","加工两端镀锌水管6分0.3米","两端加工镀锌水管","定制件/加工管件","表面: 镀锌；规格: 6分；长度: 0.3米；加工: 两端","根","待确认","两端连接形式/材质/图纸缺失"
"3541","3546","不锈钢水龙头","不锈钢水龙头","水暖五金/水龙头","材质: 不锈钢","个","待确认","规格/连接口径/型号缺失"
"3561","3566","卡箍100","卡箍","管件/卡箍","规格: 100","只","待确认","DN100还是外径100需确认，材质缺失"
"3565","3570","背胶草坪1m*3.0","背胶草坪","装饰材料/人造草坪","背胶: 是；尺寸: 1m*3.0","㎡","待确认","厚度/草高/单位与尺寸换算需确认"
"3566","3571","3M电工胶布红 黄 兰绿 黑 双色","电工胶布","电气/绝缘材料","品牌: 3M；颜色: 红/黄/兰绿/黑/双色；原始: 兰绿","卷","待确认","`兰绿`疑似蓝/绿，多颜色是否应拆分建档"
"3571","3576","除胶剂","除胶剂","化工辅料/清洗剂","类型: 除胶剂","瓶","待确认","品牌/容量/SDS缺失"
"3572","3577","木屑大麻袋装","木屑","辅料耗材/吸附填充材料","包装: 大麻袋装","袋","待确认","材质来源/重量/用途缺失"
"3581","3586","高压对丝内角接头18","高压对丝内角接头","液压气动/高压接头","结构: 对丝内角；规格: 18","只","待确认","螺纹标准/压力等级/材质缺失"
"3582","3587","高压钢编管m18*50m","高压钢编管","液压气动/高压软管","接口/规格: M18；长度: 50m","根","待确认","50m是否长度过长需确认，压力等级/接口形式缺失"
"3599","3604","进口电机加药泵配减速机","加药泵减速机套装","环保设备/加药泵","配置: 进口电机+加药泵+减速机","套","待确认","品牌/流量/功率/减速比缺失"
"3601","3606","加工螺旋泵主轴套","螺旋泵主轴套","定制件/设备加工件","加工对象: 螺旋泵主轴套","个","待确认","图纸/材质/尺寸/适配设备缺失"
"3605","3610","胶手套","胶手套","劳保用品/手套","材质: 胶","付","待确认","材质类型/厚度/尺码缺失"
"3606","3611","砂纸","砂纸","磨具磨料/砂纸","类型: 砂纸","张","待确认","目数/材质/尺寸缺失"
"3612","3618","泥桶","泥桶","施工工具/桶具","用途: 泥桶","个","待确认","材质/容量缺失"
"3613","3619","轴承","轴承","机械传动/轴承","类型: 轴承","个","待确认","型号/品牌/精度等级缺失"
"3620","3626","蛇皮袋","蛇皮袋","包装材料/编织袋","类型: 蛇皮袋","条","待确认","尺寸/承重/材质缺失"
"3621","3627","钢丝绳扣6","钢丝绳扣","吊装索具/绳扣","规格: 6","只","待确认","规格单位/适配钢丝绳直径/材质缺失"
"3622","3628","钢丝绳扣8","钢丝绳扣","吊装索具/绳扣","规格: 8","只","待确认","规格单位/适配钢丝绳直径/材质缺失"
"3626","3632","淘喜除绣灵450mL","除锈剂","化工辅料/除锈剂","品牌: 淘喜；原始: 除绣灵；容量: 450mL","瓶","待确认","`除绣灵`疑似除锈灵，SDS/型号缺失"
"3637","3643","抹布","抹布","清洁用品/抹布","类型: 抹布","KG","待确认","材质/尺寸缺失，单位按重量需确认"
"3647","3653","救生衣","救生衣","安全防护/救生用品","类型: 救生衣","件","待确认","浮力等级/尺码/认证标准缺失"
"3648","3654","架子管6m","脚手架钢管","建筑周转材料/脚手架","长度: 6m","根","待确认","管径/壁厚/材质缺失"
