issue_id	issue_type	severity	review_status	standard_name	standard_group	required_specs	unit_values	draft_sku_ids	draft_item_codes	candidate_count	source_candidate_rows	reason	suggested_action
DEDUPE-00001	exact_duplicate_auto_merged	low	auto_merged	断点检测电笔	工具器具/电工工具	功能：找断点/测电	只	SKU-DRAFT-000036	TOOL-000003	2	36;86	标准名称、必填规格、标准分组、标准单位完全一致，已在 SKU 草案中自动合并为一条。	抽样确认别名和整理依据，无需重复建档。
DEDUPE-00002	exact_duplicate_auto_merged	low	auto_merged	水龙头花洒套装	工程材料/水暖五金	组合：水龙头+花洒	套	SKU-DRAFT-000067	MAT-000005	2	67;216	标准名称、必填规格、标准分组、标准单位完全一致，已在 SKU 草案中自动合并为一条。	抽样确认别名和整理依据，无需重复建档。
DEDUPE-00003	exact_duplicate_auto_merged	low	auto_merged	帆布手套	劳保耗材/手套	材质：帆布；特征：加厚、双层	双	SKU-DRAFT-000218	SAFE-000005	2	220;634	标准名称、必填规格、标准分组、标准单位完全一致，已在 SKU 草案中自动合并为一条。	抽样确认别名和整理依据，无需重复建档。
DEDUPE-00004	exact_duplicate_auto_merged	low	auto_merged	铁丝	五金备件/金属丝材	规格：14号	KG	SKU-DRAFT-000258	SPARE-000025	2	260;551	标准名称、必填规格、标准分组、标准单位完全一致，已在 SKU 草案中自动合并为一条。	抽样确认别名和整理依据，无需重复建档。
DEDUPE-00005	exact_duplicate_auto_merged	low	auto_merged	PVC直通	工程材料/PVC管件	品牌：公元；规格：75；材质：PVC	个	SKU-DRAFT-000369	PIPE-000067	2	371;383	标准名称、必填规格、标准分组、标准单位完全一致，已在 SKU 草案中自动合并为一条。	抽样确认别名和整理依据，无需重复建档。
DEDUPE-00006	exact_duplicate_auto_merged	low	auto_merged	床垫	行政后勤/生活用品	类型：床垫	个	SKU-DRAFT-000423	ADMIN-000012	2	426;1734	标准名称、必填规格、标准分组、标准单位完全一致，已在 SKU 草案中自动合并为一条。	抽样确认别名和整理依据，无需重复建档。
DEDUPE-00007	exact_duplicate_auto_merged	low	auto_merged	枕头	行政后勤/生活用品	类型：枕头	个	SKU-DRAFT-000425	MAT-000040	2	428;1679	标准名称、必填规格、标准分组、标准单位完全一致，已在 SKU 草案中自动合并为一条。	抽样确认别名和整理依据，无需重复建档。
DEDUPE-00008	exact_duplicate_auto_merged	low	auto_merged	无缝钢管	钢材/钢管	外径：48mm；壁厚：4.0mm	米	SKU-DRAFT-000770	PIPE-000129	2	775;1144	标准名称、必填规格、标准分组、标准单位完全一致，已在 SKU 草案中自动合并为一条。	抽样确认别名和整理依据，无需重复建档。
DEDUPE-00009	exact_duplicate_auto_merged	low	auto_merged	一次性雨衣	劳保耗材/雨具	类型：一次性；特征：加厚	件	SKU-DRAFT-000808	SAFE-000057	2	813;1138	标准名称、必填规格、标准分组、标准单位完全一致，已在 SKU 草案中自动合并为一条。	抽样确认别名和整理依据，无需重复建档。
DEDUPE-00010	exact_duplicate_auto_merged	low	auto_merged	卸扣	吊装索具/卸扣	额定载荷：2T	个	SKU-DRAFT-000873	MAT-000085	2	878;1798	标准名称、必填规格、标准分组、标准单位完全一致，已在 SKU 草案中自动合并为一条。	抽样确认别名和整理依据，无需重复建档。
DEDUPE-00011	exact_duplicate_auto_merged	low	auto_merged	铁丝	五金耗材/金属丝	材质：铁	kg	SKU-DRAFT-000919	METAL-000067	2	924;1401	标准名称、必填规格、标准分组、标准单位完全一致，已在 SKU 草案中自动合并为一条。	抽样确认别名和整理依据，无需重复建档。
DEDUPE-00012	exact_duplicate_auto_merged	low	auto_merged	抹布	清洁耗材/擦拭材料	形态：大块；颜色：白色	kg	SKU-DRAFT-001332	ADMIN-000043	2	1339;1365	标准名称、必填规格、标准分组、标准单位完全一致，已在 SKU 草案中自动合并为一条。	抽样确认别名和整理依据，无需重复建档。
DEDUPE-00013	exact_duplicate_auto_merged	low	auto_merged	卸扣	吊装索具/卸扣	额定载荷：8T	个	SKU-DRAFT-001335	MAT-000117	2	1342;1797	标准名称、必填规格、标准分组、标准单位完全一致，已在 SKU 草案中自动合并为一条。	抽样确认别名和整理依据，无需重复建档。
DEDUPE-00014	exact_duplicate_auto_merged	low	auto_merged	卸扣	吊装索具/卸扣	额定载荷：10T	个	SKU-DRAFT-001336	MAT-000118	2	1343;1796	标准名称、必填规格、标准分组、标准单位完全一致，已在 SKU 草案中自动合并为一条。	抽样确认别名和整理依据，无需重复建档。
DEDUPE-00015	exact_duplicate_auto_merged	low	auto_merged	T型螺丝套件	紧固件/螺丝套件	螺丝规格：M16*50；套件组成：平垫+弹垫+螺母	套	SKU-DRAFT-001498	FAST-000068	2	1507;1523	标准名称、必填规格、标准分组、标准单位完全一致，已在 SKU 草案中自动合并为一条。	抽样确认别名和整理依据，无需重复建档。
DEDUPE-00016	exact_duplicate_auto_merged	low	auto_merged	抗盐膨润土	化工原料/膨润土	类型：抗盐膨润土	吨	SKU-DRAFT-001501	MAT-000146	2	1510;1522	标准名称、必填规格、标准分组、标准单位完全一致，已在 SKU 草案中自动合并为一条。	抽样确认别名和整理依据，无需重复建档。
DEDUPE-00017	exact_duplicate_auto_merged	low	auto_merged	带盖方桶	容器/塑料桶	材质：牛筋；容量：6L；配置：带盖	只	SKU-DRAFT-001604	MAT-000165	2	1615;1893	标准名称、必填规格、标准分组、标准单位完全一致，已在 SKU 草案中自动合并为一条。	抽样确认别名和整理依据，无需重复建档。
DEDUPE-00018	exact_duplicate_auto_merged	low	auto_merged	油漆滚筒	涂装工具/滚筒	规格：大号；用途：油漆	只	SKU-DRAFT-001607	CHEM-000107	3	1618;1671;1925	标准名称、必填规格、标准分组、标准单位完全一致，已在 SKU 草案中自动合并为一条。	抽样确认别名和整理依据，无需重复建档。
DEDUPE-00019	exact_duplicate_auto_merged	low	auto_merged	泥桶	施工工具/桶具	用途：泥浆/砂浆	只	SKU-DRAFT-001609	TOOL-000235	2	1620;1988	标准名称、必填规格、标准分组、标准单位完全一致，已在 SKU 草案中自动合并为一条。	抽样确认别名和整理依据，无需重复建档。
DEDUPE-00020	exact_duplicate_auto_merged	low	auto_merged	油漆滚筒	涂装工具/滚筒	规格：小号；用途：油漆	只	SKU-DRAFT-001620	CHEM-000117	3	1631;1672;1696	标准名称、必填规格、标准分组、标准单位完全一致，已在 SKU 草案中自动合并为一条。	抽样确认别名和整理依据，无需重复建档。
DEDUPE-00021	exact_duplicate_auto_merged	low	auto_merged	乙炔减压表	焊接工具/气体仪表	介质：乙炔；类型：减压表	只	SKU-DRAFT-001748	WELD-000046	2	1764;1966	标准名称、必填规格、标准分组、标准单位完全一致，已在 SKU 草案中自动合并为一条。	抽样确认别名和整理依据，无需重复建档。
DEDUPE-00022	exact_duplicate_auto_merged	low	auto_merged	镀锌内丝直接	管件/镀锌管件	规格：3寸；表面：镀锌；连接：内丝；类型：直接	只	SKU-DRAFT-001760	PIPE-000413	2	1776;1971	标准名称、必填规格、标准分组、标准单位完全一致，已在 SKU 草案中自动合并为一条。	抽样确认别名和整理依据，无需重复建档。
DEDUPE-00023	exact_duplicate_auto_merged	low	auto_merged	不锈钢挂锁	五金/锁具	规格：40；材质：不锈钢	把	SKU-DRAFT-001788	METAL-000121	2	1807;2009	标准名称、必填规格、标准分组、标准单位完全一致，已在 SKU 草案中自动合并为一条。	抽样确认别名和整理依据，无需重复建档。
DEDUPE-00024	exact_duplicate_auto_merged	low	auto_merged	建筑模板	建筑材料/模板	颜色：红；尺寸：2.4m*1.22m；厚度：15mm	张	SKU-DRAFT-001970	CONST-000034	2	1994;2006	标准名称、必填规格、标准分组、标准单位完全一致，已在 SKU 草案中自动合并为一条。	抽样确认别名和整理依据，无需重复建档。
DEDUPE-00025	exact_duplicate_auto_merged	low	auto_merged	尼龙扎带	辅料耗材/扎带	材质：尼龙；规格：10*500	包	SKU-DRAFT-002302	ELEC-TIE-000012	2	2328;2345	标准名称、必填规格、标准分组、标准单位完全一致，已在 SKU 草案中自动合并为一条。	抽样确认别名和整理依据，无需重复建档。
DEDUPE-00026	unit_conflict_review	high	needs_review	插销	五金备件/门窗五金	材质：不锈钢	个；套	SKU-DRAFT-000052；SKU-DRAFT-000069	SPARE-000002；SPARE-000007	2	52；69	标准名称和必填规格相同，但单位不同，不能自动判断是否同一 SKU。	确认采购、库存和领用的基础单位，再决定合并或保留独立 SKU。
DEDUPE-00027	unit_conflict_review	high	needs_review	滚筒刷	工具器具/涂装工具	规格：4寸	个；支	SKU-DRAFT-000055；SKU-DRAFT-000631	TOOL-000004；TOOL-000101	2	55；636	标准名称和必填规格相同，但单位不同，不能自动判断是否同一 SKU。	确认采购、库存和领用的基础单位，再决定合并或保留独立 SKU。
DEDUPE-00028	unit_conflict_review	high	needs_review	羊毛刷	工具器具/涂装工具	规格：4寸	个；支	SKU-DRAFT-000098；SKU-DRAFT-000111	TOOL-000010；TOOL-000011	2	99；112	标准名称和必填规格相同，但单位不同，不能自动判断是否同一 SKU。	确认采购、库存和领用的基础单位，再决定合并或保留独立 SKU。
DEDUPE-00029	unit_conflict_review	high	needs_review	拖把	清洁用品/清洁工具	规格：大	个；支	SKU-DRAFT-000133；SKU-DRAFT-000172	TOOL-000017；TOOL-000025	2	134；173	标准名称和必填规格相同，但单位不同，不能自动判断是否同一 SKU。	确认采购、库存和领用的基础单位，再决定合并或保留独立 SKU。
DEDUPE-00030	unit_conflict_review	high	needs_review	毛刷	工具器具/涂装工具	规格：3寸	支；个	SKU-DRAFT-000170；SKU-DRAFT-000239	TOOL-000023；TOOL-000035	2	171；241	标准名称和必填规格相同，但单位不同，不能自动判断是否同一 SKU。	确认采购、库存和领用的基础单位，再决定合并或保留独立 SKU。
DEDUPE-00031	unit_conflict_review	high	needs_review	美工刀	工具器具/手动工具	类型：美工刀	支；把	SKU-DRAFT-000230；SKU-DRAFT-000713	TOOL-000034；TOOL-000113	2	232；718	标准名称和必填规格相同，但单位不同，不能自动判断是否同一 SKU。	确认采购、库存和领用的基础单位，再决定合并或保留独立 SKU。
DEDUPE-00032	unit_conflict_review	high	needs_review	羊毛刷	工具器具/涂装工具	规格：4寸；材质：羊毛	个；支	SKU-DRAFT-000240；SKU-DRAFT-000462	TOOL-000036；TOOL-000068	2	242；465	标准名称和必填规格相同，但单位不同，不能自动判断是否同一 SKU。	确认采购、库存和领用的基础单位，再决定合并或保留独立 SKU。
DEDUPE-00033	unit_conflict_review	high	needs_review	电焊钳	焊接耗材/焊割工具	电流：500A	把；支	SKU-DRAFT-000269；SKU-DRAFT-000491	WELD-000008；WELD-000014	2	271；494	标准名称和必填规格相同，但单位不同，不能自动判断是否同一 SKU。	确认采购、库存和领用的基础单位，再决定合并或保留独立 SKU。
DEDUPE-00034	unit_conflict_review	high	needs_review	自喷漆	化工耗材/涂料	品牌：三和；颜色：灰色；类型：自喷漆	瓶；支	SKU-DRAFT-000291；SKU-DRAFT-000633	CHEM-000017；CHEM-000049	2	293；638	标准名称和必填规格相同，但单位不同，不能自动判断是否同一 SKU。	确认采购、库存和领用的基础单位，再决定合并或保留独立 SKU。
DEDUPE-00035	unit_conflict_review	high	needs_review	床垫	行政后勤/生活用品	类型：床垫	个；床	SKU-DRAFT-000423；SKU-DRAFT-001665	ADMIN-000012；ADMIN-000052	3	426;1734；1678	标准名称和必填规格相同，但单位不同，不能自动判断是否同一 SKU。	确认采购、库存和领用的基础单位，再决定合并或保留独立 SKU。
DEDUPE-00036	unit_conflict_review	high	needs_review	冰块	行政后勤/临时消耗品	重量：50kg	个；块	SKU-DRAFT-000567；SKU-DRAFT-000579	MAT-000059；MAT-000060	2	571；583	标准名称和必填规格相同，但单位不同，不能自动判断是否同一 SKU。	确认采购、库存和领用的基础单位，再决定合并或保留独立 SKU。
DEDUPE-00037	unit_conflict_review	high	needs_review	拖把	劳保耗材/清洁工具	类型：拖把	支；个	SKU-DRAFT-000603；SKU-DRAFT-000729	TOOL-000098；TOOL-000118	2	607；734	标准名称和必填规格相同，但单位不同，不能自动判断是否同一 SKU。	确认采购、库存和领用的基础单位，再决定合并或保留独立 SKU。
DEDUPE-00038	unit_conflict_review	high	needs_review	记号笔	办公耗材/书写用品	品类：记号笔	个；支	SKU-DRAFT-000796；SKU-DRAFT-001192	ADMIN-000025；ADMIN-000036	2	801；1199	标准名称和必填规格相同，但单位不同，不能自动判断是否同一 SKU。	确认采购、库存和领用的基础单位，再决定合并或保留独立 SKU。
DEDUPE-00039	unit_conflict_review	high	needs_review	油布	劳保耗材/覆盖防护	特征：加厚	平方；m2	SKU-DRAFT-000801；SKU-DRAFT-001031	SAFE-000056；SAFE-000069	2	806；1036	标准名称和必填规格相同，但单位不同，不能自动判断是否同一 SKU。	确认采购、库存和领用的基础单位，再决定合并或保留独立 SKU。
DEDUPE-00040	unit_conflict_review	high	needs_review	一次性雨衣	劳保耗材/雨具	类型：一次性；特征：加厚	件；套	SKU-DRAFT-000808；SKU-DRAFT-001074	SAFE-000057；SAFE-000073	3	813;1138；1079	标准名称和必填规格相同，但单位不同，不能自动判断是否同一 SKU。	确认采购、库存和领用的基础单位，再决定合并或保留独立 SKU。
DEDUPE-00041	unit_conflict_review	high	needs_review	膨胀螺丝	紧固件/膨胀件	规格：M14*100	套；个	SKU-DRAFT-000900；SKU-DRAFT-000942	FAST-000023；FAST-000026	2	905；947	标准名称和必填规格相同，但单位不同，不能自动判断是否同一 SKU。	确认采购、库存和领用的基础单位，再决定合并或保留独立 SKU。
DEDUPE-00042	unit_conflict_review	high	needs_review	自喷漆	化工耗材/涂料	颜色：白色；类型：自喷漆	个；支	SKU-DRAFT-000959；SKU-DRAFT-001235	CHEM-000064；CHEM-000086	2	964；1242	标准名称和必填规格相同，但单位不同，不能自动判断是否同一 SKU。	确认采购、库存和领用的基础单位，再决定合并或保留独立 SKU。
DEDUPE-00043	unit_conflict_review	high	needs_review	扁平吊装带	吊装索具/吊带	额定载荷：5T；长度：6米；颜色：彩色	付；根	SKU-DRAFT-001054；SKU-DRAFT-001083	MAT-000095；MAT-000099	2	1059；1088	标准名称和必填规格相同，但单位不同，不能自动判断是否同一 SKU。	确认采购、库存和领用的基础单位，再决定合并或保留独立 SKU。
DEDUPE-00044	unit_conflict_review	high	needs_review	铁锹柄	工具备件/手动工具配件	部件：柄；适用：铁锹	个；支	SKU-DRAFT-001139；SKU-DRAFT-001232	TOOL-000173；TOOL-000196	2	1146；1239	标准名称和必填规格相同，但单位不同，不能自动判断是否同一 SKU。	确认采购、库存和领用的基础单位，再决定合并或保留独立 SKU。
DEDUPE-00045	unit_conflict_review	high	needs_review	一体式触摸屏	电气材料/工控配件	型号：TPC1570；结构：一体式	台；套	SKU-DRAFT-001226；SKU-DRAFT-001273	ELEC-000136；ELEC-000139	2	1233；1280	标准名称和必填规格相同，但单位不同，不能自动判断是否同一 SKU。	确认采购、库存和领用的基础单位，再决定合并或保留独立 SKU。
DEDUPE-00046	unit_conflict_review	high	needs_review	灭火器	安全消防/灭火器	灭火剂重量：2KG	瓶；只	SKU-DRAFT-001545；SKU-DRAFT-002137	SAFE-000094；SAFE-000121	2	1556；2163	标准名称和必填规格相同，但单位不同，不能自动判断是否同一 SKU。	确认采购、库存和领用的基础单位，再决定合并或保留独立 SKU。
DEDUPE-00047	unit_conflict_review	high	needs_review	螺纹锁固胶	胶粘剂/螺纹锁固胶	品牌：乐泰；型号：243	只；瓶	SKU-DRAFT-001601；SKU-DRAFT-002097	CHEM-000106；CHEM-000151	2	1612；2123	标准名称和必填规格相同，但单位不同，不能自动判断是否同一 SKU。	确认采购、库存和领用的基础单位，再决定合并或保留独立 SKU。
DEDUPE-00048	unit_conflict_review	high	needs_review	羊毛刷	涂装工具/刷子	规格：4寸；材质：羊毛	只；把	SKU-DRAFT-001660；SKU-DRAFT-001926	TOOL-000243；TOOL-000291	2	1673；1947	标准名称和必填规格相同，但单位不同，不能自动判断是否同一 SKU。	确认采购、库存和领用的基础单位，再决定合并或保留独立 SKU。
DEDUPE-00049	unit_conflict_review	high	needs_review	钢刷	涂装工具/刷子	材质：钢丝；类型：钢刷	只；把	SKU-DRAFT-001662；SKU-DRAFT-001682	TOOL-000245；TOOL-000251	2	1675；1697	标准名称和必填规格相同，但单位不同，不能自动判断是否同一 SKU。	确认采购、库存和领用的基础单位，再决定合并或保留独立 SKU。
DEDUPE-00050	unit_conflict_review	high	needs_review	蚕丝被	行政后勤/生活用品	材质：蚕丝；类型：被子	件；套	SKU-DRAFT-001664；SKU-DRAFT-001718	MAT-000177；MAT-000182	2	1677；1733	标准名称和必填规格相同，但单位不同，不能自动判断是否同一 SKU。	确认采购、库存和领用的基础单位，再决定合并或保留独立 SKU。
DEDUPE-00051	alias_conflict_review	medium	needs_review	聚氨酯堵漏剂20KG	化工耗材/堵漏剂；化工原料/堵漏材料	包装规格：20kg；材料：聚氨酯；用途：堵漏；包装：20KG	桶	SKU-DRAFT-000007；SKU-DRAFT-001753	CHEM-000001；CHEM-000131	2	7；1769	同一别名/土名 '聚氨酯堵漏剂20KG' 指向多个 SKU 候选。	确认该别名是否可唯一指向某个 SKU；若不能唯一，检索时必须让用户补充规格。
DEDUPE-00052	alias_conflict_review	medium	needs_review	公牛五孔插座	电气材料/插座开关；电气材料/插头插座	品牌：公牛；类型：五孔；品牌：公牛；类型：五孔插座	个；套	SKU-DRAFT-000012；SKU-DRAFT-000437；SKU-DRAFT-000617	ELEC-000010；ELEC-000066；ELEC-000094	3	12；440；621	同一别名/土名 '公牛五孔插座' 指向多个 SKU 候选。	确认该别名是否可唯一指向某个 SKU；若不能唯一，检索时必须让用户补充规格。
DEDUPE-00053	alias_conflict_review	medium	needs_review	公元25PPR管	工程材料/PPR管件	品牌：公元；规格：25；品牌：公元；规格：25；材质：PPR	米	SKU-DRAFT-000027；SKU-DRAFT-000438	PIPE-000001；PIPE-000081	2	27；441	同一别名/土名 '公元25PPR管' 指向多个 SKU 候选。	确认该别名是否可唯一指向某个 SKU；若不能唯一，检索时必须让用户补充规格。
DEDUPE-00054	alias_conflict_review	medium	needs_review	公元25PPR弯头	工程材料/PPR管件	品牌：公元；规格：25；类型：弯头；品牌：公元；规格：25；材质：PPR	个	SKU-DRAFT-000029；SKU-DRAFT-000709	PIPE-000003；PIPE-000115	2	29；714	同一别名/土名 '公元25PPR弯头' 指向多个 SKU 候选。	确认该别名是否可唯一指向某个 SKU；若不能唯一，检索时必须让用户补充规格。
DEDUPE-00055	alias_conflict_review	medium	needs_review	公元热熔机	工具器具/管道工具	品牌：公元；用途：PPR热熔	个；台	SKU-DRAFT-000030；SKU-DRAFT-000708	PIPE-000004；PIPE-000114	2	30；713	同一别名/土名 '公元热熔机' 指向多个 SKU 候选。	确认该别名是否可唯一指向某个 SKU；若不能唯一，检索时必须让用户补充规格。
DEDUPE-00056	alias_conflict_review	medium	needs_review	3M电胶布	电气材料/绝缘材料	品牌：3M；品牌：3M；类型：电工胶布	个；卷	SKU-DRAFT-000034；SKU-DRAFT-001116	ELEC-000019；ELEC-000133	2	34；1121	同一别名/土名 '3M电胶布' 指向多个 SKU 候选。	确认该别名是否可唯一指向某个 SKU；若不能唯一，检索时必须让用户补充规格。
DEDUPE-00057	alias_conflict_review	medium	needs_review	世达多功能剥线钳	工具器具/手动工具	品牌：世达；类型：多功能剥线钳	只；个	SKU-DRAFT-000035；SKU-DRAFT-000086	TOOL-000002；TOOL-000009	2	35；87	同一别名/土名 '世达多功能剥线钳' 指向多个 SKU 候选。	确认该别名是否可唯一指向某个 SKU；若不能唯一，检索时必须让用户补充规格。
DEDUPE-00058	alias_conflict_review	medium	needs_review	洁厕灵	清洁用品/清洁剂；劳保耗材/清洁用品	类型：洁厕清洁剂；类型：洁厕灵	瓶；支	SKU-DRAFT-000038；SKU-DRAFT-000602	ADMIN-000002；SAFE-000044	2	38；606	同一别名/土名 '洁厕灵' 指向多个 SKU 候选。	确认该别名是否可唯一指向某个 SKU；若不能唯一，检索时必须让用户补充规格。
DEDUPE-00059	alias_conflict_review	medium	needs_review	不锈钢插销	五金备件/门窗五金	材质：不锈钢	个；套	SKU-DRAFT-000052；SKU-DRAFT-000069	SPARE-000002；SPARE-000007	2	52；69	同一别名/土名 '不锈钢插销' 指向多个 SKU 候选。	确认该别名是否可唯一指向某个 SKU；若不能唯一，检索时必须让用户补充规格。
DEDUPE-00060	alias_conflict_review	medium	needs_review	4寸滚筒	工具器具/涂装工具	规格：4寸	个；支	SKU-DRAFT-000055；SKU-DRAFT-000631	TOOL-000004；TOOL-000101	2	55；636	同一别名/土名 '4寸滚筒' 指向多个 SKU 候选。	确认该别名是否可唯一指向某个 SKU；若不能唯一，检索时必须让用户补充规格。
DEDUPE-00061	alias_conflict_review	medium	needs_review	塑料扫把	清洁用品/清洁工具；劳保耗材/清洁工具；清洁用品/扫把	材质：塑料	个；把	SKU-DRAFT-000059；SKU-DRAFT-000552；SKU-DRAFT-002294	TOOL-000005；TOOL-000085；ADMIN-000072	3	59；556；2320	同一别名/土名 '塑料扫把' 指向多个 SKU 候选。	确认该别名是否可唯一指向某个 SKU；若不能唯一，检索时必须让用户补充规格。
DEDUPE-00062	alias_conflict_review	medium	needs_review	40不锈钢挂锁	五金备件/锁具；五金/锁具	材质：不锈钢；规格：40；规格：40；材质：不锈钢	个；把	SKU-DRAFT-000060；SKU-DRAFT-001788	HW-LOCK-000004；METAL-000121	3	60；1807;2009	同一别名/土名 '40不锈钢挂锁' 指向多个 SKU 候选。	确认该别名是否可唯一指向某个 SKU；若不能唯一，检索时必须让用户补充规格。
DEDUPE-00063	alias_conflict_review	medium	needs_review	高粱扫把	清洁用品/清洁工具；劳保耗材/清洁工具；清洁工具/扫把	材质/类型：高粱；材质：高粱；材质：高粱；类型：扫把	把；支	SKU-DRAFT-000061；SKU-DRAFT-000348；SKU-DRAFT-001679	TOOL-000006；TOOL-000046；TOOL-000249	3	61；350；1693	同一别名/土名 '高粱扫把' 指向多个 SKU 候选。	确认该别名是否可唯一指向某个 SKU；若不能唯一，检索时必须让用户补充规格。
DEDUPE-00064	alias_conflict_review	medium	needs_review	闭门器大	五金备件/门窗五金	规格：大；规格：大号	套；个	SKU-DRAFT-000068；SKU-DRAFT-000376	SPARE-000006；SPARE-000043	2	68；378	同一别名/土名 '闭门器大' 指向多个 SKU 候选。	确认该别名是否可唯一指向某个 SKU；若不能唯一，检索时必须让用户补充规格。
DEDUPE-00065	alias_conflict_review	medium	needs_review	扫把	清洁用品/清洁工具；行政后勤/清洁用品	规格：未注明；规格：待补	个	SKU-DRAFT-000085；SKU-DRAFT-001197	TOOL-000008；ADMIN-000037	2	85；1204	同一别名/土名 '扫把' 指向多个 SKU 候选。	确认该别名是否可唯一指向某个 SKU；若不能唯一，检索时必须让用户补充规格。
DEDUPE-00066	alias_conflict_review	medium	needs_review	100A铜鼻子	电气材料/接线端子；电气/接线端子	规格：100A；材质：铜；材质：铜；额定电流：100A	个；只	SKU-DRAFT-000091；SKU-DRAFT-001787	ELEC-000031；ELEC-000174	2	92；1806	同一别名/土名 '100A铜鼻子' 指向多个 SKU 候选。	确认该别名是否可唯一指向某个 SKU；若不能唯一，检索时必须让用户补充规格。
DEDUPE-00067	alias_conflict_review	medium	needs_review	200A铜鼻子	电气材料/接线端子；电气材料/电缆附件	规格：200A；材质：铜；电流：200A；材质：铜	个	SKU-DRAFT-000092；SKU-DRAFT-000606	ELEC-000032；ELEC-000092	2	93；610	同一别名/土名 '200A铜鼻子' 指向多个 SKU 候选。	确认该别名是否可唯一指向某个 SKU；若不能唯一，检索时必须让用户补充规格。
DEDUPE-00068	alias_conflict_review	medium	needs_review	4*4*0.5镀锌角铁	金属材料/型材；钢材/型材	材质/表面：镀锌；规格：4*4*0.5；规格：4*4*0.5；表面：镀锌	米	SKU-DRAFT-000097；SKU-DRAFT-001246	METAL-000003；METAL-000090	2	98；1253	同一别名/土名 '4*4*0.5镀锌角铁' 指向多个 SKU 候选。	确认该别名是否可唯一指向某个 SKU；若不能唯一，检索时必须让用户补充规格。
DEDUPE-00069	alias_conflict_review	medium	needs_review	4寸羊毛刷	工具器具/涂装工具	规格：4寸；规格：4寸；材质：羊毛	个；支	SKU-DRAFT-000098；SKU-DRAFT-000111；SKU-DRAFT-000240；SKU-DRAFT-000462	TOOL-000010；TOOL-000011；TOOL-000036；TOOL-000068	4	99；112；242；465	同一别名/土名 '4寸羊毛刷' 指向多个 SKU 候选。	确认该别名是否可唯一指向某个 SKU；若不能唯一，检索时必须让用户补充规格。
DEDUPE-00070	alias_conflict_review	medium	needs_review	生料带	工程材料/水暖辅材；工程材料/水暖五金	类型：密封带；类型：生料带	个	SKU-DRAFT-000107；SKU-DRAFT-000432	SPARE-000008；MAT-000043	2	108；435	同一别名/土名 '生料带' 指向多个 SKU 候选。	确认该别名是否可唯一指向某个 SKU；若不能唯一，检索时必须让用户补充规格。
DEDUPE-00071	alias_conflict_review	medium	needs_review	记号笔	办公低耗/文具；办公耗材/书写用品	类型：记号笔；品类：记号笔	个；支	SKU-DRAFT-000109；SKU-DRAFT-000796；SKU-DRAFT-001192	ADMIN-000006；ADMIN-000025；ADMIN-000036	3	110；801；1199	同一别名/土名 '记号笔' 指向多个 SKU 候选。	确认该别名是否可唯一指向某个 SKU；若不能唯一，检索时必须让用户补充规格。
DEDUPE-00072	alias_conflict_review	medium	needs_review	得力美工刀	工具器具/手动工具；工具/刀具	品牌：得力	支；个	SKU-DRAFT-000114；SKU-DRAFT-001358	TOOL-000014；TOOL-000212	2	115；1366	同一别名/土名 '得力美工刀' 指向多个 SKU 候选。	确认该别名是否可唯一指向某个 SKU；若不能唯一，检索时必须让用户补充规格。
DEDUPE-00073	alias_conflict_review	medium	needs_review	大拖把	清洁用品/清洁工具	规格：大	个；支	SKU-DRAFT-000133；SKU-DRAFT-000172	TOOL-000017；TOOL-000025	2	134；173	同一别名/土名 '大拖把' 指向多个 SKU 候选。	确认该别名是否可唯一指向某个 SKU；若不能唯一，检索时必须让用户补充规格。
DEDUPE-00074	alias_conflict_review	medium	needs_review	不锈钢锁扣	五金备件/门窗五金；五金/锁具配件	材质：不锈钢；材质：不锈钢；类型：锁扣	个；套	SKU-DRAFT-000135；SKU-DRAFT-001803	METAL-000006；HW-LOCK-000013	2	136；1822	同一别名/土名 '不锈钢锁扣' 指向多个 SKU 候选。	确认该别名是否可唯一指向某个 SKU；若不能唯一，检索时必须让用户补充规格。
DEDUPE-00075	alias_conflict_review	medium	needs_review	50*50*6国标角铁	金属材料/型材；原材料/型钢	规格：50*50*6；标准：国标	米	SKU-DRAFT-000144；SKU-DRAFT-000268	METAL-000007；METAL-000022	2	145；270	同一别名/土名 '50*50*6国标角铁' 指向多个 SKU 候选。	确认该别名是否可唯一指向某个 SKU；若不能唯一，检索时必须让用户补充规格。
DEDUPE-00076	alias_conflict_review	medium	needs_review	502胶水	化工耗材/胶粘剂	类型：502；型号/俗称：502	支；个	SKU-DRAFT-000149；SKU-DRAFT-000990	CHEM-000003；CHEM-000066	2	150；995	同一别名/土名 '502胶水' 指向多个 SKU 候选。	确认该别名是否可唯一指向某个 SKU；若不能唯一，检索时必须让用户补充规格。
DEDUPE-00077	alias_conflict_review	medium	needs_review	大块棉布	劳保耗材/擦拭材料；清洁耗材/擦拭材料	规格：大块；形态：大块	KG	SKU-DRAFT-000151；SKU-DRAFT-000806	SAFE-000003；ADMIN-000026	2	152；811	同一别名/土名 '大块棉布' 指向多个 SKU 候选。	确认该别名是否可唯一指向某个 SKU；若不能唯一，检索时必须让用户补充规格。
DEDUPE-00078	alias_conflict_review	medium	needs_review	五孔插座	电气材料/插头插座	类型：五孔；类型：五孔插座	个；套	SKU-DRAFT-000154；SKU-DRAFT-000325	ELEC-000036；ELEC-000055	2	155；327	同一别名/土名 '五孔插座' 指向多个 SKU 候选。	确认该别名是否可唯一指向某个 SKU；若不能唯一，检索时必须让用户补充规格。
DEDUPE-00079	alias_conflict_review	medium	needs_review	2T卸扣	吊装索具/卸扣	载荷：2T；额定载荷：2T	个	SKU-DRAFT-000159；SKU-DRAFT-000873	MAT-000017；MAT-000085	3	160；878;1798	同一别名/土名 '2T卸扣' 指向多个 SKU 候选。	确认该别名是否可唯一指向某个 SKU；若不能唯一，检索时必须让用户补充规格。
DEDUPE-00080	alias_conflict_review	medium	needs_review	3寸毛刷	工具器具/涂装工具	规格：3寸	支；个	SKU-DRAFT-000170；SKU-DRAFT-000239	TOOL-000023；TOOL-000035	2	171；241	同一别名/土名 '3寸毛刷' 指向多个 SKU 候选。	确认该别名是否可唯一指向某个 SKU；若不能唯一，检索时必须让用户补充规格。
DEDUPE-00081	alias_conflict_review	medium	needs_review	大艺锂电池角磨机	工具器具/电动工具	品牌：大艺；动力：锂电池；品牌：大艺；供电：锂电池	台	SKU-DRAFT-000174；SKU-DRAFT-000274	TOOL-000027；TOOL-000040	2	175；276	同一别名/土名 '大艺锂电池角磨机' 指向多个 SKU 候选。	确认该别名是否可唯一指向某个 SKU；若不能唯一，检索时必须让用户补充规格。
DEDUPE-00082	alias_conflict_review	medium	needs_review	4T卸扣	吊装索具/卸扣	载荷：4T；额定载荷：4T	个	SKU-DRAFT-000176；SKU-DRAFT-000874	MAT-000018；MAT-000086	2	177；879	同一别名/土名 '4T卸扣' 指向多个 SKU 候选。	确认该别名是否可唯一指向某个 SKU；若不能唯一，检索时必须让用户补充规格。
DEDUPE-00083	alias_conflict_review	medium	needs_review	电焊眼镜	劳保耗材/眼面防护	用途：电焊；用途：电焊防护	付；副	SKU-DRAFT-000188；SKU-DRAFT-000345；SKU-DRAFT-001953	SAFE-000004；SAFE-000017；SAFE-000114	3	189；347；1976	同一别名/土名 '电焊眼镜' 指向多个 SKU 候选。	确认该别名是否可唯一指向某个 SKU；若不能唯一，检索时必须让用户补充规格。
DEDUPE-00084	alias_conflict_review	medium	needs_review	白色调和油漆	化工耗材/涂料	颜色：白色；类型：调和油漆；颜色：白色；类型：调和漆	桶	SKU-DRAFT-000205；SKU-DRAFT-000259	CHEM-000008；CHEM-000013	2	206；261	同一别名/土名 '白色调和油漆' 指向多个 SKU 候选。	确认该别名是否可唯一指向某个 SKU；若不能唯一，检索时必须让用户补充规格。
DEDUPE-00085	alias_conflict_review	medium	needs_review	加厚双层帆布手套	劳保耗材/手套	材质：帆布；特征：加厚、双层；材质：帆布；结构：双层；特征：加厚	双	SKU-DRAFT-000218；SKU-DRAFT-001047	SAFE-000005；SAFE-000070	3	220;634；1052	同一别名/土名 '加厚双层帆布手套' 指向多个 SKU 候选。	确认该别名是否可唯一指向某个 SKU；若不能唯一，检索时必须让用户补充规格。
DEDUPE-00086	alias_conflict_review	medium	needs_review	美工刀	工具器具/手动工具；工具/刀具	类型：美工刀	支；把；个	SKU-DRAFT-000230；SKU-DRAFT-000713；SKU-DRAFT-001216	TOOL-000034；TOOL-000113；TOOL-000193	3	232；718；1223	同一别名/土名 '美工刀' 指向多个 SKU 候选。	确认该别名是否可唯一指向某个 SKU；若不能唯一，检索时必须让用户补充规格。
DEDUPE-00087	alias_conflict_review	medium	needs_review	一次性口罩	劳保耗材/呼吸防护	类型：一次性；类型：一次性口罩	个；只	SKU-DRAFT-000241；SKU-DRAFT-001708	SAFE-000013；SAFE-000103	2	243；1723	同一别名/土名 '一次性口罩' 指向多个 SKU 候选。	确认该别名是否可唯一指向某个 SKU；若不能唯一，检索时必须让用户补充规格。
DEDUPE-00088	alias_conflict_review	medium	needs_review	500A电焊钳	焊接耗材/焊割工具；焊割耗材/焊钳	电流：500A；额定电流：500A	把；支	SKU-DRAFT-000269；SKU-DRAFT-000491；SKU-DRAFT-001288	WELD-000008；WELD-000014；WELD-000040	3	271；494；1295	同一别名/土名 '500A电焊钳' 指向多个 SKU 候选。	确认该别名是否可唯一指向某个 SKU；若不能唯一，检索时必须让用户补充规格。
DEDUPE-00089	alias_conflict_review	medium	needs_review	800A电焊钳	焊接耗材/焊割工具；焊割耗材/焊钳	电流：800A；额定电流：800A	把	SKU-DRAFT-000270；SKU-DRAFT-001289	WELD-000009；WELD-000041	2	272；1296	同一别名/土名 '800A电焊钳' 指向多个 SKU 候选。	确认该别名是否可唯一指向某个 SKU；若不能唯一，检索时必须让用户补充规格。
DEDUPE-00090	alias_conflict_review	medium	needs_review	白色玻璃胶	化工耗材/胶粘剂	颜色：白色；颜色：白色；类型：玻璃胶	支	SKU-DRAFT-000312；SKU-DRAFT-001029	CHEM-000025；CHEM-000070	2	314；1034	同一别名/土名 '白色玻璃胶' 指向多个 SKU 候选。	确认该别名是否可唯一指向某个 SKU；若不能唯一，检索时必须让用户补充规格。
DEDUPE-00091	alias_conflict_review	medium	needs_review	白色记号笔	办公/标识耗材；办公耗材/书写用品；办公用品/书写工具	颜色：白色	支	SKU-DRAFT-000314；SKU-DRAFT-001202；SKU-DRAFT-002219	ADMIN-000011；ADMIN-000039；ADMIN-000069	3	316；1209；2245	同一别名/土名 '白色记号笔' 指向多个 SKU 候选。	确认该别名是否可唯一指向某个 SKU；若不能唯一，检索时必须让用户补充规格。
DEDUPE-00092	alias_conflict_review	medium	needs_review	3.2焊条	焊接耗材/焊材；焊割耗材/焊材	直径：3.2；直径：3.2mm	件	SKU-DRAFT-000344；SKU-DRAFT-001327	WELD-000011；WELD-000044	2	346；1334	同一别名/土名 '3.2焊条' 指向多个 SKU 候选。	确认该别名是否可唯一指向某个 SKU；若不能唯一，检索时必须让用户补充规格。
DEDUPE-00093	alias_conflict_review	medium	needs_review	18尼龙绳	吊装索具/绳索	直径：18mm；材质：尼龙；规格/直径：18；材质：尼龙	米	SKU-DRAFT-000394；SKU-DRAFT-001028	MAT-000037；MAT-000091	2	397；1033	同一别名/土名 '18尼龙绳' 指向多个 SKU 候选。	确认该别名是否可唯一指向某个 SKU；若不能唯一，检索时必须让用户补充规格。
DEDUPE-00094	alias_conflict_review	medium	needs_review	编织袋	包装材料/编织袋；包装材料/袋类	类型：编织袋；规格：待补	个	SKU-DRAFT-000421；SKU-DRAFT-001231	MAT-000038；MAT-000110	2	424；1238	同一别名/土名 '编织袋' 指向多个 SKU 候选。	确认该别名是否可唯一指向某个 SKU；若不能唯一，检索时必须让用户补充规格。
DEDUPE-00095	alias_conflict_review	medium	needs_review	床垫	行政后勤/生活用品	类型：床垫	个；床	SKU-DRAFT-000423；SKU-DRAFT-001665	ADMIN-000012；ADMIN-000052	3	426;1734；1678	同一别名/土名 '床垫' 指向多个 SKU 候选。	确认该别名是否可唯一指向某个 SKU；若不能唯一，检索时必须让用户补充规格。
DEDUPE-00096	alias_conflict_review	medium	needs_review	金属测绳	工具器具/测量工具；工具/测量工具	材质：金属；类型：测绳	米	SKU-DRAFT-000443；SKU-DRAFT-001410	TOOL-000065；TOOL-000219	2	446；1419	同一别名/土名 '金属测绳' 指向多个 SKU 候选。	确认该别名是否可唯一指向某个 SKU；若不能唯一，检索时必须让用户补充规格。
DEDUPE-00097	alias_conflict_review	medium	needs_review	一次性雨衣	劳保耗材/雨具	类型：一次性；类型：一次性雨衣	套	SKU-DRAFT-000469；SKU-DRAFT-001851	SAFE-000027；SAFE-000109	2	472；1870	同一别名/土名 '一次性雨衣' 指向多个 SKU 候选。	确认该别名是否可唯一指向某个 SKU；若不能唯一，检索时必须让用户补充规格。
DEDUPE-00098	alias_conflict_review	medium	needs_review	3T卸扣	吊装索具/卸扣	载荷：3T；额定载荷：3T	个	SKU-DRAFT-000475；SKU-DRAFT-001105	MAT-000048；MAT-000102	2	478；1110	同一别名/土名 '3T卸扣' 指向多个 SKU 候选。	确认该别名是否可唯一指向某个 SKU；若不能唯一，检索时必须让用户补充规格。
DEDUPE-00099	alias_conflict_review	medium	needs_review	黑色笔	办公/标识耗材；办公用品/书写工具	颜色：黑色	支	SKU-DRAFT-000497；SKU-DRAFT-002178	ADMIN-000013；ADMIN-000068	2	500；2204	同一别名/土名 '黑色笔' 指向多个 SKU 候选。	确认该别名是否可唯一指向某个 SKU；若不能唯一，检索时必须让用户补充规格。
DEDUPE-00100	alias_conflict_review	medium	needs_review	16螺母	五金备件/紧固件；紧固件/螺母	规格：16；规格：M16	个	SKU-DRAFT-000500；SKU-DRAFT-000888	SPARE-000056；FAST-000021	2	503；893	同一别名/土名 '16螺母' 指向多个 SKU 候选。	确认该别名是否可唯一指向某个 SKU；若不能唯一，检索时必须让用户补充规格。
DEDUPE-00101	alias_conflict_review	medium	needs_review	大垃圾桶	劳保耗材/清洁工具；行政后勤/清洁用品	规格：大号；规格：大	个	SKU-DRAFT-000504；SKU-DRAFT-001052	TOOL-000073；ADMIN-000031	2	507；1057	同一别名/土名 '大垃圾桶' 指向多个 SKU 候选。	确认该别名是否可唯一指向某个 SKU；若不能唯一，检索时必须让用户补充规格。
DEDUPE-00102	alias_conflict_review	medium	needs_review	大编织袋	包装材料/编织袋	规格：大号；规格：大号；类型：编织袋	个；条	SKU-DRAFT-000505；SKU-DRAFT-002039	MAT-000050；MAT-000222	2	508；2065	同一别名/土名 '大编织袋' 指向多个 SKU 候选。	确认该别名是否可唯一指向某个 SKU；若不能唯一，检索时必须让用户补充规格。
DEDUPE-00103	alias_conflict_review	medium	needs_review	1mm黑扎丝	五金备件/金属丝材	直径：1mm；颜色：黑色；直径：2mm；颜色：黑色	米	SKU-DRAFT-000530；SKU-DRAFT-000531	SPARE-000059；SPARE-000060	2	533；534	同一别名/土名 '1mm黑扎丝' 指向多个 SKU 候选。	确认该别名是否可唯一指向某个 SKU；若不能唯一，检索时必须让用户补充规格。
DEDUPE-00104	alias_conflict_review	medium	needs_review	加厚油布	建筑材料/防护覆盖；劳保耗材/覆盖防护	特征：加厚	平方；m2	SKU-DRAFT-000545；SKU-DRAFT-000801；SKU-DRAFT-001031	SAFE-000034；SAFE-000056；SAFE-000069	3	548；806；1036	同一别名/土名 '加厚油布' 指向多个 SKU 候选。	确认该别名是否可唯一指向某个 SKU；若不能唯一，检索时必须让用户补充规格。
DEDUPE-00105	alias_conflict_review	medium	needs_review	50kg冰块	行政后勤/临时消耗品	重量：50kg	个；块	SKU-DRAFT-000567；SKU-DRAFT-000579	MAT-000059；MAT-000060	2	571；583	同一别名/土名 '50kg冰块' 指向多个 SKU 候选。	确认该别名是否可唯一指向某个 SKU；若不能唯一，检索时必须让用户补充规格。
DEDUPE-00106	alias_conflict_review	medium	needs_review	钢丝球	劳保耗材/清洁用品；清洁耗材/清洁工具	类型：钢丝球	个	SKU-DRAFT-000585；SKU-DRAFT-001680	SAFE-000043；TOOL-000250	2	589；1694	同一别名/土名 '钢丝球' 指向多个 SKU 候选。	确认该别名是否可唯一指向某个 SKU；若不能唯一，检索时必须让用户补充规格。
DEDUPE-00107	alias_conflict_review	medium	needs_review	钢丝刷	工具器具/清洁工具；工具/清理工具	类型：钢丝刷	支；个	SKU-DRAFT-000586；SKU-DRAFT-001178	TOOL-000092；TOOL-000185	2	590；1185	同一别名/土名 '钢丝刷' 指向多个 SKU 候选。	确认该别名是否可唯一指向某个 SKU；若不能唯一，检索时必须让用户补充规格。
DEDUPE-00108	alias_conflict_review	medium	needs_review	拖把	劳保耗材/清洁工具；行政后勤/清洁用品	类型：拖把；品类：拖把	支；个	SKU-DRAFT-000603；SKU-DRAFT-000729；SKU-DRAFT-000914	TOOL-000098；TOOL-000118；ADMIN-000029	3	607；734；919	同一别名/土名 '拖把' 指向多个 SKU 候选。	确认该别名是否可唯一指向某个 SKU；若不能唯一，检索时必须让用户补充规格。
DEDUPE-00109	alias_conflict_review	medium	needs_review	二氧化碳表	焊接耗材/气体配件；焊割耗材/气体表具	适用气体：二氧化碳；类型：压力表/减压表；适用气体：二氧化碳	个	SKU-DRAFT-000635；SKU-DRAFT-000793	WELD-000015；WELD-000021	2	640；798	同一别名/土名 '二氧化碳表' 指向多个 SKU 候选。	确认该别名是否可唯一指向某个 SKU；若不能唯一，检索时必须让用户补充规格。
DEDUPE-00110	alias_conflict_review	medium	needs_review	乙炔表	焊接耗材/气体配件；焊割耗材/气体表具；焊接工具/气体仪表；仪表/气体压力表	适用气体：乙炔；类型：压力表/减压表；适用气体：乙炔；介质：乙炔；类型：减压表；介质：乙炔；类型：压力表	个；只	SKU-DRAFT-000636；SKU-DRAFT-001290；SKU-DRAFT-001748；SKU-DRAFT-002322	WELD-000016；WELD-000042；WELD-000046；WELD-000066	5	641；1297；1764;1966；2349	同一别名/土名 '乙炔表' 指向多个 SKU 候选。	确认该别名是否可唯一指向某个 SKU；若不能唯一，检索时必须让用户补充规格。
DEDUPE-00111	alias_conflict_review	medium	needs_review	氧气表	焊接耗材/气体配件；焊割耗材/气体表具	适用气体：氧气；类型：压力表/减压表；适用气体：氧气	个	SKU-DRAFT-000637；SKU-DRAFT-000794	WELD-000017；WELD-000022	2	642；799	同一别名/土名 '氧气表' 指向多个 SKU 候选。	确认该别名是否可唯一指向某个 SKU；若不能唯一，检索时必须让用户补充规格。
DEDUPE-00112	alias_conflict_review	medium	needs_review	M27螺母	五金备件/紧固件；紧固件/螺母	规格：M27	个	SKU-DRAFT-000643；SKU-DRAFT-001222	SPARE-000069；FAST-000056	2	648；1229	同一别名/土名 'M27螺母' 指向多个 SKU 候选。	确认该别名是否可唯一指向某个 SKU；若不能唯一，检索时必须让用户补充规格。
DEDUPE-00113	alias_conflict_review	medium	needs_review	3.0花纹钢板	原材料/钢板；钢材/板材	厚度：3.0；厚度：3.0mm；表面：花纹	平方	SKU-DRAFT-000654；SKU-DRAFT-000802	METAL-000044；METAL-000057	2	659；807	同一别名/土名 '3.0花纹钢板' 指向多个 SKU 候选。	确认该别名是否可唯一指向某个 SKU；若不能唯一，检索时必须让用户补充规格。
DEDUPE-00114	alias_conflict_review	medium	needs_review	89焊接弯头	工程材料/管件；管件/弯头	规格：89；连接：焊接	个	SKU-DRAFT-000675；SKU-DRAFT-000831	PIPE-000107；PIPE-000150	2	680；836	同一别名/土名 '89焊接弯头' 指向多个 SKU 候选。	确认该别名是否可唯一指向某个 SKU；若不能唯一，检索时必须让用户补充规格。
DEDUPE-00115	alias_conflict_review	medium	needs_review	168焊接弯头	工程材料/管件；管件/弯头	规格：168；连接：焊接	个	SKU-DRAFT-000676；SKU-DRAFT-000891	PIPE-000108；PIPE-000167	2	681；896	同一别名/土名 '168焊接弯头' 指向多个 SKU 候选。	确认该别名是否可唯一指向某个 SKU；若不能唯一，检索时必须让用户补充规格。
DEDUPE-00116	alias_conflict_review	medium	needs_review	双快水泥	建筑材料/水泥砂石；建材/水泥砂浆	类型：双快；类型：双快水泥	包	SKU-DRAFT-000677；SKU-DRAFT-001363；SKU-DRAFT-001422	MAT-CEM-000006；MAT-CEM-000010；MAT-CEM-000012	3	682；1371；1431	同一别名/土名 '双快水泥' 指向多个 SKU 候选。	确认该别名是否可唯一指向某个 SKU；若不能唯一，检索时必须让用户补充规格。
DEDUPE-00117	alias_conflict_review	medium	needs_review	铁锹柄	工具器具/工具配件；工具备件/手动工具配件	适用：铁锹；部件：柄；适用：铁锹	支；个	SKU-DRAFT-000685；SKU-DRAFT-001139；SKU-DRAFT-001232	TOOL-000107；TOOL-000173；TOOL-000196	3	690；1146；1239	同一别名/土名 '铁锹柄' 指向多个 SKU 候选。	确认该别名是否可唯一指向某个 SKU；若不能唯一，检索时必须让用户补充规格。
DEDUPE-00118	alias_conflict_review	medium	needs_review	不锈钢水龙头	工程材料/水暖五金；水暖五金/水龙头	材质：不锈钢；类型：水龙头	个；只	SKU-DRAFT-000694；SKU-DRAFT-001712	METAL-000050；METAL-000117	2	699；1727	同一别名/土名 '不锈钢水龙头' 指向多个 SKU 候选。	确认该别名是否可唯一指向某个 SKU；若不能唯一，检索时必须让用户补充规格。
DEDUPE-00119	alias_conflict_review	medium	needs_review	得力刀片	工具器具/手动工具配件；工具耗材/刀片	品牌：得力；类型：刀片；品牌：得力	盒	SKU-DRAFT-000714；SKU-DRAFT-001359	TOOL-000114；TOOL-000213	2	719；1367	同一别名/土名 '得力刀片' 指向多个 SKU 候选。	确认该别名是否可唯一指向某个 SKU；若不能唯一，检索时必须让用户补充规格。
DEDUPE-00120	alias_conflict_review	medium	needs_review	世达老虎钳	工具器具/手动工具；工具/手动工具	品牌：世达；类型：老虎钳；品牌：世达	把；个	SKU-DRAFT-000715；SKU-DRAFT-001113；SKU-DRAFT-001654	TOOL-000115；TOOL-000168；TOOL-000241	3	720；1118；1665	同一别名/土名 '世达老虎钳' 指向多个 SKU 候选。	确认该别名是否可唯一指向某个 SKU；若不能唯一，检索时必须让用户补充规格。
DEDUPE-00121	alias_conflict_review	medium	needs_review	世达尖嘴钳	工具器具/手动工具；工具/手动工具	品牌：世达；类型：尖嘴钳	把；个	SKU-DRAFT-000717；SKU-DRAFT-001434	TOOL-000116；TOOL-000226	2	722；1443	同一别名/土名 '世达尖嘴钳' 指向多个 SKU 候选。	确认该别名是否可唯一指向某个 SKU；若不能唯一，检索时必须让用户补充规格。
DEDUPE-00122	alias_conflict_review	medium	needs_review	10厘花篮	吊装索具/拉紧器；吊装索具/紧固调节	规格：10厘	个；套	SKU-DRAFT-000727；SKU-DRAFT-001299	FAST-000010；FAST-000061	2	732；1306	同一别名/土名 '10厘花篮' 指向多个 SKU 候选。	确认该别名是否可唯一指向某个 SKU；若不能唯一，检索时必须让用户补充规格。
DEDUPE-00123	alias_conflict_review	medium	needs_review	白色喷漆	化工耗材/涂料	颜色：白色；类型：喷漆；颜色：白色；类型：自喷漆	瓶；个；支	SKU-DRAFT-000739；SKU-DRAFT-000959；SKU-DRAFT-001235	CHEM-000053；CHEM-000064；CHEM-000086	3	744；964；1242	同一别名/土名 '白色喷漆' 指向多个 SKU 候选。	确认该别名是否可唯一指向某个 SKU；若不能唯一，检索时必须让用户补充规格。
DEDUPE-00124	alias_conflict_review	medium	needs_review	M20*130螺丝	五金备件/紧固件；紧固件/螺丝	规格：M20*130	套；个	SKU-DRAFT-000741；SKU-DRAFT-001182	SPARE-000075；FAST-000053	2	746；1189	同一别名/土名 'M20*130螺丝' 指向多个 SKU 候选。	确认该别名是否可唯一指向某个 SKU；若不能唯一，检索时必须让用户补充规格。
DEDUPE-00125	alias_conflict_review	medium	needs_review	M20*35螺丝	五金备件/紧固件；紧固件/螺丝	规格：M20*35；规格：M20*35；成套：是	套；个	SKU-DRAFT-000742；SKU-DRAFT-000971；SKU-DRAFT-001181	SPARE-000076；FAST-000032；FAST-000052	3	747；976；1188	同一别名/土名 'M20*35螺丝' 指向多个 SKU 候选。	确认该别名是否可唯一指向某个 SKU；若不能唯一，检索时必须让用户补充规格。
DEDUPE-00126	alias_conflict_review	medium	needs_review	M20*40螺丝	五金备件/紧固件；紧固件/螺丝	规格：M20*40；规格：M20*40；成套：是	套	SKU-DRAFT-000743；SKU-DRAFT-000972	SPARE-000077；FAST-000033	2	748；977	同一别名/土名 'M20*40螺丝' 指向多个 SKU 候选。	确认该别名是否可唯一指向某个 SKU；若不能唯一，检索时必须让用户补充规格。
DEDUPE-00127	alias_conflict_review	medium	needs_review	325胶垫	工程材料/密封垫；管件/密封垫片	规格：325；材质：胶；规格：DN325；材质：胶	个	SKU-DRAFT-000751；SKU-DRAFT-000783	SPARE-000078；PIPE-000131	2	756；788	同一别名/土名 '325胶垫' 指向多个 SKU 候选。	确认该别名是否可唯一指向某个 SKU；若不能唯一，检索时必须让用户补充规格。
DEDUPE-00128	alias_conflict_review	medium	needs_review	22*100螺丝	五金备件/紧固件；紧固件/螺栓	规格：22*100；规格：M22*100；成套：是；类型：六角	个；套	SKU-DRAFT-000752；SKU-DRAFT-000784	SPARE-000079；FAST-000013	2	757；789	同一别名/土名 '22*100螺丝' 指向多个 SKU 候选。	确认该别名是否可唯一指向某个 SKU；若不能唯一，检索时必须让用户补充规格。
DEDUPE-00129	alias_conflict_review	medium	needs_review	油布	建筑材料/防护覆盖；劳保耗材/覆盖防护	类型：油布；品类：油布	平方	SKU-DRAFT-000756；SKU-DRAFT-001284	SAFE-000051；SAFE-000084	2	761；1291	同一别名/土名 '油布' 指向多个 SKU 候选。	确认该别名是否可唯一指向某个 SKU；若不能唯一，检索时必须让用户补充规格。
DEDUPE-00130	alias_conflict_review	medium	needs_review	6厘膨胀螺丝	五金备件/紧固件；紧固件/膨胀件	规格：6厘	个	SKU-DRAFT-000762；SKU-DRAFT-000827	FAST-000012；FAST-000014	2	767；832	同一别名/土名 '6厘膨胀螺丝' 指向多个 SKU 候选。	确认该别名是否可唯一指向某个 SKU；若不能唯一，检索时必须让用户补充规格。
DEDUPE-00131	alias_conflict_review	medium	needs_review	石笔	工具耗材/划线耗材；焊接耗材/划线工具	品类：石笔；类型：石笔	个；盒	SKU-DRAFT-000795；SKU-DRAFT-001964	TOOL-000126；TOOL-000293	2	800；1987	同一别名/土名 '石笔' 指向多个 SKU 候选。	确认该别名是否可唯一指向某个 SKU；若不能唯一，检索时必须让用户补充规格。
DEDUPE-00132	alias_conflict_review	medium	needs_review	一次性加厚雨衣	劳保耗材/雨具	类型：一次性；特征：加厚	件；套	SKU-DRAFT-000808；SKU-DRAFT-001074	SAFE-000057；SAFE-000073	3	813;1138；1079	同一别名/土名 '一次性加厚雨衣' 指向多个 SKU 候选。	确认该别名是否可唯一指向某个 SKU；若不能唯一，检索时必须让用户补充规格。
DEDUPE-00133	alias_conflict_review	medium	needs_review	14*100膨胀螺丝	紧固件/膨胀件	规格：M14*100	套；个	SKU-DRAFT-000900；SKU-DRAFT-000942	FAST-000023；FAST-000026	2	905；947	同一别名/土名 '14*100膨胀螺丝' 指向多个 SKU 候选。	确认该别名是否可唯一指向某个 SKU；若不能唯一，检索时必须让用户补充规格。
DEDUPE-00134	alias_conflict_review	medium	needs_review	抹布	行政后勤/清洁用品；清洁耗材/抹布	品类：抹布；类型：抹布	条；KG	SKU-DRAFT-000915；SKU-DRAFT-001635	ADMIN-000030；ADMIN-000049	2	920；1646	同一别名/土名 '抹布' 指向多个 SKU 候选。	确认该别名是否可唯一指向某个 SKU；若不能唯一，检索时必须让用户补充规格。
DEDUPE-00135	alias_conflict_review	medium	needs_review	25钢丝管	管材/软管；液压/高压管路	公称直径：25；结构：钢丝增强；规格：25；结构：钢丝增强	米	SKU-DRAFT-000963；SKU-DRAFT-001436	PIPE-000195；PIPE-000311	2	968；1445	同一别名/土名 '25钢丝管' 指向多个 SKU 候选。	确认该别名是否可唯一指向某个 SKU；若不能唯一，检索时必须让用户补充规格。
DEDUPE-00136	alias_conflict_review	medium	needs_review	红色自喷漆	化工耗材/涂料；油漆涂料/自喷漆	颜色：红色；类型：自喷漆；颜色：红色	支；瓶	SKU-DRAFT-001005；SKU-DRAFT-001709	CHEM-000068；CHEM-000126	2	1010；1724	同一别名/土名 '红色自喷漆' 指向多个 SKU 候选。	确认该别名是否可唯一指向某个 SKU；若不能唯一，检索时必须让用户补充规格。
DEDUPE-00137	alias_conflict_review	medium	needs_review	回力雨鞋	劳保耗材/足部防护	品牌：回力；类型：雨鞋；品牌：回力	双	SKU-DRAFT-001026；SKU-DRAFT-001230	SAFE-000067；SAFE-000083	2	1031；1237	同一别名/土名 '回力雨鞋' 指向多个 SKU 候选。	确认该别名是否可唯一指向某个 SKU；若不能唯一，检索时必须让用户补充规格。
DEDUPE-00138	alias_conflict_review	medium	needs_review	彩色吊带5*6米	吊装索具/吊带	额定载荷：5T；长度：6米；颜色：彩色	付；根	SKU-DRAFT-001054；SKU-DRAFT-001083	MAT-000095；MAT-000099	2	1059；1088	同一别名/土名 '彩色吊带5*6米' 指向多个 SKU 候选。	确认该别名是否可唯一指向某个 SKU；若不能唯一，检索时必须让用户补充规格。
DEDUPE-00139	alias_conflict_review	medium	needs_review	灭火器2KG	消防材料/灭火器；安全消防/灭火器	规格：2kg；灭火剂重量：2KG	个；瓶	SKU-DRAFT-001110；SKU-DRAFT-001545	SAFE-000075；SAFE-000094	2	1115；1556	同一别名/土名 '灭火器2KG' 指向多个 SKU 候选。	确认该别名是否可唯一指向某个 SKU；若不能唯一，检索时必须让用户补充规格。
DEDUPE-00140	alias_conflict_review	medium	needs_review	灭火器箱子	消防材料/灭火器箱；安全消防/灭火器配件	类型：灭火器箱；用途：灭火器存放	个	SKU-DRAFT-001111；SKU-DRAFT-002138	SAFE-000076；SAFE-000122	2	1116；2164	同一别名/土名 '灭火器箱子' 指向多个 SKU 候选。	确认该别名是否可唯一指向某个 SKU；若不能唯一，检索时必须让用户补充规格。
DEDUPE-00141	alias_conflict_review	medium	needs_review	世达老虎钳	工具/手动工具；手动工具/钳类	品牌：世达；规格：7寸	个；把	SKU-DRAFT-001113；SKU-DRAFT-002316	TOOL-000168；TOOL-000348	2	1118；2342	同一别名/土名 '世达老虎钳' 指向多个 SKU 候选。	确认该别名是否可唯一指向某个 SKU；若不能唯一，检索时必须让用户补充规格。
DEDUPE-00142	alias_conflict_review	medium	needs_review	300mm得力高精度卡尺	工具/测量工具	品牌：得力；量程：300mm；精度：高精度；品牌：得力；量程：300mm；精度等级：高精度	个；支	SKU-DRAFT-001118；SKU-DRAFT-001414	TOOL-000171；TOOL-000220	2	1123；1423	同一别名/土名 '300mm得力高精度卡尺' 指向多个 SKU 候选。	确认该别名是否可唯一指向某个 SKU；若不能唯一，检索时必须让用户补充规格。
DEDUPE-00143	alias_conflict_review	medium	needs_review	创可贴	劳保耗材/急救用品；劳保/急救用品	品类：创可贴；类型：创可贴	个；盒	SKU-DRAFT-001129；SKU-DRAFT-001713	SAFE-000078；SAFE-000104	2	1134；1728	同一别名/土名 '创可贴' 指向多个 SKU 候选。	确认该别名是否可唯一指向某个 SKU；若不能唯一，检索时必须让用户补充规格。
DEDUPE-00144	alias_conflict_review	medium	needs_review	DN80厚铜头	液压/高压管路	规格：DN80；材质：铜；特征：加厚；规格：DN50；材质：铜；特征：加厚	个	SKU-DRAFT-001147；SKU-DRAFT-001148	PIPE-000246；PIPE-000247	2	1154；1155	同一别名/土名 'DN80厚铜头' 指向多个 SKU 候选。	确认该别名是否可唯一指向某个 SKU；若不能唯一，检索时必须让用户补充规格。
DEDUPE-00145	alias_conflict_review	medium	needs_review	加工168卡箍接头	定制件/管路接头	加工：是；规格：168；类型：卡箍接头；定制：是；规格：168；类型：卡箍接头	个；件	SKU-DRAFT-001161；SKU-DRAFT-001263	PIPE-000250；PIPE-000262	2	1168；1270	同一别名/土名 '加工168卡箍接头' 指向多个 SKU 候选。	确认该别名是否可唯一指向某个 SKU；若不能唯一，检索时必须让用户补充规格。
DEDUPE-00146	alias_conflict_review	medium	needs_review	TPC1570一体式触摸屏	电气材料/工控配件	型号：TPC1570；结构：一体式	台；套	SKU-DRAFT-001226；SKU-DRAFT-001273	ELEC-000136；ELEC-000139	2	1233；1280	同一别名/土名 'TPC1570一体式触摸屏' 指向多个 SKU 候选。	确认该别名是否可唯一指向某个 SKU；若不能唯一，检索时必须让用户补充规格。
DEDUPE-00147	alias_conflict_review	medium	needs_review	100连接头	消防材料/消防接头	规格：100；规格：65；规格：80	个	SKU-DRAFT-001310；SKU-DRAFT-001313；SKU-DRAFT-001314	PIPE-000283；PIPE-000284；PIPE-000285	3	1317；1320；1321	同一别名/土名 '100连接头' 指向多个 SKU 候选。	确认该别名是否可唯一指向某个 SKU；若不能唯一，检索时必须让用户补充规格。
DEDUPE-00148	alias_conflict_review	medium	needs_review	大竹扫把	行政后勤/清洁用品；清洁用品/扫把	规格：大；材质：竹；材质：竹；规格：大	个；把	SKU-DRAFT-001325；SKU-DRAFT-002293	ADMIN-000042；ADMIN-000071	2	1332；2319	同一别名/土名 '大竹扫把' 指向多个 SKU 候选。	确认该别名是否可唯一指向某个 SKU；若不能唯一，检索时必须让用户补充规格。
DEDUPE-00149	alias_conflict_review	medium	needs_review	加厚连体裤	劳保耗材/防护服	结构：连体；特征：加厚；特征：加厚；款式：连体	套	SKU-DRAFT-001326；SKU-DRAFT-001442	SAFE-000089；SAFE-000093	2	1333；1451	同一别名/土名 '加厚连体裤' 指向多个 SKU 候选。	确认该别名是否可唯一指向某个 SKU；若不能唯一，检索时必须让用户补充规格。
DEDUPE-00150	alias_conflict_review	medium	needs_review	注浆枪头	堵漏注浆/注浆配件；注浆设备/配件	类型：注浆枪头；用途：注浆；部件：枪头	个	SKU-DRAFT-001366；SKU-DRAFT-001433	MAT-000127；MAT-000139	2	1374；1442	同一别名/土名 '注浆枪头' 指向多个 SKU 候选。	确认该别名是否可唯一指向某个 SKU；若不能唯一，检索时必须让用户补充规格。
DEDUPE-00151	alias_conflict_review	medium	needs_review	加厚塑料凳	行政后勤/生活用品；行政后勤/家具用品	材质：塑料；特征：加厚	个	SKU-DRAFT-001368；SKU-DRAFT-002238	MAT-000128；MAT-000245	2	1376；2264	同一别名/土名 '加厚塑料凳' 指向多个 SKU 候选。	确认该别名是否可唯一指向某个 SKU；若不能唯一，检索时必须让用户补充规格。
DEDUPE-00152	alias_conflict_review	medium	needs_review	抗盐膨润土	化工原料/膨润土；化工材料/膨润土	类型：抗盐膨润土；特性：抗盐	吨	SKU-DRAFT-001501；SKU-DRAFT-002301	MAT-000146；MAT-000251	3	1510;1522；2327	同一别名/土名 '抗盐膨润土' 指向多个 SKU 候选。	确认该别名是否可唯一指向某个 SKU；若不能唯一，检索时必须让用户补充规格。
DEDUPE-00153	alias_conflict_review	medium	needs_review	乐泰243胶水	胶粘剂/螺纹锁固胶	品牌：乐泰；型号：243	只；瓶	SKU-DRAFT-001601；SKU-DRAFT-002097	CHEM-000106；CHEM-000151	2	1612；2123	同一别名/土名 '乐泰243胶水' 指向多个 SKU 候选。	确认该别名是否可唯一指向某个 SKU；若不能唯一，检索时必须让用户补充规格。
DEDUPE-00154	alias_conflict_review	medium	needs_review	帆布手套	劳保耗材/手套；劳保用品/手套	材质：帆布	付	SKU-DRAFT-001625；SKU-DRAFT-002295	SAFE-000096；SAFE-000133	2	1636；2321	同一别名/土名 '帆布手套' 指向多个 SKU 候选。	确认该别名是否可唯一指向某个 SKU；若不能唯一，检索时必须让用户补充规格。
DEDUPE-00155	alias_conflict_review	medium	needs_review	橡胶手套	劳保耗材/手套；劳保用品/手套	材质：橡胶	付	SKU-DRAFT-001626；SKU-DRAFT-002318	SAFE-000097；SAFE-000142	2	1637；2344	同一别名/土名 '橡胶手套' 指向多个 SKU 候选。	确认该别名是否可唯一指向某个 SKU；若不能唯一，检索时必须让用户补充规格。
DEDUPE-00156	alias_conflict_review	medium	needs_review	铁丝14#	五金耗材/金属丝；金属材料/铁丝	规格：14#；材质：铁；材质：铁；规格：14#	KG	SKU-DRAFT-001646；SKU-DRAFT-002240	METAL-000111；METAL-000166	2	1657；2266	同一别名/土名 '铁丝14#' 指向多个 SKU 候选。	确认该别名是否可唯一指向某个 SKU；若不能唯一，检索时必须让用户补充规格。
DEDUPE-00157	alias_conflict_review	medium	needs_review	羊毛刷4寸	涂装工具/刷子	规格：4寸；材质：羊毛	只；把	SKU-DRAFT-001660；SKU-DRAFT-001926	TOOL-000243；TOOL-000291	2	1673；1947	同一别名/土名 '羊毛刷4寸' 指向多个 SKU 候选。	确认该别名是否可唯一指向某个 SKU；若不能唯一，检索时必须让用户补充规格。
DEDUPE-00158	alias_conflict_review	medium	needs_review	钢刷	涂装工具/刷子	材质：钢丝；类型：钢刷	只；把	SKU-DRAFT-001662；SKU-DRAFT-001682	TOOL-000245；TOOL-000251	2	1675；1697	同一别名/土名 '钢刷' 指向多个 SKU 候选。	确认该别名是否可唯一指向某个 SKU；若不能唯一，检索时必须让用户补充规格。
DEDUPE-00159	alias_conflict_review	medium	needs_review	蚕丝被	行政后勤/生活用品	材质：蚕丝；类型：被子	件；套	SKU-DRAFT-001664；SKU-DRAFT-001718	MAT-000177；MAT-000182	2	1677；1733	同一别名/土名 '蚕丝被' 指向多个 SKU 候选。	确认该别名是否可唯一指向某个 SKU；若不能唯一，检索时必须让用户补充规格。
DEDUPE-00160	alias_conflict_review	medium	needs_review	扎带10*500	电气耗材/扎带；辅料耗材/扎带	材质：尼龙；规格：10*500	包	SKU-DRAFT-001738；SKU-DRAFT-002302	ELEC-TIE-000009；ELEC-TIE-000012	3	1754；2328;2345	同一别名/土名 '扎带10*500' 指向多个 SKU 候选。	确认该别名是否可唯一指向某个 SKU；若不能唯一，检索时必须让用户补充规格。
DEDUPE-00161	alias_conflict_review	medium	needs_review	黄砂	建材/砂石料；建材/砂石	类型：黄砂	吨	SKU-DRAFT-001769；SKU-DRAFT-002243	MAT-CEM-000013；MAT-CEM-000016	2	1785；2269	同一别名/土名 '黄砂' 指向多个 SKU 候选。	确认该别名是否可唯一指向某个 SKU；若不能唯一，检索时必须让用户补充规格。
DEDUPE-00162	alias_conflict_review	medium	needs_review	海螺42.5水泥	建材/水泥	品牌：海螺；强度等级：42.5；类型：普通硅酸盐；品牌：海螺；强度等级：42.5	包	SKU-DRAFT-001770；SKU-DRAFT-002239	MAT-CEM-000014；MAT-CEM-000015	2	1786；2265	同一别名/土名 '海螺42.5水泥' 指向多个 SKU 候选。	确认该别名是否可唯一指向某个 SKU；若不能唯一，检索时必须让用户补充规格。
DEDUPE-00163	alias_conflict_review	medium	needs_review	扎带10*400	电气耗材/扎带；辅料耗材/扎带	材质：尼龙；规格：10*400	包	SKU-DRAFT-001777；SKU-DRAFT-002303	ELEC-TIE-000010；ELEC-TIE-000013	2	1793；2329	同一别名/土名 '扎带10*400' 指向多个 SKU 候选。	确认该别名是否可唯一指向某个 SKU；若不能唯一，检索时必须让用户补充规格。
DEDUPE-00164	alias_conflict_review	medium	needs_review	大西洋422型3.2焊条	焊接材料/焊条	品牌：大西洋；牌号：422；直径：3.2；品牌：大西洋；型号：422；直径：3.2	箱	SKU-DRAFT-001918；SKU-DRAFT-002253	WELD-000052；WELD-000064	2	1939；2279	同一别名/土名 '大西洋422型3.2焊条' 指向多个 SKU 候选。	确认该别名是否可唯一指向某个 SKU；若不能唯一，检索时必须让用户补充规格。
DEDUPE-00165	alias_conflict_review	medium	needs_review	镀锌内丝直接头2寸	管件/镀锌管件	表面：镀锌；连接：内丝；规格：2寸；类型：直接；表面处理：镀锌；连接：内丝；规格：2寸	只	SKU-DRAFT-001949；SKU-DRAFT-002233	PIPE-000430；PIPE-000484	2	1972；2259	同一别名/土名 '镀锌内丝直接头2寸' 指向多个 SKU 候选。	确认该别名是否可唯一指向某个 SKU；若不能唯一，检索时必须让用户补充规格。
DEDUPE-00166	alias_conflict_review	medium	needs_review	小米二代对讲机	通信设备/对讲机；通讯设备/对讲机	品牌：小米；代际：二代；品牌：小米；型号：二代	部	SKU-DRAFT-001957；SKU-DRAFT-002263	MAT-000219；MAT-000248	2	1980；2289	同一别名/土名 '小米二代对讲机' 指向多个 SKU 候选。	确认该别名是否可唯一指向某个 SKU；若不能唯一，检索时必须让用户补充规格。
DEDUPE-00167	alias_conflict_review	medium	needs_review	开口铜鼻子300A	电气/接线端子	材质：铜；规格：300A；类型：开口铜鼻子；类型：开口；材质：铜；电流：300A	只	SKU-DRAFT-002028；SKU-DRAFT-002256	ELEC-000229；ELEC-000244	2	2054；2282	同一别名/土名 '开口铜鼻子300A' 指向多个 SKU 候选。	确认该别名是否可唯一指向某个 SKU；若不能唯一，检索时必须让用户补充规格。
DEDUPE-00168	alias_conflict_review	medium	needs_review	架子管6m	建筑施工耗材/脚手架管；建筑周转材料/脚手架	长度：6m；类型：架子管；长度：6m	根	SKU-DRAFT-002050；SKU-DRAFT-002327	PIPE-000446；CONST-000042	2	2076；2354	同一别名/土名 '架子管6m' 指向多个 SKU 候选。	确认该别名是否可唯一指向某个 SKU；若不能唯一，检索时必须让用户补充规格。
DEDUPE-00169	alias_conflict_review	medium	needs_review	垃圾袋1m*1.2m	行政后勤/清洁用品；清洁用品/垃圾袋	尺寸：1m*1.2m	条	SKU-DRAFT-002110；SKU-DRAFT-002326	ADMIN-000063；ADMIN-000073	2	2136；2353	同一别名/土名 '垃圾袋1m*1.2m' 指向多个 SKU 候选。	确认该别名是否可唯一指向某个 SKU；若不能唯一，检索时必须让用户补充规格。
DEDUPE-00170	alias_conflict_review	medium	needs_review	加气块200*300*600	建材/砌块	尺寸：200*300*600	块	SKU-DRAFT-002188；SKU-DRAFT-002244	MAT-000235；MAT-000246	2	2214；2270	同一别名/土名 '加气块200*300*600' 指向多个 SKU 候选。	确认该别名是否可唯一指向某个 SKU；若不能唯一，检索时必须让用户补充规格。
