current_top_category	current_material_family	sku_count	target_top_category	target_second_layer_family	decision	confidence	manual_judgment	next_action	examples
电气电料	接线端子	24	电气电料	接线端子/线鼻子	合并	高	旧族“接线端子”样例是电线端接、压接用端子或线鼻子，物料功能与二级族“接线端子/线鼻子”一致，规格应落到适配线径、孔径和材质。	合并到“接线端子/线鼻子”，第三层保留“接线端子”，继续补齐适配线径、孔径、材质和绝缘方式。	ELEC-000031 铜鼻子 规格：100A；材质：铜；ELEC-000032 铜鼻子 规格：200A；材质：铜；ELEC-000091 铜鼻子 电流：300A；材质：铜；ELEC-000092 铜鼻子 电流：200A；材质：铜
电气电料	冷压线鼻端子	3	电气电料	接线端子/线鼻子	合并	高	旧族“冷压线鼻端子”样例是电线端接、压接用端子或线鼻子，物料功能与二级族“接线端子/线鼻子”一致，规格应落到适配线径、孔径和材质。	合并到“接线端子/线鼻子”，第三层保留“冷压线鼻端子”，继续补齐适配线径、孔径、材质和绝缘方式。	ELEC-000224 冷压线鼻端子 类型：OT；规格：2.5-4；ELEC-000225 冷压线鼻端子 类型：OT；规格：4-6；ELEC-000226 冷压线鼻端子 类型：OT；规格：6-8
电气电料	铜接头	6	电气电料	接线端子/线鼻子	拆分	中	旧族“铜接头”样例同时出现管路铜接头和电气铜接头；电气侧本质是铜鼻子/端接件，但管路接头不应留在电气族。	族内拆分：适配线径的铜接头进“接线端子/线鼻子”，DN口径管路铜接头移出到管材管件阀门/直接接头。	PIPE-000246 铜接头 规格：DN80；材质：铜；特征：加厚；PIPE-000247 铜接头 规格：DN50；材质：铜；特征：加厚；ELEC-000247 铜接头 材质：铜；适配线径：150平方；ELEC-000248 铜接头 材质：铜；适配线径：120平方
电气电料	电缆	17	电气电料	电线电缆	合并	高	旧族“电缆”样例是输配电、接地、焊接或数据传输线缆，核心属性是芯数、截面积、长度、屏蔽或用途，符合“电线电缆”。	合并到“电线电缆”，第三层保留“电缆”，后续补齐型号、芯数、截面积、电压等级和长度。	ELEC-000030 电缆 品牌：起帆；规格：3*6+1；ELEC-000071 电缆线 品牌：起帆；规格：3*4+2*2.5；ELEC-000072 电缆线 品牌：起帆；规格：3*1.5；ELEC-000073 电缆线 品牌：起帆；规格：3*2.5
电气电料	电线	8	电气电料	电线电缆	合并	高	旧族“电线”样例是输配电、接地、焊接或数据传输线缆，核心属性是芯数、截面积、长度、屏蔽或用途，符合“电线电缆”。	合并到“电线电缆”，第三层保留“电线”，后续补齐型号、芯数、截面积、电压等级和长度。	ELEC-000015 BV电线 品牌：起帆；型号：BV；截面积：2.5平方；ELEC-000016 BV电线 品牌：起帆；型号：BV；截面积：10平方；ELEC-000017 BV电线 品牌：起帆；型号：BV；截面积：25平方；ELEC-000034 BV电线 型号：BV；截面积：2.5平方
电气电料	电焊线	2	电气电料	电线电缆	合并	高	旧族“电焊线”样例是输配电、接地、焊接或数据传输线缆，核心属性是芯数、截面积、长度、屏蔽或用途，符合“电线电缆”。	合并到“电线电缆”，第三层保留“电焊线”，后续补齐型号、芯数、截面积、电压等级和长度。	ELEC-000050 电焊线 品牌：起帆；截面积：35平方；ELEC-000051 电焊线 品牌：起帆；截面积：50平方
电气电料	接地线	2	电气电料	电线电缆	合并	高	旧族“接地线”样例是输配电、接地、焊接或数据传输线缆，核心属性是芯数、截面积、长度、屏蔽或用途，符合“电线电缆”。	合并到“电线电缆”，第三层保留“接地线”，后续补齐型号、芯数、截面积、电压等级和长度。	ELEC-000113 接地线 品牌：起帆；截面积：16mm2；用途：接地；ELEC-000219 接地线 品牌：起帆；用途：接地；截面积：16平方；颜色：双色
电气电料	地线	1	电气电料	电线电缆	合并	高	旧族“地线”样例是输配电、接地、焊接或数据传输线缆，核心属性是芯数、截面积、长度、屏蔽或用途，符合“电线电缆”。	合并到“电线电缆”，第三层保留“地线”，后续补齐型号、芯数、截面积、电压等级和长度。	ELEC-000065 地线 品牌：起帆；截面积：6平方；用途：地线
电气电料	接地跨接线	1	电气电料	电线电缆	合并	高	旧族“接地跨接线”样例是输配电、接地、焊接或数据传输线缆，核心属性是芯数、截面积、长度、屏蔽或用途，符合“电线电缆”。	合并到“电线电缆”，第三层保留“接地跨接线”，后续补齐型号、芯数、截面积、电压等级和长度。	ELEC-000137 接地跨接线 用途：电柜接地跨接
电气电料	打印机电源线	1	电气电料	电线电缆	合并	高	旧族“打印机电源线”样例是输配电、接地、焊接或数据传输线缆，核心属性是芯数、截面积、长度、屏蔽或用途，符合“电线电缆”。	合并到“电线电缆”，第三层保留“打印机电源线”，后续补齐型号、芯数、截面积、电压等级和长度。	ADMIN-000015 打印机电源线 适用设备：打印机；类型：电源线
电气电料	打印机数据线	1	电气电料	电线电缆	合并	高	旧族“打印机数据线”样例是输配电、接地、焊接或数据传输线缆，核心属性是芯数、截面积、长度、屏蔽或用途，符合“电线电缆”。	合并到“电线电缆”，第三层保留“打印机数据线”，后续补齐型号、芯数、截面积、电压等级和长度。	ADMIN-000016 打印机数据线 适用设备：打印机；类型：数据线
电气电料	电源线	1	电气电料	电线电缆	合并	高	旧族“电源线”样例是输配电、接地、焊接或数据传输线缆，核心属性是芯数、截面积、长度、屏蔽或用途，符合“电线电缆”。	合并到“电线电缆”，第三层保留“电源线”，后续补齐型号、芯数、截面积、电压等级和长度。	ELEC-000085 电源线 长度：2米
电气电料	RVVP屏蔽线	1	电气电料	电线电缆	合并	高	旧族“RVVP屏蔽线”样例是输配电、接地、焊接或数据传输线缆，核心属性是芯数、截面积、长度、屏蔽或用途，符合“电线电缆”。	合并到“电线电缆”，第三层保留“RVVP屏蔽线”，后续补齐型号、芯数、截面积、电压等级和长度。	ELEC-000232 RVVP屏蔽线 型号：RVVP；规格：3*1.5；特性：屏蔽
电气电料	电瓶夹线	1	电气电料	电线电缆	合并	高	旧族“电瓶夹线”样例是输配电、接地、焊接或数据传输线缆，核心属性是芯数、截面积、长度、屏蔽或用途，符合“电线电缆”。	合并到“电线电缆”，第三层保留“电瓶夹线”，后续补齐型号、芯数、截面积、电压等级和长度。	ELEC-000089 电瓶夹线 类型：电瓶夹；包含：线
电气电料	电缆防水接头	4	电气电料	电缆附件	合并	高	旧族“电缆防水接头”是电缆连接、防水或绝缘保护附件，不是线缆本体，符合二级族“电缆附件”。	合并到“电缆附件”，第三层保留“电缆防水接头”，补齐适配线径、螺纹规格、防护等级或收缩规格。	ELEC-000052 电缆防水接头 规格：M50；ELEC-000053 电缆防水接头 规格：M40；ELEC-000054 电缆防水接头 规格：M32；ELEC-000195 金属电缆防水接头 材质：金属；螺纹：M50*1.5；特性：防水
电气电料	热缩管	4	电气电料	电缆附件	合并	高	旧族“热缩管”是电缆连接、防水或绝缘保护附件，不是线缆本体，符合二级族“电缆附件”。	合并到“电缆附件”，第三层保留“热缩管”，补齐适配线径、螺纹规格、防护等级或收缩规格。	ELEC-000002 热缩管 规格：3cm；ELEC-000003 热缩管 规格：2cm；ELEC-000004 热缩管 规格：1.5cm；ELEC-000058 热缩管 规格：30
电气电料	水下连接器	1	电气电料	电缆附件	复核	中	旧族“水下连接器”是特殊环境电气连接附件，功能接近电缆连接/密封附件，但水下连接器对接口和防护等级要求更高。	暂归“电缆附件”并人工复核；若后续数量增加，建议在电气电料下新增“电气连接器/水下连接器”候选族。	ELEC-000190 水下连接器 环境：水下；结构：四电二光
电气电料	水下连接器堵头	1	电气电料	电缆附件	复核	中	旧族“水下连接器堵头”是特殊环境电气连接附件，功能接近电缆连接/密封附件，但水下连接器对接口和防护等级要求更高。	暂归“电缆附件”并人工复核；若后续数量增加，建议在电气电料下新增“电气连接器/水下连接器”候选族。	ELEC-000191 水下连接器堵头 适配：水下连接器；类型：堵头
电气电料	插座	22	电气电料	开关插座	合并	高	旧族“插座”是建筑或临电用开关、插头、插座、底盒或成套插接件，采购和使用口径与“开关插座”一致。	合并到“开关插座”，第三层保留“插座”，规格治理关注额定电流、电压、孔位、安装方式和防护等级。	ELEC-000007 USB插座 品牌：公牛；USB电流：2.1A；ELEC-000010 五孔插座 品牌：公牛；类型：五孔；ELEC-000020 插座 品牌：公牛；电流：16A；ELEC-000023 空调插座 品牌：公牛；电流：16A；用途：空调
电气电料	插头	11	电气电料	开关插座	合并	高	旧族“插头”是建筑或临电用开关、插头、插座、底盒或成套插接件，采购和使用口径与“开关插座”一致。	合并到“开关插座”，第三层保留“插头”，规格治理关注额定电流、电压、孔位、安装方式和防护等级。	ELEC-000018 工业插头 品牌：公牛；电压：380V；电流：25A；ELEC-000033 插头 品牌：德力西；电流：16A；ELEC-000048 插头 品牌：公牛；电流：10A；ELEC-000049 三脚插头 品牌：公牛；电流：10A；类型：三插
电气电料	插线板	6	电气电料	开关插座	合并	高	旧族“插线板”是建筑或临电用开关、插头、插座、底盒或成套插接件，采购和使用口径与“开关插座”一致。	合并到“开关插座”，第三层保留“插线板”，规格治理关注额定电流、电压、孔位、安装方式和防护等级。	ELEC-000024 插排 品牌：公牛；线长：3米；孔位：8孔；ELEC-000157 拖线板 品牌：公牛；线长：3m；插位：6位；ELEC-000159 插线板 品牌：公牛；插位：6位；线长：3米；ELEC-000160 拖线板 品牌：公牛；线长：6米
电气电料	一位开关	3	电气电料	开关插座	合并	高	旧族“一位开关”是建筑或临电用开关、插头、插座、底盒或成套插接件，采购和使用口径与“开关插座”一致。	合并到“开关插座”，第三层保留“一位开关”，规格治理关注额定电流、电压、孔位、安装方式和防护等级。	ELEC-000012 一位开关 品牌：公牛；位数：1位；ELEC-000062 一位开关 位数：1位；含底座：是；ELEC-000093 一位开关 品牌：公牛；位数：1位
电气电料	二位开关	1	电气电料	开关插座	合并	高	旧族“二位开关”是建筑或临电用开关、插头、插座、底盒或成套插接件，采购和使用口径与“开关插座”一致。	合并到“开关插座”，第三层保留“二位开关”，规格治理关注额定电流、电压、孔位、安装方式和防护等级。	ELEC-000013 二位开关 品牌：公牛；位数：2位
电气电料	四位开关	1	电气电料	开关插座	合并	高	旧族“四位开关”是建筑或临电用开关、插头、插座、底盒或成套插接件，采购和使用口径与“开关插座”一致。	合并到“开关插座”，第三层保留“四位开关”，规格治理关注额定电流、电压、孔位、安装方式和防护等级。	ELEC-000011 四位开关 品牌：公牛；位数：4位
电气电料	开关	1	电气电料	开关插座	合并	高	旧族“开关”是建筑或临电用开关、插头、插座、底盒或成套插接件，采购和使用口径与“开关插座”一致。	合并到“开关插座”，第三层保留“开关”，规格治理关注额定电流、电压、孔位、安装方式和防护等级。	ELEC-000141 开关 位数：二位
电气电料	热水器开关	1	电气电料	开关插座	合并	高	旧族“热水器开关”是建筑或临电用开关、插头、插座、底盒或成套插接件，采购和使用口径与“开关插座”一致。	合并到“开关插座”，第三层保留“热水器开关”，规格治理关注额定电流、电压、孔位、安装方式和防护等级。	ELEC-000146 热水器开关 用途：热水器
电气电料	底盒	3	电气电料	开关插座	合并	高	旧族“底盒”是建筑或临电用开关、插头、插座、底盒或成套插接件，采购和使用口径与“开关插座”一致。	合并到“开关插座”，第三层保留“底盒”，规格治理关注额定电流、电压、孔位、安装方式和防护等级。	ELEC-000056 插座底盒 类型：插座底盒；ELEC-000107 明装底盒 安装：明装；类型：底盒；ELEC-000206 开关底盒 品牌：公牛；安装方式：明装；部件：底盒底座
电气电料	航空插头插座套装	1	电气电料	开关插座	合并	高	旧族“航空插头插座套装”是建筑或临电用开关、插头、插座、底盒或成套插接件，采购和使用口径与“开关插座”一致。	合并到“开关插座”，第三层保留“航空插头插座套装”，规格治理关注额定电流、电压、孔位、安装方式和防护等级。	ELEC-000181 航空插头插座套装 安装方式：明装；芯数：3芯；额定电流：16A
电气电料	断路器	11	电气电料	低压电器	合并	高	旧族“断路器”属于低压控制、保护、指示或操作元件，使用时需要电流、电压、极数、线圈或接口参数，符合“低压电器”。	合并到“低压电器”，第三层保留“断路器”，后续按断路器、接触器、继电器、按钮/指示件等治理关键规格。	ELEC-000001 漏电断路器 品牌：施耐德；极数：4P；电流：250A；类型：漏电二合一；ELEC-000029 空气开关 品牌：施耐德；极数：3P；电流：63A；ELEC-000063 漏电断路器 品牌：施耐德；极数：2P；电流：C40A；ELEC-000082 空气开关 电流：16A
电气电料	漏电保护器	8	电气电料	低压电器	合并	高	旧族“漏电保护器”属于低压控制、保护、指示或操作元件，使用时需要电流、电压、极数、线圈或接口参数，符合“低压电器”。	合并到“低压电器”，第三层保留“漏电保护器”，后续按断路器、接触器、继电器、按钮/指示件等治理关键规格。	ELEC-000028 漏电保护器 品牌：施耐德；极数：2P；电流：63A；ELEC-000045 漏电保护器 品牌：德力西；电流：400A；极数：4P；ELEC-000046 漏电保护器 品牌：德力西；电流：250A；极数：4P；ELEC-000081 漏电保护器 电流：40A；类型：漏电保护
电气电料	时控开关	3	电气电料	低压电器	合并	高	旧族“时控开关”属于低压控制、保护、指示或操作元件，使用时需要电流、电压、极数、线圈或接口参数，符合“低压电器”。	合并到“低压电器”，第三层保留“时控开关”，后续按断路器、接触器、继电器、按钮/指示件等治理关键规格。	ELEC-000127 时控开关 类型：时控开关；ELEC-000178 时控开关 品牌：德力西；类型：时控开关；ELEC-000221 时控开关 品牌：施耐德；电压：220V；额定电流：10A
电气电料	按钮开关	2	电气电料	低压电器	合并	高	旧族“按钮开关”属于低压控制、保护、指示或操作元件，使用时需要电流、电压、极数、线圈或接口参数，符合“低压电器”。	合并到“低压电器”，第三层保留“按钮开关”，后续按断路器、接触器、继电器、按钮/指示件等治理关键规格。	ELEC-000151 带灯按钮开关 品牌：施耐德；类型：带灯按钮开关；ELEC-000201 按钮开关 颜色：红+绿；类型：按钮开关
电气电料	交流接触器	2	电气电料	低压电器	合并	高	旧族“交流接触器”属于低压控制、保护、指示或操作元件，使用时需要电流、电压、极数、线圈或接口参数，符合“低压电器”。	合并到“低压电器”，第三层保留“交流接触器”，后续按断路器、接触器、继电器、按钮/指示件等治理关键规格。	ELEC-000179 交流接触器 品牌：施耐德；系列：CJX2；线圈电压：220V；ELEC-000223 交流接触器 品牌：人民；系列/型号：CJX2-1810
电气电料	按钮指示灯	1	电气电料	低压电器	合并	高	旧族“按钮指示灯”属于低压控制、保护、指示或操作元件，使用时需要电流、电压、极数、线圈或接口参数，符合“低压电器”。	合并到“低压电器”，第三层保留“按钮指示灯”，后续按断路器、接触器、继电器、按钮/指示件等治理关键规格。	ELEC-000147 启动按钮指示灯 功能：启动按钮、指示灯
电气电料	保险管	1	电气电料	低压电器	合并	高	旧族“保险管”属于低压控制、保护、指示或操作元件，使用时需要电流、电压、极数、线圈或接口参数，符合“低压电器”。	合并到“低压电器”，第三层保留“保险管”，后续按断路器、接触器、继电器、按钮/指示件等治理关键规格。	ELEC-000087 保险管 电流：32A
电气电料	刀开关手柄	1	电气电料	低压电器	合并	高	旧族“刀开关手柄”属于低压控制、保护、指示或操作元件，使用时需要电流、电压、极数、线圈或接口参数，符合“低压电器”。	合并到“低压电器”，第三层保留“刀开关手柄”，后续按断路器、接触器、继电器、按钮/指示件等治理关键规格。	ELEC-000156 刀开关手柄 型号：HD13；额定电流：1000A；部件：手柄
电气电料	电位器	1	电气电料	低压电器	合并	高	旧族“电位器”属于低压控制、保护、指示或操作元件，使用时需要电流、电压、极数、线圈或接口参数，符合“低压电器”。	合并到“低压电器”，第三层保留“电位器”，后续按断路器、接触器、继电器、按钮/指示件等治理关键规格。	ELEC-000204 电位器 品牌：天逸；型号：LA42D；阻值：5K
电气电料	调速电位器	1	电气电料	低压电器	合并	高	旧族“调速电位器”属于低压控制、保护、指示或操作元件，使用时需要电流、电压、极数、线圈或接口参数，符合“低压电器”。	合并到“低压电器”，第三层保留“调速电位器”，后续按断路器、接触器、继电器、按钮/指示件等治理关键规格。	ELEC-000200 调速电位器 品牌：施耐德；阻值：5K；用途：调速
电气电料	浮球液位开关	1	电气电料	低压电器	合并	高	旧族“浮球液位开关”属于低压控制、保护、指示或操作元件，使用时需要电流、电压、极数、线圈或接口参数，符合“低压电器”。	合并到“低压电器”，第三层保留“浮球液位开关”，后续按断路器、接触器、继电器、按钮/指示件等治理关键规格。	ELEC-000230 浮球液位开关 类型：浮球开关；线长：10m
电气电料	急停按钮	1	电气电料	低压电器	合并	高	旧族“急停按钮”属于低压控制、保护、指示或操作元件，使用时需要电流、电压、极数、线圈或接口参数，符合“低压电器”。	合并到“低压电器”，第三层保留“急停按钮”，后续按断路器、接触器、继电器、按钮/指示件等治理关键规格。	ELEC-000148 急停按钮 功能：急停
电气电料	继电器套装	1	电气电料	低压电器	合并	高	旧族“继电器套装”属于低压控制、保护、指示或操作元件，使用时需要电流、电压、极数、线圈或接口参数，符合“低压电器”。	合并到“低压电器”，第三层保留“继电器套装”，后续按断路器、接触器、继电器、按钮/指示件等治理关键规格。	ELEC-000203 继电器套装 品牌：施耐德；电压：220V；电流：5A；配置：带底座
电气电料	接触器	1	电气电料	低压电器	合并	高	旧族“接触器”属于低压控制、保护、指示或操作元件，使用时需要电流、电压、极数、线圈或接口参数，符合“低压电器”。	合并到“低压电器”，第三层保留“接触器”，后续按断路器、接触器、继电器、按钮/指示件等治理关键规格。	ELEC-000064 接触器 品牌：施耐德；用途：行车；电流：80A
电气电料	控制开关	1	电气电料	低压电器	合并	高	旧族“控制开关”属于低压控制、保护、指示或操作元件，使用时需要电流、电压、极数、线圈或接口参数，符合“低压电器”。	合并到“低压电器”，第三层保留“控制开关”，后续按断路器、接触器、继电器、按钮/指示件等治理关键规格。	SPARE-000141 水泵自动控制开关 用途：水泵自动控制
电气电料	时间继电器	1	电气电料	低压电器	合并	高	旧族“时间继电器”属于低压控制、保护、指示或操作元件，使用时需要电流、电压、极数、线圈或接口参数，符合“低压电器”。	合并到“低压电器”，第三层保留“时间继电器”，后续按断路器、接触器、继电器、按钮/指示件等治理关键规格。	ELEC-000208 时间继电器 品牌：施耐德；类型：多功能时间继电器
电气电料	温控开关	1	电气电料	低压电器	合并	高	旧族“温控开关”属于低压控制、保护、指示或操作元件，使用时需要电流、电压、极数、线圈或接口参数，符合“低压电器”。	合并到“低压电器”，第三层保留“温控开关”，后续按断路器、接触器、继电器、按钮/指示件等治理关键规格。	ELEC-000185 温控开关 用途：电柜风扇；颜色：蓝色；类型：温控开关
电气电料	压力开关	1	电气电料	低压电器	合并	高	旧族“压力开关”属于低压控制、保护、指示或操作元件，使用时需要电流、电压、极数、线圈或接口参数，符合“低压电器”。	合并到“低压电器”，第三层保留“压力开关”，后续按断路器、接触器、继电器、按钮/指示件等治理关键规格。	ELEC-000132 压力开关 接口：4分；类型：压力开关
电气电料	指示灯	1	电气电料	低压电器	合并	高	旧族“指示灯”属于低压控制、保护、指示或操作元件，使用时需要电流、电压、极数、线圈或接口参数，符合“低压电器”。	合并到“低压电器”，第三层保留“指示灯”，后续按断路器、接触器、继电器、按钮/指示件等治理关键规格。	ELEC-000199 指示灯 安装孔径：M22；颜色：红+绿
电气电料	转换开关	1	电气电料	低压电器	合并	高	旧族“转换开关”属于低压控制、保护、指示或操作元件，使用时需要电流、电压、极数、线圈或接口参数，符合“低压电器”。	合并到“低压电器”，第三层保留“转换开关”，后续按断路器、接触器、继电器、按钮/指示件等治理关键规格。	ELEC-000202 转换开关 类型：按钮转换开关
电气电料	总开关	1	电气电料	低压电器	合并	高	旧族“总开关”属于低压控制、保护、指示或操作元件，使用时需要电流、电压、极数、线圈或接口参数，符合“低压电器”。	合并到“低压电器”，第三层保留“总开关”，后续按断路器、接触器、继电器、按钮/指示件等治理关键规格。	ELEC-000080 总开关 电流：100A；用途：总开关
电气电料	电箱刀闸推拉杆	1	电气电料	低压电器	合并	高	旧族“电箱刀闸推拉杆”属于低压控制、保护、指示或操作元件，使用时需要电流、电压、极数、线圈或接口参数，符合“低压电器”。	合并到“低压电器”，第三层保留“电箱刀闸推拉杆”，后续按断路器、接触器、继电器、按钮/指示件等治理关键规格。	ELEC-000209 电箱刀闸推拉杆 适配：1级电箱刀闸；部件：推拉杆
电气电料	电源转换器	3	电气电料	低压电器	合并	中	旧族“电源转换器”是电压转换或供电模块，当前目标族表没有单独电源/变压器族，先归入低压电器口径承接。	暂合并到“低压电器”，第三层保留“电源转换器”；建议后续评估是否新增“电源/变压器”二级族。	ELEC-000192 双电源转换器 电压：220V；极数：2P；电流：20A；ELEC-000193 双电源转换器 电压：24V；ELEC-000253 电源转换器 输入：24V；输出：12V；电流：2A
电气电料	变压器	1	电气电料	低压电器	合并	中	旧族“变压器”是电压转换或供电模块，当前目标族表没有单独电源/变压器族，先归入低压电器口径承接。	暂合并到“低压电器”，第三层保留“变压器”；建议后续评估是否新增“电源/变压器”二级族。	ELEC-000060 变压器 输出：24V 5A
电气电料	电源适配器	1	电气电料	低压电器	合并	中	旧族“电源适配器”是电压转换或供电模块，当前目标族表没有单独电源/变压器族，先归入低压电器口径承接。	暂合并到“低压电器”，第三层保留“电源适配器”；建议后续评估是否新增“电源/变压器”二级族。	ELEC-000074 电源适配器 输出：12V 1A
电气电料	开关电源	1	电气电料	低压电器	合并	中	旧族“开关电源”是电压转换或供电模块，当前目标族表没有单独电源/变压器族，先归入低压电器口径承接。	暂合并到“低压电器”，第三层保留“开关电源”；建议后续评估是否新增“电源/变压器”二级族。	ELEC-000079 开关电源 输出电压：36V；功率：400W
电气电料	一体式触摸屏	2	电气电料	低压电器	复核	中	旧族“一体式触摸屏”是自动化/设备控制界面，不是普通开关插座；目标表暂无自动化控制件族，低压电器可临时承接。	暂归“低压电器”并复核；建议新增或评估“自动化控制件/HMI面板”候选二级族。	ELEC-000136 一体式触摸屏 型号：TPC1570；结构：一体式；ELEC-000139 一体式触摸屏 型号：TPC1570；结构：一体式
电气电料	变频器操作面板	1	电气电料	低压电器	复核	中	旧族“变频器操作面板”是自动化/设备控制界面，不是普通开关插座；目标表暂无自动化控制件族，低压电器可临时承接。	暂归“低压电器”并复核；建议新增或评估“自动化控制件/HMI面板”候选二级族。	CONST-000025 变频器操作面板 适配设备：变频器；部件：操作面板
电气电料	灯泡	7	电气电料	照明光源	合并	高	旧族“灯泡”是照明灯具、光源或灯具配件，核心规格是功率、电压、色温、接口和供电方式，符合“照明光源”。	合并到“照明光源”，第三层保留“灯泡”，后续区分固定灯具、便携灯具、灯座/启辉器等名称。	ELEC-000014 LED灯泡 品牌：公牛；功率：40W；ELEC-000044 LED灯泡 品牌：公牛；功率：20W；ELEC-000130 LED灯泡 功率：40W；类型：LED；ELEC-000138 LED灯泡 功率：50W；类型：LED
电气电料	灯管	2	电气电料	照明光源	合并	高	旧族“灯管”是照明灯具、光源或灯具配件，核心规格是功率、电压、色温、接口和供电方式，符合“照明光源”。	合并到“照明光源”，第三层保留“灯管”，后续区分固定灯具、便携灯具、灯座/启辉器等名称。	ELEC-000006 灯管 功率：36W；ELEC-000067 LED灯管 功率：38W；类型：LED灯管
电气电料	灯座	2	电气电料	照明光源	合并	高	旧族“灯座”是照明灯具、光源或灯具配件，核心规格是功率、电压、色温、接口和供电方式，符合“照明光源”。	合并到“照明光源”，第三层保留“灯座”，后续区分固定灯具、便携灯具、灯座/启辉器等名称。	ELEC-000170 灯座 类型：灯座；ELEC-000233 灯座 规格：E27
电气电料	螺纹灯座	1	电气电料	照明光源	合并	高	旧族“螺纹灯座”是照明灯具、光源或灯具配件，核心规格是功率、电压、色温、接口和供电方式，符合“照明光源”。	合并到“照明光源”，第三层保留“螺纹灯座”，后续区分固定灯具、便携灯具、灯座/启辉器等名称。	ELEC-000161 螺纹灯座 类型：螺纹灯座
电气电料	启辉器	1	电气电料	照明光源	合并	高	旧族“启辉器”是照明灯具、光源或灯具配件，核心规格是功率、电压、色温、接口和供电方式，符合“照明光源”。	合并到“照明光源”，第三层保留“启辉器”，后续区分固定灯具、便携灯具、灯座/启辉器等名称。	ELEC-000025 启辉器 类型：启辉器
电气电料	灯头	1	电气电料	照明光源	合并	高	旧族“灯头”是照明灯具、光源或灯具配件，核心规格是功率、电压、色温、接口和供电方式，符合“照明光源”。	合并到“照明光源”，第三层保留“灯头”，后续区分固定灯具、便携灯具、灯座/启辉器等名称。	ELEC-000026 灯头 接口：螺口
电气电料	吊灯头	1	电气电料	照明光源	合并	高	旧族“吊灯头”是照明灯具、光源或灯具配件，核心规格是功率、电压、色温、接口和供电方式，符合“照明光源”。	合并到“照明光源”，第三层保留“吊灯头”，后续区分固定灯具、便携灯具、灯座/启辉器等名称。	ELEC-000131 吊灯头 类型：吊灯头
电气电料	室外照明灯	1	电气电料	照明光源	合并	高	旧族“室外照明灯”是照明灯具、光源或灯具配件，核心规格是功率、电压、色温、接口和供电方式，符合“照明光源”。	合并到“照明光源”，第三层保留“室外照明灯”，后续区分固定灯具、便携灯具、灯座/启辉器等名称。	ELEC-000128 室外照明灯 功率：200W；用途：室外
电气电料	太阳能LED灯	1	电气电料	照明光源	合并	高	旧族“太阳能LED灯”是照明灯具、光源或灯具配件，核心规格是功率、电压、色温、接口和供电方式，符合“照明光源”。	合并到“照明光源”，第三层保留“太阳能LED灯”，后续区分固定灯具、便携灯具、灯座/启辉器等名称。	ELEC-000077 太阳能LED灯 品牌：公牛；功率：80W；供电：太阳能
电气电料	LED充电头灯	1	电气电料	照明光源	合并	高	旧族“LED充电头灯”是照明灯具、光源或灯具配件，核心规格是功率、电压、色温、接口和供电方式，符合“照明光源”。	合并到“照明光源”，第三层保留“LED充电头灯”，后续区分固定灯具、便携灯具、灯座/启辉器等名称。	ELEC-000084 LED充电头灯 类型：头灯；供电：充电；光源：LED
电气电料	LED灯带	1	电气电料	照明光源	合并	高	旧族“LED灯带”是照明灯具、光源或灯具配件，核心规格是功率、电压、色温、接口和供电方式，符合“照明光源”。	合并到“照明光源”，第三层保留“LED灯带”，后续区分固定灯具、便携灯具、灯座/启辉器等名称。	ELEC-000078 LED灯带 品牌：雷士；电压：36V；灯珠：120珠
电气电料	LED防爆机床方形灯	1	电气电料	照明光源	合并	高	旧族“LED防爆机床方形灯”是照明灯具、光源或灯具配件，核心规格是功率、电压、色温、接口和供电方式，符合“照明光源”。	合并到“照明光源”，第三层保留“LED防爆机床方形灯”，后续区分固定灯具、便携灯具、灯座/启辉器等名称。	ELEC-000040 LED防爆机床方形灯 长度：1220MM；类型：LED；功能：防爆；形状：方形；用途：机床
电气电料	LED强光手电筒	1	电气电料	照明光源	合并	高	旧族“LED强光手电筒”是照明灯具、光源或灯具配件，核心规格是功率、电压、色温、接口和供电方式，符合“照明光源”。	合并到“照明光源”，第三层保留“LED强光手电筒”，后续区分固定灯具、便携灯具、灯座/启辉器等名称。	TOOL-000339 LED强光手电筒 供电方式：充电式；光源：LED；类型：强光
电气电料	LED探照灯	1	电气电料	照明光源	合并	高	旧族“LED探照灯”是照明灯具、光源或灯具配件，核心规格是功率、电压、色温、接口和供电方式，符合“照明光源”。	合并到“照明光源”，第三层保留“LED探照灯”，后续区分固定灯具、便携灯具、灯座/启辉器等名称。	TOOL-000342 LED探照灯 结构：手提式；光源：LED
电气电料	LED浴室灯	1	电气电料	照明光源	合并	高	旧族“LED浴室灯”是照明灯具、光源或灯具配件，核心规格是功率、电压、色温、接口和供电方式，符合“照明光源”。	合并到“照明光源”，第三层保留“LED浴室灯”，后续区分固定灯具、便携灯具、灯座/启辉器等名称。	ELEC-000075 LED浴室灯 功率：50W；类型：浴室灯
电气电料	LED塔灯	1	电气电料	照明光源	复核	中	旧族“LED塔灯”可能是照明塔灯，也可能是设备警示塔灯；目标照明光源可承接照明用途，但警示用途应转安全警示。	先归“照明光源”并复核用途；若确认为警示塔灯，应移到安全消防/安全警示。	ELEC-000171 LED塔灯 品牌：欧普；类型：LED塔灯；电压：380V；功率：1KW
电气电料	扎带	13	电气电料	电工辅材	合并	高	旧族“扎带”是电气安装、绝缘、绑扎、线缆支撑或电箱附属辅材，不是主电器元件，符合“电工辅材”。	合并到“电工辅材”，第三层保留“扎带”，后续补齐规格、材质、适配对象、绝缘/阻燃和安装方式。	ELEC-TIE-000001 扎带 规格：10*400；ELEC-TIE-000002 扎带 规格：10*500；ELEC-TIE-000003 扎带 规格：10*50；包装：200根/包；ELEC-TIE-000004 尼龙扎带 规格：10*500；包装：大包
电气电料	电工胶布	3	电气电料	电工辅材	合并	高	旧族“电工胶布”是电气安装、绝缘、绑扎、线缆支撑或电箱附属辅材，不是主电器元件，符合“电工辅材”。	合并到“电工辅材”，第三层保留“电工胶布”，后续补齐规格、材质、适配对象、绝缘/阻燃和安装方式。	ELEC-000005 电工胶布 品牌：3M；颜色：透明；ELEC-000019 电工胶布 品牌：3M；ELEC-000133 电工胶布 品牌：3M；类型：电工胶布
电气电料	电箱锁	2	电气电料	电工辅材	合并	高	旧族“电箱锁”是电气安装、绝缘、绑扎、线缆支撑或电箱附属辅材，不是主电器元件，符合“电工辅材”。	合并到“电工辅材”，第三层保留“电箱锁”，后续补齐规格、材质、适配对象、绝缘/阻燃和安装方式。	ELEC-000121 电箱门锁 规格/型号：325；用途：电箱门；ELEC-000165 电箱锁 适用对象：电箱；类型：锁
电气电料	电柜风扇防雨罩组合	1	电气电料	电工辅材	合并	高	旧族“电柜风扇防雨罩组合”是电气安装、绝缘、绑扎、线缆支撑或电箱附属辅材，不是主电器元件，符合“电工辅材”。	合并到“电工辅材”，第三层保留“电柜风扇防雨罩组合”，后续补齐规格、材质、适配对象、绝缘/阻燃和安装方式。	ELEC-000184 电柜风扇防雨罩组合 用途：电柜；包含：风扇+防雨罩；电压：380V
电气电料	电柜散热风机	1	电气电料	电工辅材	合并	高	旧族“电柜散热风机”是电气安装、绝缘、绑扎、线缆支撑或电箱附属辅材，不是主电器元件，符合“电工辅材”。	合并到“电工辅材”，第三层保留“电柜散热风机”，后续补齐规格、材质、适配对象、绝缘/阻燃和安装方式。	ELEC-000189 电柜散热风机 用途：电柜散热；类型：风机
电气电料	电缆三角支架	1	电气电料	电工辅材	合并	高	旧族“电缆三角支架”是电气安装、绝缘、绑扎、线缆支撑或电箱附属辅材，不是主电器元件，符合“电工辅材”。	合并到“电工辅材”，第三层保留“电缆三角支架”，后续补齐规格、材质、适配对象、绝缘/阻燃和安装方式。	ELEC-000238 电缆三角支架 用途：电缆；结构：三角支架；高度：0.45m
电气电料	电线扎丝	1	电气电料	电工辅材	合并	高	旧族“电线扎丝”是电气安装、绝缘、绑扎、线缆支撑或电箱附属辅材，不是主电器元件，符合“电工辅材”。	合并到“电工辅材”，第三层保留“电线扎丝”，后续补齐规格、材质、适配对象、绝缘/阻燃和安装方式。	ELEC-000213 电线扎丝 用途：电线绑扎
电气电料	电箱提手	1	电气电料	电工辅材	合并	高	旧族“电箱提手”是电气安装、绝缘、绑扎、线缆支撑或电箱附属辅材，不是主电器元件，符合“电工辅材”。	合并到“电工辅材”，第三层保留“电箱提手”，后续补齐规格、材质、适配对象、绝缘/阻燃和安装方式。	ELEC-000173 电箱提手 用途：电箱；部件：提手
电气电料	镀锌电线架	1	电气电料	电工辅材	合并	高	旧族“镀锌电线架”是电气安装、绝缘、绑扎、线缆支撑或电箱附属辅材，不是主电器元件，符合“电工辅材”。	合并到“电工辅材”，第三层保留“镀锌电线架”，后续补齐规格、材质、适配对象、绝缘/阻燃和安装方式。	ELEC-000022 镀锌电线架 材质：镀锌；位数：4位
电气电料	防水电工胶布	1	电气电料	电工辅材	合并	高	旧族“防水电工胶布”是电气安装、绝缘、绑扎、线缆支撑或电箱附属辅材，不是主电器元件，符合“电工辅材”。	合并到“电工辅材”，第三层保留“防水电工胶布”，后续补齐规格、材质、适配对象、绝缘/阻燃和安装方式。	ELEC-000134 防水电工胶布 宽度：25mm；功能：防水
电气电料	钢钉线卡	1	电气电料	电工辅材	合并	高	旧族“钢钉线卡”是电气安装、绝缘、绑扎、线缆支撑或电箱附属辅材，不是主电器元件，符合“电工辅材”。	合并到“电工辅材”，第三层保留“钢钉线卡”，后续补齐规格、材质、适配对象、绝缘/阻燃和安装方式。	ELEC-000021 钢钉线卡 规格：20
电气电料	高压防水自粘带	1	电气电料	电工辅材	合并	高	旧族“高压防水自粘带”是电气安装、绝缘、绑扎、线缆支撑或电箱附属辅材，不是主电器元件，符合“电工辅材”。	合并到“电工辅材”，第三层保留“高压防水自粘带”，后续补齐规格、材质、适配对象、绝缘/阻燃和安装方式。	ELEC-000217 高压防水自粘带 品牌：3M；特性：高压防水；类型：自粘带
电气电料	接地桩	1	电气电料	电工辅材	合并	高	旧族“接地桩”是电气安装、绝缘、绑扎、线缆支撑或电箱附属辅材，不是主电器元件，符合“电工辅材”。	合并到“电工辅材”，第三层保留“接地桩”，后续补齐规格、材质、适配对象、绝缘/阻燃和安装方式。	ELEC-000218 接地桩 用途：接地；规格：M16*1m
电气电料	接地桩套件	1	电气电料	电工辅材	合并	高	旧族“接地桩套件”是电气安装、绝缘、绑扎、线缆支撑或电箱附属辅材，不是主电器元件，符合“电工辅材”。	合并到“电工辅材”，第三层保留“接地桩套件”，后续补齐规格、材质、适配对象、绝缘/阻燃和安装方式。	ELEC-000235 接地桩套件 表面处理：镀锌；规格：18*1m；配置：带螺丝
电气电料	绝缘胶带	1	电气电料	电工辅材	合并	高	旧族“绝缘胶带”是电气安装、绝缘、绑扎、线缆支撑或电箱附属辅材，不是主电器元件，符合“电工辅材”。	合并到“电工辅材”，第三层保留“绝缘胶带”，后续补齐规格、材质、适配对象、绝缘/阻燃和安装方式。	ELEC-000083 绝缘胶带 类型：绝缘胶带
电气电料	绝缘橡胶板	1	电气电料	电工辅材	合并	高	旧族“绝缘橡胶板”是电气安装、绝缘、绑扎、线缆支撑或电箱附属辅材，不是主电器元件，符合“电工辅材”。	合并到“电工辅材”，第三层保留“绝缘橡胶板”，后续补齐规格、材质、适配对象、绝缘/阻燃和安装方式。	CONST-000039 绝缘橡胶板 特性：绝缘；厚度：3mm
电气电料	线槽	1	电气电料	电工辅材	合并	高	旧族“线槽”是电气安装、绝缘、绑扎、线缆支撑或电箱附属辅材，不是主电器元件，符合“电工辅材”。	合并到“电工辅材”，第三层保留“线槽”，后续补齐规格、材质、适配对象、绝缘/阻燃和安装方式。	ELEC-000037 线槽 规格：30*15
电气电料	线盒	1	电气电料	电工辅材	合并	高	旧族“线盒”是电气安装、绝缘、绑扎、线缆支撑或电箱附属辅材，不是主电器元件，符合“电工辅材”。	合并到“电工辅材”，第三层保留“线盒”，后续补齐规格、材质、适配对象、绝缘/阻燃和安装方式。	ELEC-000008 线盒 安装方式：明装
电气电料	PVC线槽	1	电气电料	电工辅材	合并	高	旧族“PVC线槽”是电气安装、绝缘、绑扎、线缆支撑或电箱附属辅材，不是主电器元件，符合“电工辅材”。	合并到“电工辅材”，第三层保留“PVC线槽”，后续补齐规格、材质、适配对象、绝缘/阻燃和安装方式。	ELEC-000163 PVC线槽 品牌：公牛；材质：PVC；规格：25mm
电气电料	PVC线管	1	电气电料	电工辅材	合并	高	旧族“PVC线管”是电气安装、绝缘、绑扎、线缆支撑或电箱附属辅材，不是主电器元件，符合“电工辅材”。	合并到“电工辅材”，第三层保留“PVC线管”，后续补齐规格、材质、适配对象、绝缘/阻燃和安装方式。	ELEC-000110 PVC线管 规格：25；材质：PVC
电气电料	不锈钢户外箱	2	电气电料	电气箱柜	复核	中	旧族“不锈钢户外箱”是电箱、电柜或控制箱本体，目标二级族表尚未提供电气箱柜族，用低压电器或电工辅材承接都容易混淆。	目标族表缺失，建议在电气电料下新增“电气箱柜”；本批先作为候选目标并复核尺寸、材质、安装环境和回路用途。	ELEC-000175 不锈钢户外箱 材质：不锈钢；适用环境：户外；尺寸：500*600*200；ELEC-000197 不锈钢户外箱 材质：不锈钢；环境：户外；尺寸：400*400*250
电气电料	电箱	2	电气电料	电气箱柜	复核	中	旧族“电箱”是电箱、电柜或控制箱本体，目标二级族表尚未提供电气箱柜族，用低压电器或电工辅材承接都容易混淆。	目标族表缺失，建议在电气电料下新增“电气箱柜”；本批先作为候选目标并复核尺寸、材质、安装环境和回路用途。	ELEC-000009 电箱 型号/规格：P230；ELEC-000035 电箱 规格：250A
电气电料	不锈钢内外门电箱	1	电气电料	电气箱柜	复核	中	旧族“不锈钢内外门电箱”是电箱、电柜或控制箱本体，目标二级族表尚未提供电气箱柜族，用低压电器或电工辅材承接都容易混淆。	目标族表缺失，建议在电气电料下新增“电气箱柜”；本批先作为候选目标并复核尺寸、材质、安装环境和回路用途。	ELEC-000198 不锈钢内外门电箱 材质：不锈钢；结构：内外门；尺寸：350*250*200
电气电料	电柜	1	电气电料	电气箱柜	复核	中	旧族“电柜”是电箱、电柜或控制箱本体，目标二级族表尚未提供电气箱柜族，用低压电器或电工辅材承接都容易混淆。	目标族表缺失，建议在电气电料下新增“电气箱柜”；本批先作为候选目标并复核尺寸、材质、安装环境和回路用途。	METAL-000126 不锈钢内外门电柜 材质：不锈钢；结构：内外门；尺寸：1000*650*450
电气电料	电箱壳体	1	电气电料	电气箱柜	复核	中	旧族“电箱壳体”是电箱、电柜或控制箱本体，目标二级族表尚未提供电气箱柜族，用低压电器或电工辅材承接都容易混淆。	目标族表缺失，建议在电气电料下新增“电气箱柜”；本批先作为候选目标并复核尺寸、材质、安装环境和回路用途。	ELEC-000153 配电箱壳体 材质：不锈钢；安装环境：室外；尺寸：500*600*300
电气电料	定制电箱	1	电气电料	电气箱柜	复核	中	旧族“定制电箱”是电箱、电柜或控制箱本体，目标二级族表尚未提供电气箱柜族，用低压电器或电工辅材承接都容易混淆。	目标族表缺失，建议在电气电料下新增“电气箱柜”；本批先作为候选目标并复核尺寸、材质、安装环境和回路用途。	ELEC-000196 定制电箱 定制：是；尺寸：700*300*220
电气电料	户外电箱	1	电气电料	电气箱柜	复核	中	旧族“户外电箱”是电箱、电柜或控制箱本体，目标二级族表尚未提供电气箱柜族，用低压电器或电工辅材承接都容易混淆。	目标族表缺失，建议在电气电料下新增“电气箱柜”；本批先作为候选目标并复核尺寸、材质、安装环境和回路用途。	ELEC-000172 户外电箱 定制：是；材质：不锈钢；安装环境：户外；适配功率：7.5KW
电气电料	双开门电箱	1	电气电料	电气箱柜	复核	中	旧族“双开门电箱”是电箱、电柜或控制箱本体，目标二级族表尚未提供电气箱柜族，用低压电器或电工辅材承接都容易混淆。	目标族表缺失，建议在电气电料下新增“电气箱柜”；本批先作为候选目标并复核尺寸、材质、安装环境和回路用途。	ELEC-000129 双开门电箱 定制：是；结构：双开门；适配功率：11kW
电气电料	双门控制箱	1	电气电料	电气箱柜	复核	中	旧族“双门控制箱”是电箱、电柜或控制箱本体，目标二级族表尚未提供电气箱柜族，用低压电器或电工辅材承接都容易混淆。	目标族表缺失，建议在电气电料下新增“电气箱柜”；本批先作为候选目标并复核尺寸、材质、安装环境和回路用途。	MAT-000071 双门控制箱 定制：是；结构：双门
电气电料	排风扇	2	电气电料	通风设备	复核	中	旧族“排风扇”是通风换气设备，不属于照明、开关插座或低压保护元件；目标表暂无通风设备族。	目标族表缺失，建议新增“通风设备”或明确移交设备类；本批先作为候选目标复核。	ELEC-000041 排风扇 规格：50*50；ELEC-000068 排风扇 规格：10寸
电气电料	排气扇	2	电气电料	通风设备	复核	中	旧族“排气扇”是通风换气设备，不属于照明、开关插座或低压保护元件；目标表暂无通风设备族。	目标族表缺失，建议新增“通风设备”或明确移交设备类；本批先作为候选目标复核。	ELEC-000027 排气扇 规格：50*50；ELEC-000112 排气扇 型号：FAD40-400
电气电料	电池	5	电气电料	电源/电池	复核	中	旧族“电池”是独立供电耗材/电源件，目标表暂无电池族，归电工辅材会掩盖容量、电压和化学体系等关键属性。	目标族表缺失，建议在电气电料下新增“电源/电池”；后续按电压、容量、规格型号和可充电性治理。	ELEC-000039 电池 电压：9V；ELEC-000042 电池 规格：5号；ELEC-000099 电池 规格：7号；ELEC-000188 5号电池 品牌：南孚；规格：5号
电气电料	蓄电池	1	电气电料	电源/电池	复核	中	旧族“蓄电池”是独立供电耗材/电源件，目标表暂无电池族，归电工辅材会掩盖容量、电压和化学体系等关键属性。	目标族表缺失，建议在电气电料下新增“电源/电池”；后续按电压、容量、规格型号和可充电性治理。	ELEC-000090 蓄电池 电压：12V
弱电安防	网线接头	4	弱电安防	网络通信	合并	高	旧族“网线接头”用于网络连接或通信传输，样例为网线、水晶头、交换机、路由器等弱电网络材料，符合“网络通信”。	合并到“网络通信”，第三层保留“网线接头”，补齐端口、速率、长度、防水等级或接口类型。	ELEC-000043 防水网线接头 功能：防水；用途：网线连接；ELEC-000076 网线防水对接头 特征：防水；用途：网络对接；PIPE-000418 网线对接头 类型：网线对接头；PIPE-000420 防水网线连接器 适用环境：户外；特性：防水；类型：网线接头连接器
弱电安防	百兆交换机	1	弱电安防	网络通信	合并	高	旧族“百兆交换机”用于网络连接或通信传输，样例为网线、水晶头、交换机、路由器等弱电网络材料，符合“网络通信”。	合并到“网络通信”，第三层保留“百兆交换机”，补齐端口、速率、长度、防水等级或接口类型。	MAT-000164 百兆交换机 品牌：海康威视；端口：5口；速率：百兆
弱电安防	成品网线	1	弱电安防	网络通信	合并	高	旧族“成品网线”用于网络连接或通信传输，样例为网线、水晶头、交换机、路由器等弱电网络材料，符合“网络通信”。	合并到“网络通信”，第三层保留“成品网线”，补齐端口、速率、长度、防水等级或接口类型。	MAT-000200 成品网线 长度：30米；配置：两端插头
弱电安防	光纤交换机	1	弱电安防	网络通信	合并	高	旧族“光纤交换机”用于网络连接或通信传输，样例为网线、水晶头、交换机、路由器等弱电网络材料，符合“网络通信”。	合并到“网络通信”，第三层保留“光纤交换机”，补齐端口、速率、长度、防水等级或接口类型。	MAT-000205 光纤交换机 端口：二光四电
弱电安防	路由器	1	弱电安防	网络通信	合并	高	旧族“路由器”用于网络连接或通信传输，样例为网线、水晶头、交换机、路由器等弱电网络材料，符合“网络通信”。	合并到“网络通信”，第三层保留“路由器”，补齐端口、速率、长度、防水等级或接口类型。	ELEC-000086 路由器 品牌：华为；速率：1000M
弱电安防	RJ45水晶头	1	弱电安防	网络通信	合并	高	旧族“RJ45水晶头”用于网络连接或通信传输，样例为网线、水晶头、交换机、路由器等弱电网络材料，符合“网络通信”。	合并到“网络通信”，第三层保留“RJ45水晶头”，补齐端口、速率、长度、防水等级或接口类型。	ELEC-000108 RJ45水晶头 类型：RJ45水晶头
弱电安防	监控摄像头	3	弱电安防	监控安防	合并	高	旧族“监控摄像头”属于现场监控、报警或声光提示设备，弱电安防属性明确，符合“监控安防”。	合并到“监控安防”，第三层保留“监控摄像头”，后续补齐供电方式、通信方式、清晰度、报警方式和安装环境。	ELEC-000047 太阳能4G摄像头 供电：太阳能；通信：4G；清晰度：4K；MAT-000160 监控摄像头 通信：4G；供电：太阳能；清晰度：4K；存储：30天循环；MAT-000206 变焦摄像头 功能：变焦
弱电安防	监控套装	1	弱电安防	监控安防	合并	高	旧族“监控套装”属于现场监控、报警或声光提示设备，弱电安防属性明确，符合“监控安防”。	合并到“监控安防”，第三层保留“监控套装”，后续补齐供电方式、通信方式、清晰度、报警方式和安装环境。	MAT-000163 太阳能4G监控套装 供电：太阳能；通信：4G；套装：三件套
弱电安防	闪光蜂鸣器	1	弱电安防	监控安防	合并	高	旧族“闪光蜂鸣器”属于现场监控、报警或声光提示设备，弱电安防属性明确，符合“监控安防”。	合并到“监控安防”，第三层保留“闪光蜂鸣器”，后续补齐供电方式、通信方式、清晰度、报警方式和安装环境。	ELEC-000149 闪光蜂鸣器 功能：闪光、蜂鸣
弱电安防	LED声光报警器	1	弱电安防	监控安防	合并	高	旧族“LED声光报警器”属于现场监控、报警或声光提示设备，弱电安防属性明确，符合“监控安防”。	合并到“监控安防”，第三层保留“LED声光报警器”，后续补齐供电方式、通信方式、清晰度、报警方式和安装环境。	ELEC-000252 LED声光报警器 光源：LED；电压：24V
弱电安防	对讲机	3	弱电安防	对讲通信	合并	高	旧族“对讲机”样例均为对讲通信设备，与网络设备和监控设备边界清楚，符合“对讲通信”。	合并到“对讲通信”，第三层保留“对讲机”，后续补齐品牌型号、功率、频段和配件配置。	ELEC-000070 对讲机 品牌：长城；型号：A99；特征：高功率；MAT-000219 对讲机 品牌：小米；代际：二代；MAT-000248 对讲机 品牌：小米；型号：二代
安全消防	消防接头	7	安全消防	消防管件	合并	高	旧族“消防接头”用于消防管路、水带连接或消防阀控，目标族表明确将消防水带、接头、卡箍、阀门归为“消防管件”。	合并到“消防管件”，第三层保留“消防接头”，后续补齐口径、压力等级、接口形式和认证要求。	PIPE-000283 消防接头 规格：100；PIPE-000284 消防接头 规格：65；PIPE-000285 消防接头 规格：80；SAFE-000124 消防接头 材质：铝合金；直径：Φ80
安全消防	消防水带	6	安全消防	消防管件	合并	高	旧族“消防水带”用于消防管路、水带连接或消防阀控，目标族表明确将消防水带、接头、卡箍、阀门归为“消防管件”。	合并到“消防管件”，第三层保留“消防水带”，后续补齐口径、压力等级、接口形式和认证要求。	PIPE-000109 橡胶防爆水带 规格：100；材质：橡胶；特征：防爆；PIPE-000263 消防水带 规格：65；特征：加厚；SAFE-000086 消防水带 规格：65；用途：消防；SAFE-000087 消防水带 规格：80；用途：消防
安全消防	消防卡箍	4	安全消防	消防管件	合并	高	旧族“消防卡箍”用于消防管路、水带连接或消防阀控，目标族表明确将消防水带、接头、卡箍、阀门归为“消防管件”。	合并到“消防管件”，第三层保留“消防卡箍”，后续补齐口径、压力等级、接口形式和认证要求。	PIPE-000145 消防卡箍 规格：89；用途：消防；PIPE-000192 消防卡箍 规格：50；用途：消防；PIPE-000193 消防卡箍 规格：65；用途：消防；PIPE-000194 消防卡箍 规格：80；用途：消防
安全消防	消防阀门	2	安全消防	消防管件	合并	高	旧族“消防阀门”用于消防管路、水带连接或消防阀控，目标族表明确将消防水带、接头、卡箍、阀门归为“消防管件”。	合并到“消防管件”，第三层保留“消防阀门”，后续补齐口径、压力等级、接口形式和认证要求。	SAFE-000053 消防蝶阀 公称直径：DN150；特征：加长；用途：消防；SAFE-000090 消防阀门 规格：150；连接方式：沟槽/卡式；用途：消防
安全消防	消防枪头	1	安全消防	消防管件	合并	高	旧族“消防枪头”用于消防管路、水带连接或消防阀控，目标族表明确将消防水带、接头、卡箍、阀门归为“消防管件”。	合并到“消防管件”，第三层保留“消防枪头”，后续补齐口径、压力等级、接口形式和认证要求。	SAFE-000136 消防枪头 规格：50
安全消防	灭火器	4	安全消防	消防器材	合并	高	旧族“灭火器”是灭火或消防设施器材，不是消防管路连接件，符合“消防器材”的消防设施口径。	合并到“消防器材”，第三层保留“灭火器”，灭火器类补齐容量、剂型、有效期和认证，箱体类补尺寸。	SAFE-000035 灭火器 容量：4KG；SAFE-000075 灭火器 规格：2kg；SAFE-000094 灭火器 灭火剂重量：2KG；SAFE-000121 灭火器 灭火剂重量：2kg
安全消防	灭火器箱	2	安全消防	消防器材	合并	高	旧族“灭火器箱”是灭火或消防设施器材，不是消防管路连接件，符合“消防器材”的消防设施口径。	合并到“消防器材”，第三层保留“灭火器箱”，灭火器类补齐容量、剂型、有效期和认证，箱体类补尺寸。	SAFE-000076 灭火器箱 类型：灭火器箱；SAFE-000122 灭火器箱 用途：灭火器存放
安全消防	消防箱	1	安全消防	消防器材	合并	高	旧族“消防箱”是灭火或消防设施器材，不是消防管路连接件，符合“消防器材”的消防设施口径。	合并到“消防器材”，第三层保留“消防箱”，灭火器类补齐容量、剂型、有效期和认证，箱体类补尺寸。	SAFE-000036 消防箱 类型：消防箱
安全消防	消防铲	1	安全消防	消防器材	合并	高	旧族“消防铲”是灭火或消防设施器材，不是消防管路连接件，符合“消防器材”的消防设施口径。	合并到“消防器材”，第三层保留“消防铲”，灭火器类补齐容量、剂型、有效期和认证，箱体类补尺寸。	SAFE-000111 消防铲 类型：消防铲
安全消防	安全网	3	安全消防	安全网/防护网	合并	高	旧族“安全网”是施工防坠、防护或密目网，安全风险属性强，符合二级族“安全网/防护网”。	合并到“安全网/防护网”，第三层保留“安全网”，后续补齐尺寸、材质、网目、阻燃等级和承载要求。	SAFE-000064 安全网 类型：安全网；SAFE-000088 安全网 尺寸：1.8米*6米；SAFE-000092 安全网 尺寸：6*1.8米；特征：加厚
安全消防	安全防护网	1	安全消防	安全网/防护网	合并	高	旧族“安全防护网”是施工防坠、防护或密目网，安全风险属性强，符合二级族“安全网/防护网”。	合并到“安全网/防护网”，第三层保留“安全防护网”，后续补齐尺寸、材质、网目、阻燃等级和承载要求。	SAFE-000060 安全防护网 特征：加厚
安全消防	防护安全网	1	安全消防	安全网/防护网	合并	高	旧族“防护安全网”是施工防坠、防护或密目网，安全风险属性强，符合二级族“安全网/防护网”。	合并到“安全网/防护网”，第三层保留“防护安全网”，后续补齐尺寸、材质、网目、阻燃等级和承载要求。	SAFE-000025 防护安全网 规格：3000；特征：加厚
安全消防	防坠安全网	1	安全消防	安全网/防护网	合并	高	旧族“防坠安全网”是施工防坠、防护或密目网，安全风险属性强，符合二级族“安全网/防护网”。	合并到“安全网/防护网”，第三层保留“防坠安全网”，后续补齐尺寸、材质、网目、阻燃等级和承载要求。	SAFE-000031 防坠安全网 定制：是；用途：防坠
安全消防	密目安全网	1	安全消防	安全网/防护网	合并	高	旧族“密目安全网”是施工防坠、防护或密目网，安全风险属性强，符合二级族“安全网/防护网”。	合并到“安全网/防护网”，第三层保留“密目安全网”，后续补齐尺寸、材质、网目、阻燃等级和承载要求。	SAFE-000115 密目安全网 类型：密目；尺寸：6m*1.2m
安全消防	反射片	2	安全消防	安全警示	合并	高	旧族“反射片”用于现场警示、反光提示、交通导向或防撞提醒，符合“安全警示”的安全提示设施口径。	合并到“安全警示”，第三层保留“反射片”，后续补齐尺寸、材质、颜色、供电方式和反光等级。	SAFE-000028 反射片 规格：3*3；SAFE-000029 反射片 规格：5*5
安全消防	警示牌	2	安全消防	安全警示	合并	高	旧族“警示牌”用于现场警示、反光提示、交通导向或防撞提醒，符合“安全警示”的安全提示设施口径。	合并到“安全警示”，第三层保留“警示牌”，后续补齐尺寸、材质、颜色、供电方式和反光等级。	SAFE-000040 警示牌 规格：大号；SAFE-000079 立式灭火标志 类型：立式；用途：灭火标志
安全消防	路锥	2	安全消防	安全警示	合并	高	旧族“路锥”用于现场警示、反光提示、交通导向或防撞提醒，符合“安全警示”的安全提示设施口径。	合并到“安全警示”，第三层保留“路锥”，后续补齐尺寸、材质、颜色、供电方式和反光等级。	SAFE-000023 路锥 高度：1米；SAFE-000038 路锥 高度：90cm
安全消防	爆闪灯	1	安全消防	安全警示	合并	高	旧族“爆闪灯”用于现场警示、反光提示、交通导向或防撞提醒，符合“安全警示”的安全提示设施口径。	合并到“安全警示”，第三层保留“爆闪灯”，后续补齐尺寸、材质、颜色、供电方式和反光等级。	SAFE-000071 太阳能爆闪灯 供电：太阳能；类型：爆闪灯
安全消防	反光警示带	1	安全消防	安全警示	合并	高	旧族“反光警示带”用于现场警示、反光提示、交通导向或防撞提醒，符合“安全警示”的安全提示设施口径。	合并到“安全警示”，第三层保留“反光警示带”，后续补齐尺寸、材质、颜色、供电方式和反光等级。	SAFE-000065 反光警示带 宽度：10cm；颜色：黄黑；功能：反光
安全消防	警示反光胶带	1	安全消防	安全警示	合并	高	旧族“警示反光胶带”用于现场警示、反光提示、交通导向或防撞提醒，符合“安全警示”的安全提示设施口径。	合并到“安全警示”，第三层保留“警示反光胶带”，后续补齐尺寸、材质、颜色、供电方式和反光等级。	SAFE-000125 警示反光胶带 品牌：3M；用途：警示；长度：50m
安全消防	警示反光踢脚板	1	安全消防	安全警示	合并	高	旧族“警示反光踢脚板”用于现场警示、反光提示、交通导向或防撞提醒，符合“安全警示”的安全提示设施口径。	合并到“安全警示”，第三层保留“警示反光踢脚板”，后续补齐尺寸、材质、颜色、供电方式和反光等级。	SAFE-000126 警示反光踢脚板 用途：警示反光；规格：30cm
安全消防	减速带	1	安全消防	安全警示	合并	高	旧族“减速带”用于现场警示、反光提示、交通导向或防撞提醒，符合“安全警示”的安全提示设施口径。	合并到“安全警示”，第三层保留“减速带”，后续补齐尺寸、材质、颜色、供电方式和反光等级。	SAFE-000061 减速带 尺寸：60cm*55；款式：大二线
安全消防	防撞条	1	安全消防	安全警示	合并	高	旧族“防撞条”用于现场警示、反光提示、交通导向或防撞提醒，符合“安全警示”的安全提示设施口径。	合并到“安全警示”，第三层保留“防撞条”，后续补齐尺寸、材质、颜色、供电方式和反光等级。	SAFE-000037 防撞条 特征：背胶；类型：防撞条
安全消防	伸缩杆	2	安全消防	围挡护栏	复核	中	旧族“伸缩杆”是现场隔离或围护设施，安全消防属性明确，但目标二级族表暂无围挡护栏族。	目标族表缺失，建议在安全消防下新增“围挡护栏”；本批先作为候选目标复核尺寸、材质和使用场景。	SAFE-000039 伸缩杆 颜色：红色；类型：伸缩杆；TOOL-000210 伸缩杆 长度：2米；结构：伸缩
安全消防	电箱围栏	1	安全消防	围挡护栏	复核	中	旧族“电箱围栏”是现场隔离或围护设施，安全消防属性明确，但目标二级族表暂无围挡护栏族。	目标族表缺失，建议在安全消防下新增“围挡护栏”；本批先作为候选目标复核尺寸、材质和使用场景。	SAFE-000072 电箱围栏 定制：是；用途：二级电箱
安全消防	防滑橡胶垫	1	安全消防	地面防护	复核	中	旧族“防滑橡胶垫”用于地面防滑防护，不是警示标识也不是防护网，目标二级族表暂无地面防护族。	目标族表缺失，建议在安全消防下新增“地面防护”或明确移入后勤/橡胶材料；本批先复核。	SAFE-000063 防滑橡胶垫 功能：防滑；材质：橡胶
化工胶粘涂料	自喷漆	19	化工胶粘涂料	油漆涂料	合并	高	旧族“自喷漆”是油漆、喷漆、乳胶漆或配套涂料，品牌、颜色、包装和用途应作为 SKU 属性，符合“油漆涂料”。	合并到“油漆涂料”，第三层保留“自喷漆”，后续治理颜色、容量、类型、适用基材和品牌型号。	CHEM-000017 自喷漆 品牌：三和；颜色：灰色；类型：自喷漆；CHEM-000018 自喷漆 品牌：三和；颜色：黑色；类型：自喷漆；CHEM-000034 自喷漆 品牌：三和；颜色：翠绿色；类型：自喷漆；CHEM-000035 自喷漆 颜色：中黄；类型：自喷漆
化工胶粘涂料	防锈漆	10	化工胶粘涂料	油漆涂料	合并	高	旧族“防锈漆”是油漆、喷漆、乳胶漆或配套涂料，品牌、颜色、包装和用途应作为 SKU 属性，符合“油漆涂料”。	合并到“油漆涂料”，第三层保留“防锈漆”，后续治理颜色、容量、类型、适用基材和品牌型号。	CHEM-000011 防锈漆 颜色：铁红；类型：防锈漆；CHEM-000102 防锈漆 品牌：立邦；颜色：白色；包装：18KG；CHEM-000108 防锈漆 品牌：立邦；颜色：桔黄色；包装：18kg；CHEM-000110 防锈漆 品牌：立邦；颜色：深黄；包装：18KG
化工胶粘涂料	调和漆	6	化工胶粘涂料	油漆涂料	合并	高	旧族“调和漆”是油漆、喷漆、乳胶漆或配套涂料，品牌、颜色、包装和用途应作为 SKU 属性，符合“油漆涂料”。	合并到“油漆涂料”，第三层保留“调和漆”，后续治理颜色、容量、类型、适用基材和品牌型号。	CHEM-000013 调和漆 颜色：白色；类型：调和漆；CHEM-000023 调和漆 颜色：黄色；类型：调和漆；CHEM-000024 调和漆 颜色：铁红；类型：调和漆；CHEM-000040 调和漆 类型：调和漆；颜色：黑色
化工胶粘涂料	油漆	6	化工胶粘涂料	油漆涂料	合并	高	旧族“油漆”是油漆、喷漆、乳胶漆或配套涂料，品牌、颜色、包装和用途应作为 SKU 属性，符合“油漆涂料”。	合并到“油漆涂料”，第三层保留“油漆”，后续治理颜色、容量、类型、适用基材和品牌型号。	CHEM-000007 调和油漆 颜色：铁红；CHEM-000008 调和油漆 颜色：白色；类型：调和油漆；CHEM-000120 油漆 品牌：立邦；颜色：蓝色；包装：18kg；CHEM-000123 油漆 品牌：立邦；颜色：中黄；包装：18KG
化工胶粘涂料	乳胶漆	3	化工胶粘涂料	油漆涂料	合并	高	旧族“乳胶漆”是油漆、喷漆、乳胶漆或配套涂料，品牌、颜色、包装和用途应作为 SKU 属性，符合“油漆涂料”。	合并到“油漆涂料”，第三层保留“乳胶漆”，后续治理颜色、容量、类型、适用基材和品牌型号。	CHEM-000141 防水乳胶漆 品牌：立邦；特性：防水；包装：18KG；CHEM-000142 防水乳胶漆 品牌：立邦；颜色：白色；特性：防水；包装：18KG；CHEM-000144 内墙乳胶漆 品牌：立邦；系列：云净；特性：抗甲醛；用途：内墙；包装：5L
化工胶粘涂料	喷漆	2	化工胶粘涂料	油漆涂料	合并	高	旧族“喷漆”是油漆、喷漆、乳胶漆或配套涂料，品牌、颜色、包装和用途应作为 SKU 属性，符合“油漆涂料”。	合并到“油漆涂料”，第三层保留“喷漆”，后续治理颜色、容量、类型、适用基材和品牌型号。	CHEM-000009 喷漆 品牌：三和；颜色：黄色；CHEM-000010 喷漆 品牌：三和；颜色：天蓝色
化工胶粘涂料	地坪漆底漆	2	化工胶粘涂料	油漆涂料	合并	高	旧族“地坪漆底漆”是油漆、喷漆、乳胶漆或配套涂料，品牌、颜色、包装和用途应作为 SKU 属性，符合“油漆涂料”。	合并到“油漆涂料”，第三层保留“地坪漆底漆”，后续治理颜色、容量、类型、适用基材和品牌型号。	CHEM-000029 地坪漆底漆 品牌/系列：好地坪漆；类型：底漆；CHEM-000033 地坪漆底漆 品牌/系列：好地坪漆；类型：底漆；包装：20KG
化工胶粘涂料	金属漆	1	化工胶粘涂料	油漆涂料	合并	高	旧族“金属漆”是油漆、喷漆、乳胶漆或配套涂料，品牌、颜色、包装和用途应作为 SKU 属性，符合“油漆涂料”。	合并到“油漆涂料”，第三层保留“金属漆”，后续治理颜色、容量、类型、适用基材和品牌型号。	CHEM-000135 金属漆 品牌：立邦；包装：18KG；用途：金属
化工胶粘涂料	涂料	1	化工胶粘涂料	油漆涂料	合并	高	旧族“涂料”是油漆、喷漆、乳胶漆或配套涂料，品牌、颜色、包装和用途应作为 SKU 属性，符合“油漆涂料”。	合并到“油漆涂料”，第三层保留“涂料”，后续治理颜色、容量、类型、适用基材和品牌型号。	CHEM-000002 涂料 品牌：立邦；系列：5合1；特征：环保
化工胶粘涂料	外墙漆	1	化工胶粘涂料	油漆涂料	合并	高	旧族“外墙漆”是油漆、喷漆、乳胶漆或配套涂料，品牌、颜色、包装和用途应作为 SKU 属性，符合“油漆涂料”。	合并到“油漆涂料”，第三层保留“外墙漆”，后续治理颜色、容量、类型、适用基材和品牌型号。	CHEM-000032 外墙漆 品牌：立邦；用途：外墙
化工胶粘涂料	地坪漆底漆固化剂	1	化工胶粘涂料	油漆涂料	合并	中	旧族“地坪漆底漆固化剂”是地坪漆体系的配套固化剂，虽不是面漆本体，但采购和使用必须跟涂料体系绑定，暂归“油漆涂料”更利于治理。	合并到“油漆涂料”，第三层保留固化剂名称；后续补齐配套漆型、组分、包装和配比。	CHEM-000030 地坪漆底漆固化剂 用途：地坪漆底漆固化剂
化工胶粘涂料	地坪漆面漆固化剂	1	化工胶粘涂料	油漆涂料	合并	中	旧族“地坪漆面漆固化剂”是地坪漆体系的配套固化剂，虽不是面漆本体，但采购和使用必须跟涂料体系绑定，暂归“油漆涂料”更利于治理。	合并到“油漆涂料”，第三层保留固化剂名称；后续补齐配套漆型、组分、包装和配比。	CHEM-000028 地坪漆面漆固化剂 用途：地坪漆面漆固化剂
化工胶粘涂料	密封胶	6	化工胶粘涂料	胶粘密封	合并	高	旧族“密封胶”用于粘接、锁固、填缝、堵漏或密封，功能与二级族“胶粘密封”一致，容量、组分和适用材料应作为规格。	合并到“胶粘密封”，第三层保留“密封胶”，后续补齐类型、容量、颜色、固化方式、组分和适用材料。	CHEM-000026 588密封胶 型号：588；CHEM-000082 管片密封胶 用途：管片密封；CHEM-000094 聚氨酯密封胶 品牌：普赛达；容量：600mL；CHEM-000096 聚氨酯密封胶 品牌：普赛达；材料：聚氨酯
化工胶粘涂料	胶水	4	化工胶粘涂料	胶粘密封	合并	高	旧族“胶水”用于粘接、锁固、填缝、堵漏或密封，功能与二级族“胶粘密封”一致，容量、组分和适用材料应作为规格。	合并到“胶粘密封”，第三层保留“胶水”，后续补齐类型、容量、颜色、固化方式、组分和适用材料。	CHEM-000003 502胶水 类型：502；CHEM-000045 胶水 型号：101；CHEM-000098 PVC胶水 品牌：公元；包装：1KG；用途：PVC粘接；CHEM-000153 PVC胶水 用途：PVC粘接
化工胶粘涂料	聚氨酯堵漏剂	4	化工胶粘涂料	胶粘密封	合并	高	旧族“聚氨酯堵漏剂”用于粘接、锁固、填缝、堵漏或密封，功能与二级族“胶粘密封”一致，容量、组分和适用材料应作为规格。	合并到“胶粘密封”，第三层保留“聚氨酯堵漏剂”，后续补齐类型、容量、颜色、固化方式、组分和适用材料。	CHEM-000001 聚氨酯堵漏剂 包装规格：20kg；CHEM-000041 聚氨酯堵漏剂 材质：聚氨酯；类型：油性；CHEM-000042 聚氨酯堵漏剂 材质：聚氨酯；类型：水性；CHEM-000131 聚氨酯堵漏剂 材料：聚氨酯；用途：堵漏；包装：20KG
化工胶粘涂料	玻璃胶	3	化工胶粘涂料	胶粘密封	合并	高	旧族“玻璃胶”用于粘接、锁固、填缝、堵漏或密封，功能与二级族“胶粘密封”一致，容量、组分和适用材料应作为规格。	合并到“胶粘密封”，第三层保留“玻璃胶”，后续补齐类型、容量、颜色、固化方式、组分和适用材料。	CHEM-000025 玻璃胶 颜色：白色；CHEM-000070 玻璃胶 颜色：白色；类型：玻璃胶；CHEM-000156 玻璃胶 品牌：道康宁
化工胶粘涂料	螺纹锁固胶	2	化工胶粘涂料	胶粘密封	合并	高	旧族“螺纹锁固胶”用于粘接、锁固、填缝、堵漏或密封，功能与二级族“胶粘密封”一致，容量、组分和适用材料应作为规格。	合并到“胶粘密封”，第三层保留“螺纹锁固胶”，后续补齐类型、容量、颜色、固化方式、组分和适用材料。	CHEM-000106 螺纹锁固胶 品牌：乐泰；型号：243；CHEM-000151 螺纹锁固胶 品牌：乐泰；型号：243
化工胶粘涂料	发泡胶	2	化工胶粘涂料	胶粘密封	合并	高	旧族“发泡胶”用于粘接、锁固、填缝、堵漏或密封，功能与二级族“胶粘密封”一致，容量、组分和适用材料应作为规格。	合并到“胶粘密封”，第三层保留“发泡胶”，后续补齐类型、容量、颜色、固化方式、组分和适用材料。	CHEM-000005 发泡胶 品牌：雨虹；特性：高倍；CHEM-000152 发泡胶 类型：发泡胶
化工胶粘涂料	AB胶	2	化工胶粘涂料	胶粘密封	合并	高	旧族“AB胶”用于粘接、锁固、填缝、堵漏或密封，功能与二级族“胶粘密封”一致，容量、组分和适用材料应作为规格。	合并到“胶粘密封”，第三层保留“AB胶”，后续补齐类型、容量、颜色、固化方式、组分和适用材料。	CHEM-000022 AB胶 品牌/型号：卡夹特；类型：AB胶；CHEM-000104 AB胶 品牌：三和；类型：AB胶
化工胶粘涂料	502瞬干胶	1	化工胶粘涂料	胶粘密封	合并	高	旧族“502瞬干胶”用于粘接、锁固、填缝、堵漏或密封，功能与二级族“胶粘密封”一致，容量、组分和适用材料应作为规格。	合并到“胶粘密封”，第三层保留“502瞬干胶”，后续补齐类型、容量、颜色、固化方式、组分和适用材料。	CHEM-000066 502瞬干胶 型号/俗称：502
化工胶粘涂料	发泡剂	1	化工胶粘涂料	胶粘密封	合并	高	旧族“发泡剂”用于粘接、锁固、填缝、堵漏或密封，功能与二级族“胶粘密封”一致，容量、组分和适用材料应作为规格。	合并到“胶粘密封”，第三层保留“发泡剂”，后续补齐类型、容量、颜色、固化方式、组分和适用材料。	MAT-000126 发泡剂 品类：发泡剂
化工胶粘涂料	管片强力胶	1	化工胶粘涂料	胶粘密封	合并	高	旧族“管片强力胶”用于粘接、锁固、填缝、堵漏或密封，功能与二级族“胶粘密封”一致，容量、组分和适用材料应作为规格。	合并到“胶粘密封”，第三层保留“管片强力胶”，后续补齐类型、容量、颜色、固化方式、组分和适用材料。	CHEM-000051 管片强力胶 用途：管片；类型：强力胶
化工胶粘涂料	厚双面胶	1	化工胶粘涂料	胶粘密封	合并	高	旧族“厚双面胶”用于粘接、锁固、填缝、堵漏或密封，功能与二级族“胶粘密封”一致，容量、组分和适用材料应作为规格。	合并到“胶粘密封”，第三层保留“厚双面胶”，后续补齐类型、容量、颜色、固化方式、组分和适用材料。	CHEM-000046 厚双面胶 类型：双面胶；特征：厚
化工胶粘涂料	胶粘剂	1	化工胶粘涂料	胶粘密封	合并	高	旧族“胶粘剂”用于粘接、锁固、填缝、堵漏或密封，功能与二级族“胶粘密封”一致，容量、组分和适用材料应作为规格。	合并到“胶粘密封”，第三层保留“胶粘剂”，后续补齐类型、容量、颜色、固化方式、组分和适用材料。	CHEM-000069 胶粘剂 品牌：东泰；型号：S1-5910；进口：是
化工胶粘涂料	聚氨酯堵漏副剂	1	化工胶粘涂料	胶粘密封	合并	高	旧族“聚氨酯堵漏副剂”用于粘接、锁固、填缝、堵漏或密封，功能与二级族“胶粘密封”一致，容量、组分和适用材料应作为规格。	合并到“胶粘密封”，第三层保留“聚氨酯堵漏副剂”，后续补齐类型、容量、颜色、固化方式、组分和适用材料。	MAT-000137 聚氨酯堵漏副剂 材料：聚氨酯；用途：堵漏；组分：副剂
化工胶粘涂料	聚氨酯堵漏主剂	1	化工胶粘涂料	胶粘密封	合并	高	旧族“聚氨酯堵漏主剂”用于粘接、锁固、填缝、堵漏或密封，功能与二级族“胶粘密封”一致，容量、组分和适用材料应作为规格。	合并到“胶粘密封”，第三层保留“聚氨酯堵漏主剂”，后续补齐类型、容量、颜色、固化方式、组分和适用材料。	MAT-000136 聚氨酯堵漏主剂 材料：聚氨酯；用途：堵漏；组分：主剂
化工胶粘涂料	聚氨酯泡沫填缝剂	1	化工胶粘涂料	胶粘密封	合并	高	旧族“聚氨酯泡沫填缝剂”用于粘接、锁固、填缝、堵漏或密封，功能与二级族“胶粘密封”一致，容量、组分和适用材料应作为规格。	合并到“胶粘密封”，第三层保留“聚氨酯泡沫填缝剂”，后续补齐类型、容量、颜色、固化方式、组分和适用材料。	SPARE-000143 聚氨酯泡沫填缝剂 材质：聚氨酯泡沫；用途：填缝
化工胶粘涂料	泡沫填缝剂	1	化工胶粘涂料	胶粘密封	合并	高	旧族“泡沫填缝剂”用于粘接、锁固、填缝、堵漏或密封，功能与二级族“胶粘密封”一致，容量、组分和适用材料应作为规格。	合并到“胶粘密封”，第三层保留“泡沫填缝剂”，后续补齐类型、容量、颜色、固化方式、组分和适用材料。	MAT-000014 泡沫填缝剂 类型：泡沫填缝剂
化工胶粘涂料	双面胶	1	化工胶粘涂料	胶粘密封	合并	高	旧族“双面胶”用于粘接、锁固、填缝、堵漏或密封，功能与二级族“胶粘密封”一致，容量、组分和适用材料应作为规格。	合并到“胶粘密封”，第三层保留“双面胶”，后续补齐类型、容量、颜色、固化方式、组分和适用材料。	CHEM-000027 双面胶 类型：双面胶
化工胶粘涂料	双面胶带	1	化工胶粘涂料	胶粘密封	合并	高	旧族“双面胶带”用于粘接、锁固、填缝、堵漏或密封，功能与二级族“胶粘密封”一致，容量、组分和适用材料应作为规格。	合并到“胶粘密封”，第三层保留“双面胶带”，后续补齐类型、容量、颜色、固化方式、组分和适用材料。	CHEM-000130 双面胶带 品牌：3M；宽度：35mm
化工胶粘涂料	速凝型堵漏剂	1	化工胶粘涂料	胶粘密封	合并	高	旧族“速凝型堵漏剂”用于粘接、锁固、填缝、堵漏或密封，功能与二级族“胶粘密封”一致，容量、组分和适用材料应作为规格。	合并到“胶粘密封”，第三层保留“速凝型堵漏剂”，后续补齐类型、容量、颜色、固化方式、组分和适用材料。	CHEM-000149 速凝型堵漏剂 品牌：牛元；特性：速凝型
化工胶粘涂料	万能胶	1	化工胶粘涂料	胶粘密封	合并	高	旧族“万能胶”用于粘接、锁固、填缝、堵漏或密封，功能与二级族“胶粘密封”一致，容量、组分和适用材料应作为规格。	合并到“胶粘密封”，第三层保留“万能胶”，后续补齐类型、容量、颜色、固化方式、组分和适用材料。	CHEM-000036 万能胶 类型：万能胶
化工胶粘涂料	植筋胶	1	化工胶粘涂料	胶粘密封	合并	高	旧族“植筋胶”用于粘接、锁固、填缝、堵漏或密封，功能与二级族“胶粘密封”一致，容量、组分和适用材料应作为规格。	合并到“胶粘密封”，第三层保留“植筋胶”，后续补齐类型、容量、颜色、固化方式、组分和适用材料。	CHEM-000038 植筋胶 类型：注射式
化工胶粘涂料	防锈润滑剂	5	化工胶粘涂料	润滑防锈	合并	高	旧族“防锈润滑剂”用于润滑、防锈、除锈或设备油品保养，核心规格是容量、粘度、牌号和适用设备，符合“润滑防锈”。	合并到“润滑防锈”，第三层保留“防锈润滑剂”，后续补齐型号/牌号、容量、粘度等级和适用设备。	CHEM-000006 防锈润滑剂 品牌/型号：WD-40；容量：500；CHEM-000054 防锈润滑剂 品牌/型号：WD-40；CHEM-000059 防锈润滑剂 品牌/型号：WD-40；功能：除锈润滑；CHEM-000061 防锈润滑剂 品牌/型号：WD-40；功能：除锈
化工胶粘涂料	齿轮油	3	化工胶粘涂料	润滑防锈	合并	高	旧族“齿轮油”用于润滑、防锈、除锈或设备油品保养，核心规格是容量、粘度、牌号和适用设备，符合“润滑防锈”。	合并到“润滑防锈”，第三层保留“齿轮油”，后续补齐型号/牌号、容量、粘度等级和适用设备。	CHEM-000037 齿轮油 型号：HL-20；CHEM-000067 齿轮油 类型：齿轮油；包装：20L；CHEM-000095 齿轮油 品牌：长城；包装：18L
化工胶粘涂料	除锈剂	3	化工胶粘涂料	润滑防锈	合并	高	旧族“除锈剂”用于润滑、防锈、除锈或设备油品保养，核心规格是容量、粘度、牌号和适用设备，符合“润滑防锈”。	合并到“润滑防锈”，第三层保留“除锈剂”，后续补齐型号/牌号、容量、粘度等级和适用设备。	CHEM-000134 除锈剂 品牌：WD40；容量：500mL；CHEM-000137 除锈剂 品牌：陶喜；容量：450mL；CHEM-000146 除锈剂 品牌：WD40；容量：350mL
化工胶粘涂料	润滑脂	2	化工胶粘涂料	润滑防锈	合并	高	旧族“润滑脂”用于润滑、防锈、除锈或设备油品保养，核心规格是容量、粘度、牌号和适用设备，符合“润滑防锈”。	合并到“润滑防锈”，第三层保留“润滑脂”，后续补齐型号/牌号、容量、粘度等级和适用设备。	CHEM-000060 润滑脂 俗称：黄油；CHEM-000092 润滑脂 品牌：克虏伯；型号：NB52
化工胶粘涂料	钢丝绳润滑脂	1	化工胶粘涂料	润滑防锈	合并	高	旧族“钢丝绳润滑脂”用于润滑、防锈、除锈或设备油品保养，核心规格是容量、粘度、牌号和适用设备，符合“润滑防锈”。	合并到“润滑防锈”，第三层保留“钢丝绳润滑脂”，后续补齐型号/牌号、容量、粘度等级和适用设备。	METAL-000103 钢丝绳润滑脂 品牌：伍尔特；用途：钢丝绳；容量：500mL
化工胶粘涂料	钢丝绳专用剂	1	化工胶粘涂料	润滑防锈	合并	高	旧族“钢丝绳专用剂”用于润滑、防锈、除锈或设备油品保养，核心规格是容量、粘度、牌号和适用设备，符合“润滑防锈”。	合并到“润滑防锈”，第三层保留“钢丝绳专用剂”，后续补齐型号/牌号、容量、粘度等级和适用设备。	METAL-000096 钢丝绳专用剂 进口：是；包装：5kg；用途：钢丝绳
化工胶粘涂料	高温润滑脂	1	化工胶粘涂料	润滑防锈	合并	高	旧族“高温润滑脂”用于润滑、防锈、除锈或设备油品保养，核心规格是容量、粘度、牌号和适用设备，符合“润滑防锈”。	合并到“润滑防锈”，第三层保留“高温润滑脂”，后续补齐型号/牌号、容量、粘度等级和适用设备。	CHEM-000136 高温润滑脂 类型：高温黄油；包装：16KG
化工胶粘涂料	机油	1	化工胶粘涂料	润滑防锈	合并	高	旧族“机油”用于润滑、防锈、除锈或设备油品保养，核心规格是容量、粘度、牌号和适用设备，符合“润滑防锈”。	合并到“润滑防锈”，第三层保留“机油”，后续补齐型号/牌号、容量、粘度等级和适用设备。	CHEM-000081 机油 品牌：道达尔；牌号：46#；包装：20L
化工胶粘涂料	气动油	1	化工胶粘涂料	润滑防锈	合并	高	旧族“气动油”用于润滑、防锈、除锈或设备油品保养，核心规格是容量、粘度、牌号和适用设备，符合“润滑防锈”。	合并到“润滑防锈”，第三层保留“气动油”，后续补齐型号/牌号、容量、粘度等级和适用设备。	CHEM-000148 气动油 品牌：卡仕顿；等级：特级；容量：250mL
化工胶粘涂料	清洗机专用油	1	化工胶粘涂料	润滑防锈	合并	高	旧族“清洗机专用油”用于润滑、防锈、除锈或设备油品保养，核心规格是容量、粘度、牌号和适用设备，符合“润滑防锈”。	合并到“润滑防锈”，第三层保留“清洗机专用油”，后续补齐型号/牌号、容量、粘度等级和适用设备。	CHEM-000090 清洗机专用油 用途：清洗机
化工胶粘涂料	润滑油	1	化工胶粘涂料	润滑防锈	合并	高	旧族“润滑油”用于润滑、防锈、除锈或设备油品保养，核心规格是容量、粘度、牌号和适用设备，符合“润滑防锈”。	合并到“润滑防锈”，第三层保留“润滑油”，后续补齐型号/牌号、容量、粘度等级和适用设备。	CHEM-000058 润滑油 品牌：摩力克；型号：D321R
化工胶粘涂料	液压油	1	化工胶粘涂料	润滑防锈	合并	高	旧族“液压油”用于润滑、防锈、除锈或设备油品保养，核心规格是容量、粘度、牌号和适用设备，符合“润滑防锈”。	合并到“润滑防锈”，第三层保留“液压油”，后续补齐型号/牌号、容量、粘度等级和适用设备。	MAT-000149 液压油 进口：是；包装：10L
化工胶粘涂料	油雾器专用油	1	化工胶粘涂料	润滑防锈	合并	高	旧族“油雾器专用油”用于润滑、防锈、除锈或设备油品保养，核心规格是容量、粘度、牌号和适用设备，符合“润滑防锈”。	合并到“润滑防锈”，第三层保留“油雾器专用油”，后续补齐型号/牌号、容量、粘度等级和适用设备。	CHEM-000065 油雾器专用油 用途：油雾器
化工胶粘涂料	重油污清洗剂	3	化工胶粘涂料	清洗脱漆剂	合并	高	旧族“重油污清洗剂”用于工业清洗、除胶、脱漆或溶剂清洁，区别于后勤清洁用品，符合“清洗脱漆剂”。	合并到“清洗脱漆剂”，第三层保留“重油污清洗剂”，后续补齐容量、用途、成分、安全要求和适用对象。	ADMIN-000007 重油污清洗剂 品牌：宝雅；用途：重油污；ADMIN-000010 重油污清洗剂 用途：去重油污；CHEM-000016 重油污清洗剂 用途：重油污清洗
化工胶粘涂料	除胶剂	2	化工胶粘涂料	清洗脱漆剂	合并	高	旧族“除胶剂”用于工业清洗、除胶、脱漆或溶剂清洁，区别于后勤清洁用品，符合“清洗脱漆剂”。	合并到“清洗脱漆剂”，第三层保留“除胶剂”，后续补齐容量、用途、成分、安全要求和适用对象。	CHEM-000004 除胶剂 品牌：得力；容量：500ML；CHEM-000154 除胶剂 类型：除胶剂
化工胶粘涂料	松香水	2	化工胶粘涂料	清洗脱漆剂	合并	高	旧族“松香水”用于工业清洗、除胶、脱漆或溶剂清洁，区别于后勤清洁用品，符合“清洗脱漆剂”。	合并到“清洗脱漆剂”，第三层保留“松香水”，后续补齐容量、用途、成分、安全要求和适用对象。	CHEM-000012 松香水 类型：稀释剂/清洗剂；CHEM-000109 松香水 包装：12KG；类型：松香水
化工胶粘涂料	脱漆剂	2	化工胶粘涂料	清洗脱漆剂	合并	高	旧族“脱漆剂”用于工业清洗、除胶、脱漆或溶剂清洁，区别于后勤清洁用品，符合“清洗脱漆剂”。	合并到“清洗脱漆剂”，第三层保留“脱漆剂”，后续补齐容量、用途、成分、安全要求和适用对象。	CHEM-000019 脱漆剂 类型：高效脱漆剂；CHEM-000150 脱漆剂 类型：脱漆剂
化工胶粘涂料	丙酮	1	化工胶粘涂料	清洗脱漆剂	合并	高	旧族“丙酮”用于工业清洗、除胶、脱漆或溶剂清洁，区别于后勤清洁用品，符合“清洗脱漆剂”。	合并到“清洗脱漆剂”，第三层保留“丙酮”，后续补齐容量、用途、成分、安全要求和适用对象。	MAT-000152 丙酮 包装：10kg
化工胶粘涂料	除污剂	1	化工胶粘涂料	清洗脱漆剂	合并	高	旧族“除污剂”用于工业清洗、除胶、脱漆或溶剂清洁，区别于后勤清洁用品，符合“清洗脱漆剂”。	合并到“清洗脱漆剂”，第三层保留“除污剂”，后续补齐容量、用途、成分、安全要求和适用对象。	ADMIN-000050 除污剂 用途：重油污；包装：30KG
化工胶粘涂料	电力清洗剂	1	化工胶粘涂料	清洗脱漆剂	合并	高	旧族“电力清洗剂”用于工业清洗、除胶、脱漆或溶剂清洁，区别于后勤清洁用品，符合“清洗脱漆剂”。	合并到“清洗脱漆剂”，第三层保留“电力清洗剂”，后续补齐容量、用途、成分、安全要求和适用对象。	CHEM-000020 电力清洗剂 用途：电力设备清洗
化工胶粘涂料	电子清洗剂	1	化工胶粘涂料	清洗脱漆剂	合并	高	旧族“电子清洗剂”用于工业清洗、除胶、脱漆或溶剂清洁，区别于后勤清洁用品，符合“清洗脱漆剂”。	合并到“清洗脱漆剂”，第三层保留“电子清洗剂”，后续补齐容量、用途、成分、安全要求和适用对象。	CHEM-000071 电子清洗剂 用途：电子元件清洗
化工胶粘涂料	泡沫清洗剂	1	化工胶粘涂料	清洗脱漆剂	合并	高	旧族“泡沫清洗剂”用于工业清洗、除胶、脱漆或溶剂清洁，区别于后勤清洁用品，符合“清洗脱漆剂”。	合并到“清洗脱漆剂”，第三层保留“泡沫清洗剂”，后续补齐容量、用途、成分、安全要求和适用对象。	CHEM-000155 泡沫清洗剂 类型：泡沫清洗剂
化工胶粘涂料	油污清洗剂	1	化工胶粘涂料	清洗脱漆剂	合并	高	旧族“油污清洗剂”用于工业清洗、除胶、脱漆或溶剂清洁，区别于后勤清洁用品，符合“清洗脱漆剂”。	合并到“清洗脱漆剂”，第三层保留“油污清洗剂”，后续补齐容量、用途、成分、安全要求和适用对象。	CHEM-000062 油污清洗剂 功能：去油污
化工胶粘涂料	稀释剂	2	化工胶粘涂料	清洗脱漆剂	合并	中	旧族“稀释剂”是涂装配套溶剂，不形成涂层本体；目标表没有涂料辅剂族，按溶剂/清洗脱漆剂口径更合适。	合并到“清洗脱漆剂”，第三层保留稀释剂；后续如涂料辅剂数量增加可新增候选族。	CHEM-000103 稀释剂 品牌：立邦；包装：12KG；CHEM-000116 稀释剂 包装：12KG
化工胶粘涂料	四氟垫片	2	设备备件	密封垫片	移出	中	旧族“四氟垫片”是密封垫片或胶垫类零件，不是胶水、密封胶或涂料；当前目标表缺少密封垫片族，继续留在化工胶粘涂料会混淆。	移出到设备备件候选“密封垫片”；目标族表缺失，建议新增该二级族或明确归入密封过滤件。	SPARE-000098 四氟垫片 规格：55；材质：四氟/PTFE；FAST-000083 四氟垫片 定制：是；材质：四氟；规格：Φ450*440*2
化工胶粘涂料	胶垫	1	设备备件	密封垫片	移出	中	旧族“胶垫”是密封垫片或胶垫类零件，不是胶水、密封胶或涂料；当前目标表缺少密封垫片族，继续留在化工胶粘涂料会混淆。	移出到设备备件候选“密封垫片”；目标族表缺失，建议新增该二级族或明确归入密封过滤件。	CHEM-000088 胶垫 规格：50
化工胶粘涂料	快速接头胶垫	1	设备备件	密封垫片	移出	中	旧族“快速接头胶垫”是密封垫片或胶垫类零件，不是胶水、密封胶或涂料；当前目标表缺少密封垫片族，继续留在化工胶粘涂料会混淆。	移出到设备备件候选“密封垫片”；目标族表缺失，建议新增该二级族或明确归入密封过滤件。	CHEM-000087 快速接头胶垫 规格：63；适用：快速接头
化工胶粘涂料	抗盐膨润土	2	化工胶粘涂料	化工原料	复核	中	旧族“抗盐膨润土”是基础化工/矿物类材料，不属于油漆、胶粘、润滑或清洗四个现有目标族。	目标族表缺失，建议在化工胶粘涂料下新增“化工原料”或单列膨润土/无机化学品；本批先复核。	MAT-000146 抗盐膨润土 类型：抗盐膨润土；MAT-000251 抗盐膨润土 特性：抗盐
化工胶粘涂料	明矾	1	化工胶粘涂料	化工原料	复核	中	旧族“明矾”是基础化工/矿物类材料，不属于油漆、胶粘、润滑或清洗四个现有目标族。	目标族表缺失，建议在化工胶粘涂料下新增“化工原料”或单列膨润土/无机化学品；本批先复核。	MAT-000081 明矾 化学品：明矾
化工胶粘涂料	PAC污水处理剂	1	化工胶粘涂料	水处理剂	复核	中	旧族“PAC污水处理剂”是污水处理药剂，不属于涂料、胶粘、润滑或清洗剂，现有目标表没有水处理剂族。	目标族表缺失，建议在化工胶粘涂料下新增“水处理剂”；后续补齐含量、包装、用途和安全要求。	MAT-000129 PAC污水处理剂 类型：PAC；含量：28%
化工胶粘涂料	工业防潮剂	1	化工胶粘涂料	防潮材料	复核	中	旧族“工业防潮剂”用于工业防潮吸湿，和清洗剂、胶粘剂边界不同，现有目标表没有防潮材料族。	目标族表缺失，建议新增“防潮材料”候选族；本批先复核包装、成分和适用场景。	MAT-000162 工业防潮剂 用途：工业；包装：1KG
化工胶粘涂料	耦合剂	1	工具量具	检测耗材	移出	中	旧族“耦合剂”是检测仪器配套耗材，虽然是化学液体，但使用场景在检测/探伤，不属于化工胶粘涂料四个目标族。	移出到工具量具候选“检测耗材”；目标族表缺失，建议补充或明确并入测量工具配套耗材。	MAT-000174 耦合剂 容量：100mL
化工胶粘涂料	橡胶板	1	化工胶粘涂料	橡胶材料	复核	中	旧族“橡胶板”是橡胶片材/材料，不是胶粘密封剂或涂料；现有目标表没有橡胶材料族。	目标族表缺失，建议新增“橡胶材料”或按实际用途移入建筑材料/设备备件；本批先复核。	CHEM-000050 橡胶板 厚度：2cm
