sample_group	family_total_count	family_sample_count	item_code	item_name	sku_name	required_specs	top_group	sub_group	material_family	unit	estimated_rate	currency	price_basis	default_fill_basis	aliases	brand	model	source_item_codes	merged_count
螺丝/螺栓	104	11	FAST-000022	螺丝套件	螺丝套件 M6*25 8.8级镀锌	规格：M6*25；材质：碳钢；强度等级：8.8；表面处理：镀锌	紧固件与连接件	螺丝/螺栓	螺丝/螺栓	套	0.60	CNY	按M6*25碳钢8.8级镀锌螺丝套件市场价估价，单位=套	无需补齐	M6*25螺丝；螺丝组件；螺丝套件			FAST-000022	1
螺丝/螺栓	104	11	FAST-000025	内六角螺丝	内六角螺丝 M8*45	规格：M8*45；强度等级：12.9；材质：碳钢；表面处理：发黑	紧固件与连接件	螺丝/螺栓	螺丝/螺栓	个	1.10	CNY	按单个市场估价	无需补齐；层级字段锁定：物料名称/分组取自 release_v0_3，DeepSeek 仅补SKU、规格、单位和测试价。	M8*45内六角螺丝；内六角螺丝；螺丝			FAST-000025	1
螺丝/螺栓	104	11	FAST-000033	螺丝套件	螺丝套件 M20*40	规格：M20*40；材质：碳钢；强度等级：8.8；表面处理：镀锌；套件组成：平垫+弹垫+螺母	紧固件与连接件	螺丝/螺栓	螺丝/螺栓	套	1.60	CNY	按套市场估价	补充了套件组成：平垫+弹垫+螺母；层级字段锁定：物料名称/分组取自 release_v0_3，DeepSeek 仅补SKU、规格、单位和测试价。	M20*40螺丝；螺丝组件；螺丝套件			FAST-000033	1
螺丝/螺栓	104	11	FAST-000053	8.8级螺栓	8.8级螺栓 M20×130	规格/口径：M20×130；材质：碳钢；强度等级：8.8；表面处理：镀锌	紧固件与连接件	螺丝/螺栓	螺丝/螺栓	个	2.60	CNY	按单个市场估价	无需补齐；层级字段锁定：物料名称/分组取自 release_v0_3，DeepSeek 仅补SKU、规格、单位和测试价。	M20*130螺丝；螺丝；8.8级螺栓；螺栓			FAST-000053	1
螺丝/螺栓	104	11	FAST-000067	高强度螺栓	高强度螺栓 M30*80 10.8级发黑	规格：M30*80；强度等级：10.8；材质：合金钢；表面处理：发黑	紧固件与连接件	螺丝/螺栓	螺丝/螺栓	个	7.00	CNY	按10.8级M30*80合金钢发黑螺栓单个市场价估价，单位=个	无需补齐	M30*80/10.8级螺丝；高强度螺丝；螺丝			FAST-000067	1
螺丝/螺栓	104	11	FAST-000096	内六角螺丝套件	内六角螺丝套件 M5*10	材质：不锈钢；规格/口径：M5*10；强度等级：12.9；表面处理：发黑；套件组成：平垫+弹垫	紧固件与连接件	螺丝/螺栓	螺丝/螺栓	套	0.60	CNY	按套市场估价	补充了套件组成：平垫+弹垫；层级字段锁定：物料名称/分组取自 release_v0_3，DeepSeek 仅补SKU、规格、单位和测试价。	不锈钢内六角螺丝M5*10带平弹垫；内六角螺丝套件；螺丝套件			FAST-000096	1
螺丝/螺栓	104	11	FAST-000106	自攻螺丝	自攻螺丝 M5*60	直径：M5；长度：60mm；材质：碳钢；表面处理：镀锌；驱动类型：十字	紧固件与连接件	螺丝/螺栓	螺丝/螺栓	只	0.30	CNY	按只市场估价	无需补齐；层级字段锁定：物料名称/分组取自 release_v0_3，DeepSeek 仅补SKU、规格、单位和测试价。	自攻螺丝60mm；自攻螺丝；螺丝			FAST-000106	1
螺丝/螺栓	104	11	SPARE-000015-68	6.8级螺栓	6.8级螺栓 M14×50	规格/口径：M14×50；材质：碳钢；强度等级：6.8；表面处理：镀锌	紧固件与连接件	螺丝/螺栓	螺丝/螺栓	个	0.70	CNY	按单个价，单价对应单位=个	材质和表面处理按常见碳钢镀锌补齐	14*50螺丝；螺丝；8.8级螺栓；螺栓；6.8级螺栓			SPARE-000015-68	1
螺丝/螺栓	104	11	SPARE-000019	8.8级螺栓	8.8级螺栓 M12×60	规格/口径：M12×60；材质：碳钢；强度等级：8.8；表面处理：镀锌	紧固件与连接件	螺丝/螺栓	螺丝/螺栓	个	0.80	CNY	按单个价，单价对应单位=个	材质和表面处理按常见碳钢镀锌补齐	12*60螺丝；螺丝；8.8级螺栓；螺栓			SPARE-000019	1
螺丝/螺栓	104	11	SPARE-000031	内六角螺丝	内六角螺丝 M10*40	规格：M10*40；强度等级：12.9；材质：碳钢；表面处理：发黑	紧固件与连接件	螺丝/螺栓	螺丝/螺栓	个	1.00	CNY	按单个市场估价	无需补齐；层级字段锁定：物料名称/分组取自 release_v0_3，DeepSeek 仅补SKU、规格、单位和测试价。	10*40内六角；内六角螺丝；螺丝			SPARE-000031	1
螺丝/螺栓	104	11	SPARE-000082	8.8级螺栓	8.8级螺栓 M16×160	规格/口径：M16×160；材质：碳钢；强度等级：8.8；表面处理：镀锌	紧固件与连接件	螺丝/螺栓	螺丝/螺栓	个	1.60	CNY	按单个价，单价对应单位=个	材质和表面处理按常见碳钢镀锌补齐	16*160螺丝；螺丝；8.8级螺栓；螺栓			SPARE-000082	1
直接/接头	71	8	PIPE-000088	直接/直通	PPR直接 4分	材质：PPR；规格：4分	管材管件阀门	直接/接头	直接/接头	个	1.00	CNY	按单个估价，单价对应单位=个	无需补齐	4分热熔接头；PPR热熔接头			PIPE-000088	1
直接/接头	71	8	PIPE-000141	直接/直通	镀锌直接 50	材质：镀锌；规格：50	管材管件阀门	直接/接头	直接/接头	个	4.00	CNY	按单个估价，单价对应单位=个	无需补齐	50镀锌直通；镀锌直通			PIPE-000141	1
直接/接头	71	8	PIPE-000171	异径接头/大小头	碳钢焊接异径接头 80*50	材质：碳钢；连接：焊接；规格：80mm*50mm	管材管件阀门	直接/接头	直接/接头	个	8.00	CNY	常见碳钢焊接大小头价	无需补齐；层级字段锁定：物料名称/分组取自 release_v0_3，DeepSeek 仅补SKU、规格、单位和测试价。	80*50大小头；异径接头			PIPE-000171	1
直接/接头	71	8	PIPE-000288	软接头	橡胶软接头 4寸 胶接	口径：4寸（DN100）；材质：橡胶；连接方式：胶接	管材管件阀门	直接/接头	直接/接头	套	12.00	CNY	按DN100橡胶软接头估价，单位套	无需补齐；层级字段锁定：物料名称/分组取自 release_v0_3，DeepSeek 仅补SKU、规格、单位和测试价。	4寸胶接头；胶接头			PIPE-000288	1
直接/接头	71	8	PIPE-000428	直接/直通	镀锌外丝直接 3寸	材质：镀锌；接口：外丝；规格：3寸	管材管件阀门	直接/接头	直接/接头	个	7.00	CNY	按单个估价，单价对应单位=个	无需补齐	镀锌外丝直接头3寸；镀锌外丝直接			PIPE-000428	1
直接/接头	71	8	PIPE-000430	直接/直通	镀锌内丝直接 2寸	材质：镀锌；接口：内丝；规格：2寸	管材管件阀门	直接/接头	直接/接头	个	5.00	CNY	按单个估价，单价对应单位=个	无需补齐	镀锌内丝直接头2寸；镀锌内丝直接2寸；镀锌内丝直接			PIPE-000430	1
直接/接头	71	8	PIPE-000456	异径接头/大小头	镀锌异径接头 1寸/6分	材质：镀锌碳钢；连接：螺纹；规格：1寸/6分	管材管件阀门	直接/接头	直接/接头	只	4.00	CNY	按单个估价，单价对应单位=只	无需补齐	镀锌大小头1寸/6分；镀锌变径接头			PIPE-000456	1
直接/接头	71	8	PIPE-000464	直接/直通	PPR直接 32	材质：PPR；规格：32	管材管件阀门	直接/接头	直接/接头	个	1.50	CNY	按单个估价，单价对应单位=个	无需补齐	PPR直接			PIPE-000464	1
液压接头	69	7	PIPE-000050	卡套三通	不锈钢卡套三通 6*12	规格：6*12；材质：不锈钢	液压气动	液压接头	液压接头	个	12.00	CNY	按常见不锈钢卡套三通单价估算	无需补齐；层级字段锁定：物料名称/分组取自 release_v0_3，DeepSeek 仅补SKU、规格、单位和测试价。	卡6*12不锈钢三通；不锈钢卡套三通			PIPE-000050	1
液压接头	69	7	PIPE-000155	快速接头	快速接头 GR6-25S DN25	型号：GR6-25S；口径：DN25；材质：碳钢	液压气动	液压接头	液压接头	套	25.00	CNY	按每套快速接头估价，单价对应单位=套	口径单位补齐	GR6-25S液压快速接头；液压快速接头			PIPE-000155	1
液压接头	69	7	PIPE-000174	堵头	高压钢制堵头 3/4英寸	口径：3/4英寸；材质：钢；压力等级：高压	液压气动	液压接头	液压接头	个	6.00	CNY	按常见高压堵头单价估算	补齐材质：钢；压力等级：高压；层级字段锁定：物料名称/分组取自 release_v0_3，DeepSeek 仅补SKU、规格、单位和测试价。	3/4高压堵头；高压堵头			PIPE-000174	1
液压接头	69	7	PIPE-000218	接头夹	接头夹 50 铜头铝扣	口径：DN50；材质：铜头铝扣	液压气动	液压接头	液压接头	个	15.00	CNY	按单个接头夹估价，单价对应单位=个	口径单位补齐	铜头铝套组件；50铜头铝扣；铜头铝合金夹			PIPE-000218	1
液压接头	69	7	PIPE-000349	转换接头	高压转换接头 36*2 外丝转内丝	螺纹：M36*2；接口：外丝转内丝；压力等级：高压；材质：碳钢	液压气动	液压接头	液压接头	套	20.00	CNY	按每套转换接头估价，单价对应单位=套	材质补齐	高压接头36*2外丝转内丝；高压转换接头			PIPE-000349	1
液压接头	69	7	PIPE-000368	接头	高压外丝接头 1寸	规格：1寸；接口：外丝；压力等级：高压；材质：碳钢	液压气动	液压接头	液压接头	只	15.00	CNY	按每只接头估价，单价对应单位=只	材质补齐	液压高压外丝接头1寸；液压高压外丝接头			PIPE-000368	1
液压接头	69	7	PIPE-000410	两半扣	合金两半扣 DN100	材质：合金；口径：DN100	液压气动	液压接头	液压接头	套	45.00	CNY	按常见合金两半扣单价估算	无需补齐；层级字段锁定：物料名称/分组取自 release_v0_3，DeepSeek 仅补SKU、规格、单位和测试价。	合金两半扣DN100；合金两半扣			PIPE-000410	1
定制管路件	62	7	PIPE-000064	卡槽接头加工件	卡槽接头加工件 DN325	口径：DN325；连接方式：卡槽；材质：碳钢	定制加工件	定制管路件	定制管路件	个	120.00	CNY	按每个碳钢卡槽接头估价	补齐口径单位DN，材质为碳钢	定做325卡槽钢圈接头；卡槽钢圈接头			PIPE-000064	1
定制管路件	62	7	PIPE-000106	管加工件	管加工件 80 外丝 钢管	材质：钢管；公称口径：80（DN80）；接口：外丝；长度：按需定尺	定制加工件	定制管路件	定制管路件	根	80.00	CNY	按定制钢管外丝80每根估价，单位根	长度按常规1米补齐；层级字段锁定：物料名称/分组取自 release_v0_3，DeepSeek 仅补SKU、规格、单位和测试价。	加工80钢管带牙；带牙钢管加工件			PIPE-000106	1
定制管路件	62	7	PIPE-000146	卡槽加工件	卡槽加工件 DN89 加厚	口径：DN89；特征：加厚；材质：碳钢	定制加工件	定制管路件	定制管路件	个	35.00	CNY	按每个碳钢加厚卡槽估价	补齐口径单位DN，材质为碳钢	加工89加厚卡槽；加厚卡槽			PIPE-000146	1
定制管路件	62	7	PIPE-000187	气源分配器	气源分配器 6路 不锈钢	材质：不锈钢；路数：6路；类型：定制	定制加工件	定制管路件	定制管路件	个	400.00	CNY	按定制6路不锈钢气源分配器估价，单位个	无需补齐；层级字段锁定：物料名称/分组取自 release_v0_3，DeepSeek 仅补SKU、规格、单位和测试价。	定做6路不锈钢气源分配器；气源分配器			PIPE-000187	1
定制管路件	62	7	PIPE-000210	管加工件	管加工件 DN25 单头外丝	材质：无缝管；公称口径：DN25；接口：单头外丝；长度：按需定尺	定制加工件	定制管路件	定制管路件	根	25.00	CNY	按定制单头外丝无缝管DN25每根估价，单位根	长度按常规1米补齐；层级字段锁定：物料名称/分组取自 release_v0_3，DeepSeek 仅补SKU、规格、单位和测试价。	加工单头外丝无缝管；单头外丝无缝管加工件			PIPE-000210	1
定制管路件	62	7	PIPE-000228	弯头加工件	弯头加工件 DN52 高压	口径：DN52；压力等级：高压；材质：碳钢	定制加工件	定制管路件	定制管路件	个	50.00	CNY	按每个高压碳钢弯头估价	补齐口径单位DN，材质为碳钢	52高压弯头；高压弯头			PIPE-000228	1
定制管路件	62	7	PIPE-000457	管加工件	管加工件 PVC Φ200*1.5m	材质：PVC；公称口径：Φ200mm；长度：1.5m	定制加工件	定制管路件	定制管路件	根	80.00	CNY	按定制PVC管Φ200*1.5m估价，单位根	无需补齐；层级字段锁定：物料名称/分组取自 release_v0_3，DeepSeek 仅补SKU、规格、单位和测试价。	加工PVC管Φ200*1.5m；PVC管加工件			PIPE-000457	1
阀门	60	6	METAL-000013	球阀	球阀 40 不锈钢 加厚	材质：不锈钢；规格/口径：DN40；特征：加厚	管材管件阀门	阀门	阀门	个	80.00	CNY	按单个估价	口径40按DN40补齐	40埃美柯加厚不锈钢球阀；不锈钢球阀	埃美柯		METAL-000013	1
阀门	60	6	METAL-000146	球阀	球阀 3分 内外丝 304不锈钢	材质：304不锈钢；规格：3分；接口：内外丝	管材管件阀门	阀门	阀门	个	22.00	CNY	按单个估价	无需补齐	304不锈钢3分内外丝球阀；不锈钢内外丝球阀			METAL-000146	1
阀门	60	6	METAL-000160	球阀	球阀 4寸 不锈钢	材质：不锈钢；规格：4寸；连接方式：法兰	管材管件阀门	阀门	阀门	个	200.00	CNY	按单个估价	连接方式按常见法兰补齐	4寸不锈钢补水球阀；不锈钢补水球阀			METAL-000160	1
阀门	60	6	PIPE-000105	止回阀	止回阀 DN80 铜	材质：铜；公称直径：DN80；连接方式：法兰	管材管件阀门	阀门	阀门	个	150.00	CNY	按单个估价	连接方式按常见法兰连接补齐	埃美柯80单向阀；单向阀	埃美柯		PIPE-000105	1
阀门	60	6	PIPE-000257	减压阀	减压阀 DN50	公称直径：DN50	管材管件阀门	阀门	阀门	个	60.00	CNY	按DN50减压阀每个估价	无需补齐	DN50国标减压阀；减压阀			PIPE-000257	1
阀门	60	6	PIPE-000493	球阀	球阀 DN10 304	材质：304；规格/口径：DN10	管材管件阀门	阀门	阀门	个	20.00	CNY	按单个估价	无需补齐	304不锈钢球阀DN10；不锈钢球阀			PIPE-000493	1
钻头	54	6	TOOL-000050	钻头	钨钢钻头 12*90	材质：钨钢；直径：12mm；长度：90mm	工具耗材	钻头	钻头	支	18.00	CNY	按支估价	长度按常见规格补90mm；层级字段锁定：物料名称/分组取自 release_v0_3，DeepSeek 仅补SKU、规格、单位和测试价。	钨钢钻头12厘；钨钢钻头			TOOL-000050	1
钻头	54	6	TOOL-000053	钻头	合金钻头 8*100	材质：合金；直径：8mm；长度：100mm	工具耗材	钻头	钻头	支	4.00	CNY	按支估价	长度按常见规格补100mm；层级字段锁定：物料名称/分组取自 release_v0_3，DeepSeek 仅补SKU、规格、单位和测试价。	合金钻头8厘；合金钻头			TOOL-000053	1
钻头	54	6	TOOL-000066	钻头	钻头 16mm 短型	材质：高速钢；直径：16mm；长度：100mm	工具耗材	钻头	钻头	支	20.00	CNY	按支估价	补齐材质高速钢	16*100钻头；钻头			TOOL-000066	1
钻头	54	6	TOOL-000077	冲击钻头	冲击钻头 30*400	规格/直径: 30mm；长度: 400mm	工具耗材	钻头	钻头	支	40.00	CNY	按支估价	无需补齐；正式字段清理：将默认、常见、推定、约等口径词移出SKU名称/必填规格。；层级字段锁定：物料名称/分组取自 release_v0_3，DeepSeek 仅补SKU、规格、单位和测试价。	方大同30x400冲击钻头；冲击钻头	方大同		TOOL-000077	1
钻头	54	6	TOOL-000201	麻花钻头	麻花钻头 9mm	材质：高速钢；直径：9mm；长度：150mm	工具耗材	钻头	钻头	支	14.00	CNY	按支估价	补齐材质高速钢，长度150mm	9厘麻花钻头；麻花钻头			TOOL-000201	1
钻头	54	6	TOOL-000344	二坑二槽钻头	二坑二槽钻头 Φ14*160	材质：硬质合金；柄型：二坑二槽；直径：14mm；长度：160mm	工具耗材	钻头	钻头	支	18.00	CNY	按支估价	无需补齐；层级字段锁定：物料名称/分组取自 release_v0_3，DeepSeek 仅补SKU、规格、单位和测试价。	博世二坑二槽钻头Φ14*160；二坑二槽钻头	博世		TOOL-000344	1
低压电器	48	5	ELEC-000079	开关电源	开关电源 36V 400W	输出电压：36V；功率：400W；输入电压：220V AC	电气电料	低压电器	低压电器	个	80.00	CNY	按单个估价	补充输入电压；层级字段锁定：物料名称/分组取自 release_v0_3，DeepSeek 仅补SKU、规格、单位和测试价。	36V 400w电源；开关电源			ELEC-000079	1
低压电器	48	5	ELEC-000132	压力开关	压力开关 4分	接口：4分；电压：220V；电流：10A	电气电料	低压电器	低压电器	个	25.00	CNY	按单个估价	补充电压和电流（常见规格）；层级字段锁定：物料名称/分组取自 release_v0_3，DeepSeek 仅补SKU、规格、单位和测试价。	4分压力开关；压力开关			ELEC-000132	1
低压电器	48	5	ELEC-000147	按钮指示灯	按钮指示灯 AC220V 红色 22mm	电压：AC220V；颜色：红色；开孔尺寸：22mm	电气电料	低压电器	低压电器	套	12.00	CNY	按套估价	无需补齐；层级字段锁定：物料名称/分组取自 release_v0_3，DeepSeek 仅补SKU、规格、单位和测试价。	启动按钮指示灯			ELEC-000147	1
低压电器	48	5	ELEC-000201	按钮开关	按钮开关 红+绿 AC220V	颜色：红+绿；电压：AC220V	电气电料	低压电器	低压电器	只	18.00	CNY	按只估价，市场参考价	无需补齐；层级字段锁定：物料名称/分组取自 release_v0_3，DeepSeek 仅补SKU、规格、单位和测试价。	按钮开关红+绿；按钮开关			ELEC-000201	1
低压电器	48	5	ELEC-000223	接触器	接触器 CJX2-1810	额定电流：18A；电流类型：交流	电气电料	低压电器	低压电器	个	60.00	CNY	按个估价，品牌人民	无需补齐；层级字段锁定：物料名称/分组取自 release_v0_3，DeepSeek 仅补SKU、规格、单位和测试价。	人民交流接触器CJX2-1810；交流接触器	人民		ELEC-000223	1
油漆涂料	40	4	CHEM-000120	油漆	立邦 蓝色油漆 18kg	颜色：蓝色；包装：18kg	化工胶粘涂料	油漆涂料	油漆涂料	桶	180.00	CNY	按每桶180元估价	无需补齐；层级字段锁定：物料名称/分组取自 release_v0_3，DeepSeek 仅补SKU、规格、单位和测试价。	立邦蓝色油漆18kg；油漆	立邦		CHEM-000120	1
油漆涂料	40	4	CHEM-000135	油漆	立邦 金属漆 18kg	类型：金属；包装：18kg	化工胶粘涂料	油漆涂料	油漆涂料	桶	200.00	CNY	按每桶200元估价	无需补齐；层级字段锁定：物料名称/分组取自 release_v0_3，DeepSeek 仅补SKU、规格、单位和测试价。	立邦金属漆18KG；金属漆	立邦		CHEM-000135	1
油漆涂料	40	4	CHEM-000142	乳胶漆	立邦 白色防水乳胶漆 18KG	品牌：立邦；颜色：白色；特性：防水；包装容量：18KG	化工胶粘涂料	油漆涂料	油漆涂料	桶	200.00	CNY	按每桶200元估价	无需补齐；层级字段锁定：物料名称/分组取自 release_v0_3，DeepSeek 仅补SKU、规格、单位和测试价。	立邦白色防水乳胶漆18KG；防水乳胶漆	立邦		CHEM-000142	1
油漆涂料	40	4	CHEM-000157	油漆	立邦 白色油漆 18kg	颜色：白色；包装：18kg	化工胶粘涂料	油漆涂料	油漆涂料	桶	180.00	CNY	按每桶180元估价	无需补齐；层级字段锁定：物料名称/分组取自 release_v0_3，DeepSeek 仅补SKU、规格、单位和测试价。	立邦白色油漆18KG；油漆	立邦		CHEM-000157	1
生活后勤	36	4	ADMIN-000001	热水壶	热水壶 不锈钢 2L	材质：不锈钢；容量：2L	清洁办公后勤	生活后勤	生活后勤	个	50.00	CNY	按个估价	无需补齐	热水壶			ADMIN-000001	1
生活后勤	36	4	ADMIN-000012	床垫	床垫 单人	尺寸：单人；材质：海绵	清洁办公后勤	生活后勤	生活后勤	个	200.00	CNY	按个估价	无需补齐	床垫			ADMIN-000012	1
生活后勤	36	4	MAT-000040	枕头	枕头 标准尺寸	尺寸：标准；材质：通用	清洁办公后勤	生活后勤	生活后勤	个	50.00	CNY	按个估价	无需补齐	枕头			MAT-000040	1
生活后勤	36	4	MAT-000228	毛巾	毛巾 34*75cm	材质：棉；规格/尺寸：34*75cm	清洁办公后勤	生活后勤	生活后勤	条	10.00	CNY	按条估价	无需补齐	棉毛巾			MAT-000228	1
开关插座	35	4	ELEC-000012	开关	开关 1位	位数：1位	电气电料	开关插座	开关插座	个	8.00	CNY	按个估价，品牌公牛	无需补齐；层级字段锁定：物料名称/分组取自 release_v0_3，DeepSeek 仅补SKU、规格、单位和测试价。	公牛1位开关；一位开关；公牛一位开关	公牛		ELEC-000012	1
开关插座	35	4	ELEC-000158	插头	插头 三脚 10A 公牛	极数：三脚；额定电流：10A；额定电压：250V	电气电料	开关插座	开关插座	个	8.00	CNY	按个估价	额定电流按常见10A补齐；额定电压按250V补齐；层级字段锁定：物料名称/分组取自 release_v0_3，DeepSeek 仅补SKU、规格、单位和测试价。	公牛三插头；三脚插头	公牛		ELEC-000158	1
开关插座	35	4	ELEC-000164	插座	明装五孔插座 10A 公牛	安装方式：明装；孔位：五孔；额定电流：10A；额定电压：250V	电气电料	开关插座	开关插座	套	15.00	CNY	按套估价	额定电流按10A补齐；额定电压按250V补齐；层级字段锁定：物料名称/分组取自 release_v0_3，DeepSeek 仅补SKU、规格、单位和测试价。	公牛明装五孔插座；五孔插座	公牛		ELEC-000164	1
开关插座	35	4	ELEC-000215	插线板	插线板 双排 3m 10A 公牛	结构：双排；线长：3m；额定电流：10A；额定电压：250V	电气电料	开关插座	开关插座	个	50.00	CNY	按个估价	额定电压按250V补齐；层级字段锁定：物料名称/分组取自 release_v0_3，DeepSeek 仅补SKU、规格、单位和测试价。	公牛双排插板3m；插线板；公牛3m双排插线板	公牛		ELEC-000215	1
胶管总成	34	4	PIPE-000325	胶管总成	胶管总成 36*2-2层 3.9米	规格：36*2；层数：2层；长度：3.9米；接头形式：两端接头	液压气动	胶管总成	胶管总成	根	468.00	CNY	按根估价，每米约120元	无需补齐	胶管36*2-2层-3.9米；胶管总成			PIPE-000325	1
胶管总成	34	4	PIPE-000344	胶管总成	胶管总成 36*2-2层 1.2米	规格：36*2；层数：2层；长度：1.2米；接头形式：两端接头	液压气动	胶管总成	胶管总成	根	144.00	CNY	按根估价，每米约120元	无需补齐	胶管36*2-2层-1.2米；胶管总成			PIPE-000344	1
胶管总成	34	4	PIPE-000363	胶管总成	胶管总成 36*2H-2层 3米	规格：36*2H；层数：2层；长度：3米；接头形式：两端接头	液压气动	胶管总成	胶管总成	根	360.00	CNY	按根估价，每米约120元	无需补齐	胶管36*2H-2层-3米；胶管总成			PIPE-000363	1
胶管总成	34	4	PIPE-000381	胶管总成	胶管总成 36*2-2层 11米	规格：36*2；层数：2层；长度：11米；接头形式：两端接头	液压气动	胶管总成	胶管总成	根	1320.00	CNY	按根估价，每米约120元	无需补齐	胶管36*2-2层-11米；胶管总成			PIPE-000381	1
弯头	32	4	PIPE-000074	弯头	UPVC弯头 32mm 90°	材质：UPVC；规格/口径：32mm；角度：90度	管材管件阀门	弯头	弯头	个	2.50	CNY	按单个估价	角度按常见90°补齐；层级字段锁定：物料名称/分组取自 release_v0_3，DeepSeek 仅补SKU、规格、单位和测试价。	32弯头；UPVC弯头			PIPE-000074	1
弯头	32	4	PIPE-000075	弯头	UPVC弯头 32mm 45°	材质：UPVC；规格/口径：32mm；角度：45度	管材管件阀门	弯头	弯头	个	2.50	CNY	按单个估价	无需补齐；层级字段锁定：物料名称/分组取自 release_v0_3，DeepSeek 仅补SKU、规格、单位和测试价。	32*45弯头；UPVC45度弯头			PIPE-000075	1
弯头	32	4	PIPE-000148	弯头	碳钢焊接弯头 325mm 90°	材质：碳钢；规格/口径：325mm；连接：焊接；角度：90度	管材管件阀门	弯头	弯头	个	120.00	CNY	按单个估价，壁厚按常规10mm估	材质按常见碳钢补齐；角度按90°补齐；壁厚按常规；层级字段锁定：物料名称/分组取自 release_v0_3，DeepSeek 仅补SKU、规格、单位和测试价。	325焊接弯头；焊接弯头			PIPE-000148	1
弯头	32	4	PIPE-000252	弯头	碳钢焊接弯头 89mm*10mm	材质：碳钢；规格/口径：89mm；壁厚：10mm；连接：焊接	管材管件阀门	弯头	弯头	个	30.00	CNY	按单个估价	材质按常见碳钢补齐；层级字段锁定：物料名称/分组取自 release_v0_3，DeepSeek 仅补SKU、规格、单位和测试价。	89*10焊接弯头；焊接弯头			PIPE-000252	1
电线电缆	31	4	ELEC-000105	电缆	电缆 YJV 3*25 铜芯	型号：YJV；规格：3*25	电气电料	电线电缆	电线电缆	米	45.00	CNY	按YJV 3*25电缆市场均价45元/米估价	无需补齐；层级字段锁定：物料名称/分组取自 release_v0_3，DeepSeek 仅补SKU、规格、单位和测试价。	3*25电缆线；电缆线		YJV	ELEC-000105	1
电线电缆	31	4	ELEC-000137	接地跨接线	接地跨接线 铜 6mm² 200mm	材质：铜；截面积：6mm²；长度：200mm	电气电料	电线电缆	电线电缆	支	3.00	CNY	按铜接地跨接线6mm² 200mm市场均价3元/支估价	无需补齐；层级字段锁定：物料名称/分组取自 release_v0_3，DeepSeek 仅补SKU、规格、单位和测试价。	电柜接地跨线；接地跨接线			ELEC-000137	1
电线电缆	31	4	ELEC-000237	电缆	电缆 YJV 3*2.5+1*1.5 铜芯	型号：YJV；规格：3*2.5+1*1.5	电气电料	电线电缆	电线电缆	米	6.50	CNY	按起帆YJV 3*2.5+1*1.5电缆市场均价6.5元/米估价	无需补齐；层级字段锁定：物料名称/分组取自 release_v0_3，DeepSeek 仅补SKU、规格、单位和测试价。	起帆电缆线3*2.5+1*1.5；电缆	起帆	YJV	ELEC-000237	1
电线电缆	31	4	ELEC-000239	电缆	电缆 YJV 3*4+1*2.5 铜芯	型号：YJV；规格：3*4+1*2.5	电气电料	电线电缆	电线电缆	米	8.00	CNY	按起帆YJV 3*4+1*2.5电缆市场均价8元/米估价	无需补齐；层级字段锁定：物料名称/分组取自 release_v0_3，DeepSeek 仅补SKU、规格、单位和测试价。	起帆电缆线3*4+1*2.5；电缆	起帆	YJV	ELEC-000239	1
定制结构件	30	3	PIPE-000366	管夹	管夹 六联 35	适用管径：35mm；联数：6联；材质：碳钢；加工：定制	定制加工件	定制结构件	定制结构件	个	45.00	CNY	按定制六联管夹35mm估价，单位个	材质按常见碳钢补齐；层级字段锁定：物料名称/分组取自 release_v0_3，DeepSeek 仅补SKU、规格、单位和测试价。	加工六联管夹35;六联管夹加工件			PIPE-000366	1
定制结构件	30	3	SPARE-000051	箱体	钢箱 4立方 定制	容量：4立方米；材质：钢；定制：是	定制加工件	定制结构件	定制结构件	个	2500.00	CNY	按定制4立方钢箱估价，单位个	无需补齐；层级字段锁定：物料名称/分组取自 release_v0_3，DeepSeek 仅补SKU、规格、单位和测试价。	加工定做4立方钢箱；钢箱			SPARE-000051	1
定制结构件	30	3	SPARE-000083	垫木	垫木 200*200*1500mm	尺寸：200x200x1500mm；材质：木方	定制加工件	定制结构件	定制结构件	根	80.00	CNY	按定制木方垫板200*200*1500估价，单位根	无需补齐；层级字段锁定：物料名称/分组取自 release_v0_3，DeepSeek 仅补SKU、规格、单位和测试价。	加工200*200*1500木方垫板；木方垫板			SPARE-000083	1
清洁工具	30	3	ADMIN-000043	抹布	抹布 白色大块	颜色：白色；尺寸：大块；材质：棉质	清洁办公后勤	清洁工具	清洁工具	千克	20.00	CNY	按kg计价	无需补齐；正式字段清理：将默认、常见、推定、约等口径词移出SKU名称/必填规格。	大块白抹布；抹布			ADMIN-000043	1
清洁工具	30	3	ADMIN-000045	喷壶	喷壶 2L	容量：2L；材质：塑料	清洁办公后勤	清洁工具	清洁工具	个	12.00	CNY	按个计价	无需补齐	2升喷壶；喷壶			ADMIN-000045	1
清洁工具	30	3	SAFE-000043	钢丝球	钢丝球	规格：通用；材质：不锈钢	清洁办公后勤	清洁工具	清洁工具	个	2.00	CNY	按个计价	材质按常见不锈钢补齐；正式字段清理：将默认、常见、推定、约等口径词移出SKU名称/必填规格。	钢丝球			SAFE-000043	1
管卡/抱箍	29	3	PIPE-000094	管卡	管卡 PVC 40	材质：PVC；规格：40mm	紧固件与连接件	管卡/抱箍	管卡/抱箍	个	1.00	CNY	按个估价，40mm PVC管卡市场价约1元/个	规格补齐单位mm；层级字段锁定：物料名称/分组取自 release_v0_3，DeepSeek 仅补SKU、规格、单位和测试价。	PVC管卡			PIPE-000094	1
管卡/抱箍	29	3	PIPE-000098	管卡	管卡 110	规格：110mm；材质：碳钢	紧固件与连接件	管卡/抱箍	管卡/抱箍	个	3.50	CNY	按个估价，110mm碳钢管卡市场价约3.5元/个	规格补齐单位mm；材质补齐碳钢；层级字段锁定：物料名称/分组取自 release_v0_3，DeepSeek 仅补SKU、规格、单位和测试价。	管卡			PIPE-000098	1
管卡/抱箍	29	3	PIPE-000294	骑马卡	骑马卡 DN200 不锈钢	材质：不锈钢；公称直径：DN200	紧固件与连接件	管卡/抱箍	管卡/抱箍	个	8.00	CNY	按个估价，DN200不锈钢骑马卡市场价约8元/个	无需补齐；层级字段锁定：物料名称/分组取自 release_v0_3，DeepSeek 仅补SKU、规格、单位和测试价。	DN200不锈钢骑马卡；骑马卡			PIPE-000294	1
接线端子/线鼻子	28	3	ELEC-000187	接线端子	接线端子 UK5N 黄绿色	型号：UK5N；颜色：黄绿色	电气电料	接线端子/线鼻子	接线端子/线鼻子	个	3.00	CNY	按个估价	无需补齐；层级字段锁定：物料名称/分组取自 release_v0_3，DeepSeek 仅补SKU、规格、单位和测试价。	黄绿色接线端子UK5N；接线端子		UK5N	ELEC-000187	1
接线端子/线鼻子	28	3	ELEC-000205	管型端子	管型端子 2.5平方 铜 100只/包	适配线径：2.5平方；材质：铜；包装数量：100只/包	电气电料	接线端子/线鼻子	接线端子/线鼻子	包	8.00	CNY	按包估价，每包100只	材质按铜补齐；包装数量按常见100只/包补齐；层级字段锁定：物料名称/分组取自 release_v0_3，DeepSeek 仅补SKU、规格、单位和测试价。	管型接线端子2.5平方；管型接线端子			ELEC-000205	1
接线端子/线鼻子	28	3	ELEC-000225	冷压端子	冷压端子 OT4-6 铜 100只/包	型号：OT4-6；材质：铜；包装数量：100只/包	电气电料	接线端子/线鼻子	接线端子/线鼻子	包	12.00	CNY	按包估价，每包100只	包装数量按常见100只/包补齐；层级字段锁定：物料名称/分组取自 release_v0_3，DeepSeek 仅补SKU、规格、单位和测试价。	冷压线鼻端子OT4-6；冷压线鼻端子		OT4-6	ELEC-000225	1
门窗五金	28	3	HW-LOCK-000013	锁扣	不锈钢锁扣	材质：不锈钢	清洁办公后勤	门窗五金	门窗五金	套	5.00	CNY	按常见工程采购价估算，单价对应单位=套	无需补齐	不锈钢锁扣；不锈钢外门锁扣；锁扣			HW-LOCK-000013	1
门窗五金	28	3	MAT-000115	闭门器	闭门器 中型	规格：中型	清洁办公后勤	门窗五金	门窗五金	个	60.00	CNY	按常见工程采购价估算，单价对应单位=个	材质补齐为铝合金	闭门器			MAT-000115	1
门窗五金	28	3	METAL-000053	合页	不锈钢合页 110mm	材质：不锈钢；规格/尺寸：110mm	清洁办公后勤	门窗五金	门窗五金	付	8.00	CNY	按付估价	单位从副改为付，统一单位	110不锈钢合页；不锈钢合页			METAL-000053	1
型钢	27	3	METAL-000081	方钢	方钢 6*6*5 镀锌 Q235	材质：Q235；规格：6*6*5mm；表面处理：镀锌	金属材料	型钢	型钢	米	5.00	CNY	按每米估价	材质按常见Q235补齐	6*6*5镀锌方钢；镀锌方钢			METAL-000081	1
型钢	27	3	METAL-000105	工字钢	工字钢 14# Q235	规格：14#；材质：Q235	金属材料	型钢	型钢	米	30.00	CNY	按每米估价	材质按常见Q235补齐	工字钢14#；工字钢			METAL-000105	1
型钢	27	3	METAL-000123	槽钢	槽钢 20#B Q235B	规格：20#B；材质：Q235B	金属材料	型钢	型钢	米	60.00	CNY	按每米估价	材质按常见Q235B补齐	20#B型槽钢；B型槽钢			METAL-000123	1
测量工具	27	3	TOOL-000119	水平尺	水平尺 60cm 铝合金	长度：60cm；材质：铝合金	工具量具	测量工具	测量工具	把	20.00	CNY	按铝合金水平尺60cm市场价估价，单价对应单位=把	无需补齐	60cm水平尺；水平尺；水平尺0.6m			TOOL-000119	1
测量工具	27	3	TOOL-000171	游标卡尺	游标卡尺 300mm 得力	量程：300mm；精度：0.01mm；材质：不锈钢	工具量具	测量工具	测量工具	把	60.00	CNY	按把估价	补充精度和材质为常见规格；层级字段锁定：物料名称/分组取自 release_v0_3，DeepSeek 仅补SKU、规格、单位和测试价。	300mm得力高精度卡尺；游标卡尺	得力		TOOL-000171	1
测量工具	27	3	TOOL-000270	激光水平仪	激光水平仪 2线 莱赛	线数：2线；精度：±1mm/5m；激光波长：635nm	工具量具	测量工具	测量工具	套	150.00	CNY	按套估价，含支架	补充激光波长；层级字段锁定：物料名称/分组取自 release_v0_3，DeepSeek 仅补SKU、规格、单位和测试价。	莱赛激光红外水平仪；激光水平仪	莱赛		TOOL-000270	1
管材	27	3	PIPE-000219	水带	橡胶水带 50mm 加厚	口径：50mm；材质：橡胶；特征：加厚；工作压力：1.0MPa	管材管件阀门	管材	管材	米	5.00	CNY	按50mm加厚橡胶水带每米估价	补充工作压力1.0MPa为常见工程规格；层级字段锁定：物料名称/分组取自 release_v0_3，DeepSeek 仅补SKU、规格、单位和测试价。	50加厚橡胶水带；橡胶水带			PIPE-000219	1
管材	27	3	PIPE-000304	水带	高压橡胶水带 65mm 加厚	口径：65mm；材质：橡胶；特征：加厚；压力等级：高压	管材管件阀门	管材	管材	米	6.00	CNY	按65mm高压橡胶水带每米估价	无需补齐；层级字段锁定：物料名称/分组取自 release_v0_3，DeepSeek 仅补SKU、规格、单位和测试价。	65加厚蓝色胶水带；高压胶水带			PIPE-000304	1
管材	27	3	PIPE-000475	水带	高压水带 80mm	口径：80mm；压力等级：高压	管材管件阀门	管材	管材	米	8.00	CNY	按80mm高压水带每米估价	无需补齐；层级字段锁定：物料名称/分组取自 release_v0_3，DeepSeek 仅补SKU、规格、单位和测试价。	高压水带Φ80；高压水带			PIPE-000475	1
胶粘密封	27	3	CHEM-000027	双面胶带	双面胶带 10mm*30m 通用型	宽度：10mm；长度：30m；类型：通用型	化工胶粘涂料	胶粘密封	胶粘密封	卷	10.00	CNY	按卷计价，每卷10元	补齐宽度10mm，长度30m为常见采购规格	双面胶			CHEM-000027	1
胶粘密封	27	3	CHEM-000045	胶水	胶水 101 20g	型号：101；容量：20g	化工胶粘涂料	胶粘密封	胶粘密封	瓶	3.00	CNY	按瓶计价，每瓶20g，3元	无需补齐	101胶水；胶水		101	CHEM-000045	1
胶粘密封	27	3	CHEM-000082	密封胶	密封胶 管片密封 5kg/桶	用途：管片密封；包装：5kg/桶	化工胶粘涂料	胶粘密封	胶粘密封	桶	80.00	CNY	按桶计价，5kg/桶，80元	补齐包装5kg/桶为常见规格	管片密封胶水；管片密封胶			CHEM-000082	1
三通	25	3	PIPE-000007	三通	PPR三通 25mm	材质：PPR；规格/口径：25mm	管材管件阀门	三通	三通	个	2.00	CNY	按单个估价	无需补齐；层级字段锁定：物料名称/分组取自 release_v0_3，DeepSeek 仅补SKU、规格、单位和测试价。	PPR三通；25PPR三通			PIPE-000007	1
三通	25	3	PIPE-000069	三通	UPVC三通 32mm	材质：UPVC；规格/口径：32mm	管材管件阀门	三通	三通	个	3.00	CNY	按单个估价	无需补齐；层级字段锁定：物料名称/分组取自 release_v0_3，DeepSeek 仅补SKU、规格、单位和测试价。	UPVC三通			PIPE-000069	1
三通	25	3	PIPE-000375	三通	碳钢三通 DN65	材质：碳钢；规格/口径：DN65	管材管件阀门	三通	三通	个	30.00	CNY	按单个估价	材质按常见碳钢补齐；层级字段锁定：物料名称/分组取自 release_v0_3，DeepSeek 仅补SKU、规格、单位和测试价。	DN65三通；三通			PIPE-000375	1
扳手	25	3	TOOL-000131	内六角扳手套装	内六角扳手套装 1.5-10mm 9件套 世达	规格范围：1.5-10mm；件数：9件	工具量具	扳手	扳手	套	60.00	CNY	按世达品牌内六角扳手套装市场价估价，单价对应单位=套	件数按常见9件套补齐	世达六角扳手；内六角扳手套装；1.5-10世达内六角扳手	世达		TOOL-000131	1
扳手	25	3	TOOL-000297	活动扳手	活动扳手 10寸 世达	规格：10寸；材质：铬钒钢	工具量具	扳手	扳手	把	30.00	CNY	按世达品牌活动扳手市场价估价，单价对应单位=把	材质按常见铬钒钢补齐	世达活动扳手10寸；活动扳手	世达		TOOL-000297	1
扳手	25	3	TOOL-000310	三叉套筒扳手	三叉套筒扳手 14-17-19	规格/口径：14-17-19	工具量具	扳手	扳手	把	30.00	CNY	按把估价	无需补齐	三叉套筒扳手14-17-19；三叉套筒扳手			TOOL-000310	1
电工辅材	24	3	CONST-000039	绝缘橡胶板	绝缘橡胶板 3mm	厚度：3mm	电气电料	电工辅材	电工辅材	千克	15.00	CNY	Estimated based on typical price per kg for 3mm insulation rubber sheet.	无需补齐	绝缘橡胶板3mm；绝缘橡胶板			CONST-000039	1
电工辅材	24	3	ELEC-000218	接地桩	接地桩 M16*1m	规格：M16*1m	电气电料	电工辅材	电工辅材	根	30.00	CNY	Estimated based on typical price for grounding rod M16*1m.	无需补齐	接地桩M16*1m；接地桩			ELEC-000218	1
电工辅材	24	3	ELEC-TIE-000002	扎带	扎带 10*500mm	规格：10*500mm；材质：尼龙	电气电料	电工辅材	电工辅材	包	15.00	CNY	Estimated based on typical price per pack for 10*500mm nylon cable ties.	无需补齐	10*500mm扎带；尼龙扎带；10*500mm大包扎带；10*500mm尼龙扎带；尼龙扎带10*500mm			ELEC-TIE-000002	1
卸扣/卡环	23	3	MAT-000047	卸扣	卸扣 8.5T	载荷：8.5T	吊装索具	卸扣/卡环	卸扣/卡环	个	24.00	CNY	按个计价，每个8.5T，24元	无需补齐	8.5T卸扣；卸扣			MAT-000047	1
卸扣/卡环	23	3	MAT-000079	U型卸扣	U型卸扣 10T	额定载荷：10T	吊装索具	卸扣/卡环	卸扣/卡环	个	30.00	CNY	按个计价，每个10T，30元	无需补齐	10吨U型卸扣；U型卸扣			MAT-000079	1
卸扣/卡环	23	3	MAT-000198	卸扣	卸扣 25T	载荷：25T	吊装索具	卸扣/卡环	卸扣/卡环	个	80.00	CNY	按个计价，每个25T，80元	无需补齐	卸扣25T；卸扣			MAT-000198	1
膨胀锚栓	22	3	FAST-000011	膨胀锚栓	膨胀锚栓 M8*60	规格/口径：M8；长度：60mm；表面处理：镀锌	紧固件与连接件	膨胀锚栓	膨胀锚栓	个	0.40	CNY	按单个价，单价对应单位=个	表面处理按常见镀锌补齐	8*60膨胀螺丝；膨胀螺丝；膨胀锚栓			FAST-000011	1
膨胀锚栓	22	3	FAST-000042	膨胀锚栓	膨胀锚栓 M24*150	规格/口径：M24；长度：150mm；表面处理：镀锌	紧固件与连接件	膨胀锚栓	膨胀锚栓	个	3.50	CNY	按单个价，单价对应单位=个	表面处理按常见镀锌补齐	24*150膨胀螺丝；M24*150膨胀螺丝；膨胀螺丝；膨胀锚栓			FAST-000042	1
膨胀锚栓	22	3	FAST-000113	膨胀锚栓	膨胀锚栓 M8*90	规格/口径：M8；长度：90mm；表面处理：镀锌	紧固件与连接件	膨胀锚栓	膨胀锚栓	个	0.50	CNY	按单个价，单价对应单位=个	表面处理按常见镀锌补齐	膨胀螺丝Φ8*90；膨胀螺丝；膨胀锚栓			FAST-000113	1
刷涂耗材	20	2	TOOL-000092	钢丝刷	钢丝刷 250mm	规格/口径：250mm	工具耗材	刷涂耗材	刷涂耗材	把	6.00	CNY	按把估价	无需补齐；层级字段锁定：物料名称/分组取自 release_v0_3，DeepSeek 仅补SKU、规格、单位和测试价。	钢丝刷；钢刷			TOOL-000092	1
刷涂耗材	20	2	TOOL-000244	毛刷	毛刷 2.5寸 羊毛	规格：2.5寸；材质：羊毛	工具耗材	刷涂耗材	刷涂耗材	把	3.00	CNY	按把估价，羊毛刷	无需补齐	羊毛刷2.5寸；羊毛刷			TOOL-000244	1
气动接头	20	2	PIPE-000204	三通接头	塑料气动三通接头 8mm	口径：8mm；材质：塑料	液压气动	气动接头	气动接头	个	2.50	CNY	按常见塑料气动接头单价估算	补齐材质：塑料；层级字段锁定：物料名称/分组取自 release_v0_3，DeepSeek 仅补SKU、规格、单位和测试价。	8厘气管三通；气管三通接头			PIPE-000204	1
气动接头	20	2	PIPE-000206	三通接头	三通接头 16mm	口径：16mm；类型：快插；材质：铜镀镍；适用气管：PU	液压气动	气动接头	气动接头	个	4.00	CNY	按个估价	补充类型、材质、适用气管常见规格	16厘气管三通；气管三通接头			PIPE-000206	1
润滑防锈	20	2	CHEM-000006	防锈润滑剂	防锈润滑剂 WD-40 500ml/瓶	型号：WD-40；容量：500ml/瓶	化工胶粘涂料	润滑防锈	润滑防锈	瓶	40.00	CNY	按1瓶500ml估价	无需补齐；层级字段锁定：物料名称/分组取自 release_v0_3，DeepSeek 仅补SKU、规格、单位和测试价。	WD-40500防锈润滑剂；防锈润滑剂	WD-40		CHEM-000006	1
润滑防锈	20	2	CHEM-000058	润滑油	润滑油 D321R 400mL/瓶 摩力克	型号：D321R；容量：400mL/瓶	化工胶粘涂料	润滑防锈	润滑防锈	瓶	80.00	CNY	按1瓶400mL估价	容量按常见规格400mL补齐；层级字段锁定：物料名称/分组取自 release_v0_3，DeepSeek 仅补SKU、规格、单位和测试价。	D321R摩力克润滑油；润滑油	摩力克		CHEM-000058	1
消防管件	19	2	PIPE-000283	消防接头	消防接头 DN100	口径：DN100；材质：铝合金；接口：内扣式；压力：1.6MPa	安全消防	消防管件	消防管件	个	25.00	CNY	按个估价	无需补齐	100连接头；连接头；消防接头			PIPE-000283	1
消防管件	19	2	SAFE-000131	消防水带	消防水带 DN50	口径：DN50；特性：防爆耐磨；压力：1.6MPa；接口：内扣式；材质：橡胶；长度：按米计	安全消防	消防管件	消防管件	米	8.00	CNY	按米估价	补齐压力、材质	防爆耐磨水带DN50；防爆耐磨水带			SAFE-000131	1
水龙头/洁具配件	18	2	MAT-000005	水龙头花洒套装	水龙头花洒套装 不锈钢	材质：不锈钢；接口：G1/2；包含：水龙头+花洒+软管	管材管件阀门	水龙头/洁具配件	水龙头/洁具配件	套	120.00	CNY	常见不锈钢花洒套装价	补齐包含内容；层级字段锁定：物料名称/分组取自 release_v0_3，DeepSeek 仅补SKU、规格、单位和测试价。	水龙头花洒；水龙头花洒套装			MAT-000005	1
水龙头/洁具配件	18	2	METAL-000002	洗脸盆	不锈钢洗脸盆 2000mm 加厚	材质：不锈钢；长度：2000mm；特征：加厚	管材管件阀门	水龙头/洁具配件	水龙头/洁具配件	台	500.00	CNY	常见2米不锈钢洗脸盆价	长度补单位mm；层级字段锁定：物料名称/分组取自 release_v0_3，DeepSeek 仅补SKU、规格、单位和测试价。	2米加厚不锈钢洗脸盆；洗脸盆			METAL-000002	1
覆盖材料	18	2	MAT-000238	油布	油布 4m*8m 加厚	尺寸：4m*8m；特征：加厚	包装覆盖周转	覆盖材料	覆盖材料	块	80.00	CNY	按每块80元估价	无需补齐；层级字段锁定：物料名称/分组取自 release_v0_3，DeepSeek 仅补SKU、规格、单位和测试价。	加厚油布4m*8m；油布			MAT-000238	1
覆盖材料	18	2	SAFE-000051	油布	油布 4m*6m 通用型	尺寸：4m*6m；特征：通用	包装覆盖周转	覆盖材料	覆盖材料	平方米	2.00	CNY	按每平方米2元估价，每块48元	尺寸按常见通用油布4m*6m补齐；层级字段锁定：物料名称/分组取自 release_v0_3，DeepSeek 仅补SKU、规格、单位和测试价。	油布			SAFE-000051	1
钳类	18	2	TOOL-000116	尖嘴钳	尖嘴钳 6寸 世达	规格：6寸；材质：铬钒钢；表面：热处理	工具量具	钳类	钳类	把	25.00	CNY	按把估价	补充材质；层级字段锁定：物料名称/分组取自 release_v0_3，DeepSeek 仅补SKU、规格、单位和测试价。	世达尖嘴钳；尖嘴钳；得力尖嘴钳；世达尖嘴钳6寸	世达		TOOL-000116	1
钳类	18	2	TOOL-000202	管钳	管钳 450mm	长度：450mm	工具量具	钳类	钳类	把	30.00	CNY	按常见管钳450mm单价估价	无需补齐	18寸管钳；管钳			TOOL-000202	1
垫圈/垫片	17	2	FAST-000007	平垫圈	平垫圈 M27	规格：M27	紧固件与连接件	垫圈/垫片	垫圈/垫片	个	0.30	CNY	按单个估价，M27平垫圈市场价约0.3元/个	无需补齐；层级字段锁定：物料名称/分组取自 release_v0_3，DeepSeek 仅补SKU、规格、单位和测试价。	M27平垫；平垫片；垫圈			FAST-000007	1
垫圈/垫片	17	2	SPARE-000070	弹簧垫圈	弹簧垫圈 M27	规格/口径：M27	紧固件与连接件	垫圈/垫片	垫圈/垫片	个	0.30	CNY	按单个估价，M27弹簧垫圈市场价约0.3元/个	无需补齐；层级字段锁定：物料名称/分组取自 release_v0_3，DeepSeek 仅补SKU、规格、单位和测试价。	M27弹垫；弹簧垫片；垫圈			SPARE-000070	1
定制板牌件	17	2	METAL-000016	铭牌	铭牌 不锈钢 30*60	材质：不锈钢；尺寸：30*60mm	定制加工件	定制板牌件	定制板牌件	块	12.00	CNY	按每块不锈钢铭牌估价	无需补齐	定做不锈钢名牌30*60；不锈钢名牌			METAL-000016	1
定制板牌件	17	2	METAL-000028	标识牌	标识牌 不锈钢标志 20cm	材质：不锈钢；尺寸：20cm；标识内容类型：标志	定制加工件	定制板牌件	定制板牌件	块	30.00	CNY	按每块不锈钢标志牌估价	无需补齐	定做不锈钢标志牌；不锈钢标志牌			METAL-000028	1
手套	17	2	SAFE-000005	手套	手套 帆布加厚双层	材质：帆布；层数：双层；加厚：是；颜色：原色	劳保防护	手套	手套	双	3.50	CNY	按1双估价	补齐颜色；层级字段锁定：物料名称/分组取自 release_v0_3，DeepSeek 仅补SKU、规格、单位和测试价。	加厚双层帆布手套；帆布手套			SAFE-000005	1
手套	17	2	SAFE-000113	手套	手套 浸胶	材质：胶；工艺：浸胶；长度：35cm	劳保防护	手套	手套	双	5.50	CNY	按1双估价	补齐长度、工艺；层级字段锁定：物料名称/分组取自 release_v0_3，DeepSeek 仅补SKU、规格、单位和测试价。	浸胶手套			SAFE-000113	1
检测仪器（候选新增）	17	2	CHEM-000084	流量计	流量计 DN150 橡胶自动	公称直径：DN150；材质/衬里：橡胶；类型：自动；连接方式：法兰	工具量具	检测仪器（候选新增）	检测仪器（候选新增）	台	1500.00	CNY	按DN150橡胶衬里流量计市场价估价，单价对应单位=台	连接方式按常见法兰补齐；正式字段清理：将默认、常见、推定、约等口径词移出SKU名称/必填规格。	DN150橡胶自动流量计；流量计			CHEM-000084	1
检测仪器（候选新增）	17	2	MAT-000141	压力表	压力表 60公斤	量程：60公斤；表盘直径：100mm；接口螺纹：M20×1.5	工具量具	检测仪器（候选新增）	检测仪器（候选新增）	个	30.00	CNY	按普通压力表市场价估价，单价对应单位=个	表盘直径按常见100mm补齐；接口螺纹按常见M20×1.5补齐；正式字段清理：将默认、常见、推定、约等口径词移出SKU名称/必填规格。	60公斤压力表；压力表			MAT-000141	1
泵类设备	17	2	SPARE-000099	自吸泵	自吸泵 1.5kW 自动	功率：1.5kW；控制方式：自动；电压：220V；扬程：25m；口径：25mm	施工机具设备	泵类设备	泵类设备	台	1000.00	CNY	按台估价	补充电压、扬程、口径常见规格	1.5千瓦自动自吸泵；自动自吸泵			SPARE-000099	1
泵类设备	17	2	SPARE-000140	增压泵	增压泵 供水	用途：供水；电压：220V；功率：0.75kW；口径：25mm	施工机具设备	泵类设备	泵类设备	台	500.00	CNY	按台估价	补充电压、功率、口径常见规格	供水增压泵			SPARE-000140	1
照明光源	17	2	ELEC-000084	头灯	头灯 充电式 LED	供电方式：充电；光源类型：LED	电气电料	照明光源	照明光源	个	30.00	CNY	Estimated based on typical price for rechargeable LED headlamp.	无需补齐	LED充电头灯			ELEC-000084	1
照明光源	17	2	ELEC-000138	灯泡	灯泡 50W 螺口	功率：50W；接口：螺口	电气电料	照明光源	照明光源	个	15.00	CNY	Estimated based on typical price for 50W screw bulb.	无需补齐	50WLED灯泡；LED灯泡；飞利浦led灯泡50W	飞利浦		ELEC-000138	1
砖板模板	17	2	CONST-000006	建筑模板	建筑模板 2440*1220*30 黑	尺寸：2440*1220 mm；厚度：30 mm；颜色：黑	建筑材料	砖板模板	砖板模板	张	75.00	CNY	按张估价，30mm厚黑面	无需补齐	1.22*2.44*3.0黑模板；黑模板；黑模板3.0厚			CONST-000006	1
砖板模板	17	2	MAT-000216	木方	木方 30*30*3.6m	截面：30*30mm；长度：3.6m；材质：松木	建筑材料	砖板模板	砖板模板	根	8.00	CNY	按根估价，松木	材质按常见松木补齐	方木30*30*3.6m；方木			MAT-000216	1
传动件	16	2	CHEM-000122	平板输送带	平板输送带 1m宽10mm厚 1米长	材质：橡胶；宽度：1m；厚度：10mm；长度：1m	设备备件	传动件	传动件	件	50.00	CNY	按1米长度估价，单价对应单位=件	补充长度1m；层级字段锁定：物料名称/分组取自 release_v0_3，DeepSeek 仅补SKU、规格、单位和测试价。	橡胶平板输送带1m*10mm;橡胶平板输送带			CHEM-000122	1
传动件	16	2	SPARE-000085	传动皮带	传动皮带 BLI1753	型号：BLI1753	设备备件	传动件	传动件	条	50.00	CNY	按条估价，单价对应单位=条	无需补齐；层级字段锁定：物料名称/分组取自 release_v0_3，DeepSeek 仅补SKU、规格、单位和测试价。	Bli1753皮带；传动皮带			SPARE-000085	1
润滑配件	16	2	CHEM-000074	黄油嘴	黄油嘴 直通 M14*1.5	角度：直通；螺纹：M14*1.5	设备备件	润滑配件	润滑配件	个	7.00	CNY	按1个估价	无需补齐	14*1.5黄油嘴；黄油嘴			CHEM-000074	1
润滑配件	16	2	CHEM-000165	黄油嘴	黄油嘴 45度 M6*1.0	角度：45度；螺纹：M6*1.0	设备备件	润滑配件	润滑配件	个	4.00	CNY	按1个估价	无需补齐	黄油嘴45度M6；黄油嘴			CHEM-000165	1
装饰装修材料	16	2	CONST-000010	彩钢瓦	彩钢瓦 1*0.84	规格：1m*0.84m；颜色：蓝色；厚度：0.5mm	建筑材料	装饰装修材料	装饰装修材料	米	20.00	CNY	按米估价，宽度0.84m	颜色按蓝色、厚度按0.5mm补齐	1*0.84彩钢瓦			CONST-000010	1
装饰装修材料	16	2	CONST-000013	人工草皮	人工草皮 3.0 绿色	草高：3.0；颜色：绿色；密度：常用密度	建筑材料	装饰装修材料	装饰装修材料	平方米	22.00	CNY	按平方米估价	密度按常用补齐	3.0绿草皮；人工草皮			CONST-000013	1
套筒	15	2	TOOL-000175	套筒	加长六角套筒 6mm	规格：6mm；特征：加长；类型：六角；连接方头：1/4英寸	工具量具	套筒	套筒	个	5.50	CNY	按个估价	补齐连接方头1/4英寸；层级字段锁定：物料名称/分组取自 release_v0_3，DeepSeek 仅补SKU、规格、单位和测试价。	6加长六角套筒；加长六角套筒			TOOL-000175	1
套筒	15	2	TOOL-000180	套筒	加长六角套筒 14mm	规格：14mm；特征：加长；类型：六角；连接方头：1/4英寸	工具量具	套筒	套筒	个	10.00	CNY	按个估价	补齐连接方头1/4英寸；层级字段锁定：物料名称/分组取自 release_v0_3，DeepSeek 仅补SKU、规格、单位和测试价。	14加长六角套筒；加长六角套筒			TOOL-000180	1
螺母	15	2	FAST-000041	螺母	螺母 M48	规格：M48；材质：碳钢；强度等级：8	紧固件与连接件	螺母	螺母	个	1.00	CNY	按M48碳钢螺母单个市场价估价，单位=个	补齐材质和强度等级为常见推定；正式字段清理：将默认、常见、推定、约等口径词移出SKU名称/必填规格。	48螺母；M48螺母			FAST-000041	1
螺母	15	2	METAL-000154	螺母	不锈钢螺母 M5	材质：不锈钢；规格：M5	紧固件与连接件	螺母	螺母	个	0.20	CNY	按不锈钢M5螺母单个市场价估价，单位=个	无需补齐	不锈钢M5螺母；不锈钢螺母			METAL-000154	1
钢管	15	2	CONST-000042	脚手架钢管	脚手架钢管 48*3.5 6m 碳钢	外径：48mm；壁厚：3.5mm；材质：Q235；长度：6m	金属材料	钢管	钢管	根	60.00	CNY	按根计价，每根6米，参考脚手架钢管市场价	材质Q235为常见默认，无需补齐；层级字段锁定：物料名称/分组取自 release_v0_3，DeepSeek 仅补SKU、规格、单位和测试价。	架子管6m；架子管			CONST-000042	1
钢管	15	2	PIPE-000120	钢管	钢管 32*4.5 碳钢	外径：32mm；壁厚：4.5mm；材质：碳钢	金属材料	钢管	钢管	米	40.00	CNY	按米计价，参考钢管市场价	材质碳钢为默认，无需补齐；层级字段锁定：物料名称/分组取自 release_v0_3，DeepSeek 仅补SKU、规格、单位和测试价。	32*4.5钢管；钢管			PIPE-000120	1
锤铲撬工具	15	2	TOOL-000110	撬棍	撬棍 120cm-20mm	长度：120cm；直径：20mm；材质：碳钢	工具量具	锤铲撬工具	锤铲撬工具	根	25.00	CNY	按120cm碳钢撬棍单价估价	材质按常见碳钢补齐	120撬杠；撬杠			TOOL-000110	1
锤铲撬工具	15	2	TOOL-000162	手锤	手锤 6磅	重量：6磅	工具量具	锤铲撬工具	锤铲撬工具	把	15.00	CNY	按6磅手锤单价估价	无需补齐	6磅手锤；手锤			TOOL-000162	1
容器周转箱	14	2	MAT-000107	收纳箱	收纳箱 75L	容量：75L	包装覆盖周转	容器周转箱	容器周转箱	个	40.00	CNY	按个估价，75L收纳箱	无需补齐	大塑料箱75；塑料箱			MAT-000107	1
容器周转箱	14	2	TOOL-000070	汽油桶	汽油桶 20L	容量：20L；材质：铁	包装覆盖周转	容器周转箱	容器周转箱	个	50.00	CNY	按个估价，20L铁汽油桶	无需补齐	20L汽油桶；汽油桶			TOOL-000070	1
气体减压附件	14	2	WELD-000043	气体软管	气体软管 氧气 内径8mm 30m	介质：氧气；长度：30m；内径：8mm；压力等级：1.0MPa	焊接切割	气体减压附件	气体减压附件	卷	60.00	CNY	按常见工程采购价估算，单价对应单位=卷	压力等级按常见氧气软管补齐	30米国标红色氧气管；氧气胶管			WELD-000043	1
气体减压附件	14	2	WELD-000059	减压阀	减压阀 氧气	介质：氧气；接口：G5/8	焊接切割	气体减压附件	气体减压附件	只	80.00	CNY	按常见工程采购价估算，单价对应单位=只	接口规格按常见氧气减压阀补齐	氧气减压阀			WELD-000059	1
焊割工具	14	2	WELD-000008	电焊钳	电焊钳 500A	额定电流：500A	焊接切割	焊割工具	焊割工具	把	20.00	CNY	按常见工程采购价估算，单价对应单位=把	无需补齐	500A电焊钳；电焊钳			WELD-000008	1
焊割工具	14	2	WELD-000009	电焊钳	电焊钳 800A	额定电流：800A	焊接切割	焊割工具	焊割工具	把	30.00	CNY	按常见工程采购价估算，单价对应单位=把	无需补齐	800A电焊钳；电焊钳			WELD-000009	1
钢丝绳	14	2	METAL-000095	钢丝绳	钢丝绳 50mm 4m	直径：50mm；长度：4m；结构：6×37+FC；材质：碳钢	吊装索具	钢丝绳	钢丝绳	根	320.00	CNY	按根估价	结构和材质按常见补齐	定做50*4米钢丝绳；钢丝绳			METAL-000095	1
钢丝绳	14	2	METAL-000164	钢丝绳	钢丝绳 镀锌 12mm	表面处理：镀锌；直径：12mm；结构：6×37+FC	吊装索具	钢丝绳	钢丝绳	米	4.50	CNY	按米估价	结构补齐为6×37+FC	镀锌钢丝绳Φ12；镀锌钢丝绳			METAL-000164	1
水泥砂石	13	2	MAT-CEM-000005	沙子	沙子 中砂	砂类型：中砂	建筑材料	水泥砂石	水泥砂石	包	10.00	CNY	按中砂大包单价估价（约10元/包）	无需补齐	中沙；中砂			MAT-CEM-000005	1
水泥砂石	13	2	MAT-CEM-000008	水泥	水泥 42.5 袋装 50kg	强度等级：42.5；包装：袋装；包装重量：50kg	建筑材料	水泥砂石	水泥砂石	包	20.00	CNY	按42.5袋装水泥50kg/包单价估价	无需补齐	水泥			MAT-CEM-000008	1
泵类配件	13	2	MAT-000127	注浆枪头	注浆枪头 M14*1.5	接口：M14*1.5	设备备件	泵类配件	泵类配件	个	30.00	CNY	按个估价，单价对应单位=个	无需补齐；层级字段锁定：物料名称/分组取自 release_v0_3，DeepSeek 仅补SKU、规格、单位和测试价。	注浆枪头；聚氨酯枪头			MAT-000127	1
泵类配件	13	2	SPARE-000136	泥浆泵活塞	泥浆泵活塞 BW-250	适配型号：BW-250	设备备件	泵类配件	泵类配件	只	120.00	CNY	按只估价，单价对应单位=只	无需补齐；层级字段锁定：物料名称/分组取自 release_v0_3，DeepSeek 仅补SKU、规格、单位和测试价。	泥浆泵活塞BW-250；泥浆泵活塞			SPARE-000136	1
焊材	13	2	WELD-000007	碳棒	碳棒 6mm×355mm	直径：6mm；长度：355mm	焊接切割	焊材	焊材	支	0.50	CNY	按单支估价	无需补齐；层级字段锁定：物料名称/分组取自 release_v0_3，DeepSeek 仅补SKU、规格、单位和测试价。	碳棒6MM；碳棒			WELD-000007	1
焊材	13	2	WELD-000056	焊条	不锈钢焊条 2.5mm	材质：不锈钢；直径：2.5mm	焊接切割	焊材	焊材	千克	35.00	CNY	按千克估价	无需补齐；层级字段锁定：物料名称/分组取自 release_v0_3，DeepSeek 仅补SKU、规格、单位和测试价。	不锈钢焊条Φ2.5；不锈钢焊条			WELD-000056	1
眼面防护	13	2	SAFE-000004	焊工眼镜	焊工眼镜 遮光11# 墨绿色	遮光等级：11#；镜片颜色：墨绿色；镜框：黑色	劳保防护	眼面防护	眼面防护	副	12.00	CNY	按1副估价	补齐镜框；层级字段锁定：物料名称/分组取自 release_v0_3，DeepSeek 仅补SKU、规格、单位和测试价。	电焊眼镜；焊工眼镜			SAFE-000004	1
眼面防护	13	2	SAFE-000095	防护眼镜	防护眼镜 多功能护目	类型：多功能护目；镜片：透明；镜框：黑色	劳保防护	眼面防护	眼面防护	副	12.00	CNY	按1副估价	补齐镜片、镜框；层级字段锁定：物料名称/分组取自 release_v0_3，DeepSeek 仅补SKU、规格、单位和测试价。	多功能护目眼镜；护目镜			SAFE-000095	1
安全警示	12	2	SAFE-000023	路锥	路锥 1米	高度：1米；材质：橡胶	安全消防	安全警示	安全警示	个	25.00	CNY	按个估价	补齐材质	路锥1米；路锥			SAFE-000023	1
安全警示	12	2	SAFE-000065	反光警示带	反光警示带 10cm×50m 黄黑	宽度：10cm；长度：50m；颜色：黄黑；材质：PVC反光膜	安全消防	安全警示	安全警示	卷	15.00	CNY	按卷估价	补齐材质	10cm反光警示带黄黑；反光警示带			SAFE-000065	1
清洁用品	12	2	ADMIN-000008	垃圾袋	垃圾袋 120*140cm 厚	尺寸：120*140cm；厚度：厚	清洁办公后勤	清洁用品	清洁用品	个	1.20	CNY	按个计价	无需补齐	120*140厚垃圾袋；垃圾袋			ADMIN-000008	1
清洁用品	12	2	SAFE-000019	棉签	棉签 10cm 双头	规格/口径：10cm；头型：双头；包装数量：100支	清洁办公后勤	清洁用品	清洁用品	包	5.00	CNY	按包计价，每包100支	无需补齐	棉签			SAFE-000019	1
设备定制配件	12	2	MAT-000145	离心机滤网	离心机滤网 1.4m×0.31m×0.72m	尺寸：1.4米×0.31米×0.72米；材质：不锈钢	定制加工件	设备定制配件	设备定制配件	个	300.00	CNY	按个估价，不锈钢滤网加工件	材质按默认不锈钢补齐；正式字段清理：将默认、常见、推定、约等口径词移出SKU名称/必填规格。	订做离心机滤网1.4米*0.31米*0.72米；定做离心机滤网1.4米*0.31米*0.72米；离心机滤网			MAT-000145	1
设备定制配件	12	2	SPARE-000074	推进泵吸轮	推进泵吸轮 不锈钢	适用设备：推进泵；材质：不锈钢；尺寸：常规	定制加工件	设备定制配件	设备定制配件	套	200.00	CNY	按套估价，不锈钢吸轮加工件	尺寸按常规推进泵吸轮补齐	定做推进泵吸轮；推进泵吸轮			SPARE-000074	1
高压油管/胶管	12	2	PIPE-000040	高压油管	高压油管 DN51-4SH	规格/口径：DN51；等级：4SH	液压气动	高压油管/胶管	高压油管/胶管	米	130.00	CNY	按米估价	无需补齐	DN51*4SH高压油管；高压油管			PIPE-000040	1
高压油管/胶管	12	2	PIPE-000197	高压树脂管	高压树脂管 8mm	规格/口径：8mm；压力等级：10bar	液压气动	高压油管/胶管	高压油管/胶管	米	10.00	CNY	按米估价	无需补齐	8厘高压树脂管；高压树脂管			PIPE-000197	1
包装袋/吨袋	11	2	MAT-000024	吨袋	吨袋 大号	尺寸：1.2m*1.2m*1.5m；载重：2吨	包装覆盖周转	包装袋/吨袋	包装袋/吨袋	个	80.00	CNY	按个估价，大号吨袋	补齐尺寸和载重为常见大号吨袋规格	大吨袋；吨袋			MAT-000024	1
包装袋/吨袋	11	2	MAT-000053	编织袋	编织袋 小号	尺寸：40cm*60cm	包装覆盖周转	包装袋/吨袋	包装袋/吨袋	条	0.50	CNY	按条估价，小号编织袋	补齐尺寸为常见小号编织袋40cm*60cm	小编织袋；编织袋			MAT-000053	1
安全带/安全绳	11	2	SAFE-000015	五点式安全带	五点式安全带 欧式	款式：欧式；承重：100kg；挂钩：小钩	劳保防护	安全带/安全绳	安全带/安全绳	条	180.00	CNY	按1条估价	补齐承重、挂钩；层级字段锁定：物料名称/分组取自 release_v0_3，DeepSeek 仅补SKU、规格、单位和测试价。	五点式欧式安全带；五点式安全带			SAFE-000015	1
安全带/安全绳	11	2	SAFE-000101	安全绳	安全绳 Φ14	直径：Φ14mm；材质：尼龙；长度：100m/卷	劳保防护	安全带/安全绳	安全带/安全绳	米	5.00	CNY	按1米估价，整卷购买	补齐材质、长度；层级字段锁定：物料名称/分组取自 release_v0_3，DeepSeek 仅补SKU、规格、单位和测试价。	安全绳Φ14；安全绳			SAFE-000101	1
密封过滤件	11	2	SPARE-000091	滤芯	滤芯 06/08-25	型号：06/08-25	设备备件	密封过滤件	密封过滤件	个	30.00	CNY	按个估价，单价对应单位=个	无需补齐；层级字段锁定：物料名称/分组取自 release_v0_3，DeepSeek 仅补SKU、规格、单位和测试价。	06/08-25滤芯；滤芯			SPARE-000091	1
密封过滤件	11	2	SPARE-000126	O型圈	O型圈 63*5 NBR	内径：63mm；线径：5mm；材质：NBR	设备备件	密封过滤件	密封过滤件	只	3.00	CNY	按只估价，单价对应单位=只	无需补齐；层级字段锁定：物料名称/分组取自 release_v0_3，DeepSeek 仅补SKU、规格、单位和测试价。	O型圈63*5; O型圈			SPARE-000126	1
手推搬运设备	11	2	WELD-000034	气瓶手推车	气瓶手推车 乙炔 大充气轮	适用气体：乙炔；轮子类型：大充气轮；承重：200kg	施工机具设备	手推搬运设备	手推搬运设备	台	350.00	CNY	按台估价	补充承重	大充气轮乙炔车；乙炔瓶手推车			WELD-000034	1
手推搬运设备	11	2	WELD-000036	气瓶手推车	气瓶手推车 乙炔 43cm轮胎	适用气体：乙炔；轮子直径：43cm；承重：150kg	施工机具设备	手推搬运设备	手推搬运设备	台	250.00	CNY	按台估价	补充承重	43cm轮胎乙炔车；乙炔瓶手推车			WELD-000036	1
清洗脱漆剂	11	2	CHEM-000019	脱漆剂	脱漆剂 1L/瓶	容量：1L/瓶	化工胶粘涂料	清洗脱漆剂	清洗脱漆剂	瓶	25.00	CNY	按1瓶1L估价	无需补齐；层级字段锁定：物料名称/分组取自 release_v0_3，DeepSeek 仅补SKU、规格、单位和测试价。	高效脱漆剂；脱漆剂			CHEM-000019	1
清洗脱漆剂	11	2	CHEM-000020	电气清洗剂	电气清洗剂 1KG/瓶	适用对象：电力设备；包装：1KG/瓶	化工胶粘涂料	清洗脱漆剂	清洗脱漆剂	瓶	30.00	CNY	按1瓶1KG估价	无需补齐；层级字段锁定：物料名称/分组取自 release_v0_3，DeepSeek 仅补SKU、规格、单位和测试价。	电力清洗剂			CHEM-000020	1
电气箱柜	11	2	ELEC-000153	配电箱壳体	配电箱壳体 不锈钢 500*600*300 室外	材质：不锈钢；尺寸：500*600*300；安装环境：室外	电气电料	电气箱柜	电气箱柜	个	280.00	CNY	按不锈钢配电箱壳体500*600*300市场均价估价	无需补齐；层级字段锁定：物料名称/分组取自 release_v0_3，DeepSeek 仅补SKU、规格、单位和测试价。	不锈钢室外箱500*600*300；配电箱壳体			ELEC-000153	1
电气箱柜	11	2	METAL-000126	电柜	电柜 不锈钢内外门 1000*650*450	材质：不锈钢；结构：内外门；尺寸：1000*650*450	电气电料	电气箱柜	电气箱柜	只	500.00	CNY	Estimated based on typical price for stainless steel cabinet with inner/outer door 1000x650x450.	无需补齐	不锈钢内外门电柜1000*650*450；不锈钢内外门电柜			METAL-000126	1
防水保温材料	11	2	FAST-000086	膨胀止水条	膨胀止水条 5mm×30mm	规格：5mm×30mm；材质：橡胶	建筑材料	防水保温材料	防水保温材料	米	5.00	CNY	按米估价	材质按橡胶补齐	膨胀止水条5mm*30mm；膨胀止水条			FAST-000086	1
防水保温材料	11	2	MAT-000151	聚氨酯防水材料	聚氨酯防水材料 油性 10kg	体系：油性；包装：10kg/桶	建筑材料	防水保温材料	防水保温材料	桶	180.00	CNY	按桶估价，10kg	无需补齐	油性聚氨酯10KG；油性聚氨酯			MAT-000151	1
刀具/刃具	10	1	TOOL-000029	砖刀	砖刀 200mm	长度：200mm	工具量具	刀具/刃具	刀具/刃具	个	12.00	CNY	按个估价	无需补齐				TOOL-000029	1
吊带/吊装带	10	1	MAT-000016	吊装带	吊装带 2T*1.5米	额定载荷：2T；长度：1.5米	吊装索具	吊带/吊装带	吊带/吊装带	根	45.00	CNY	按根估价，常见工程吊装带价格	无需补齐	2T*1.5米吊带；吊带；2T*1.5m吊带；扁平吊装带			MAT-000016	1
电动工具	10	1	TOOL-000140	热风机	热风机 2000W	功率：2000W	电动气动工具	电动工具	电动工具	个	100.00	CNY	按单个估价	无需补齐；层级字段锁定：物料名称/分组取自 release_v0_3，DeepSeek 仅补SKU、规格、单位和测试价。	2000W热风机；热风机			TOOL-000140	1
胶带标签	10	1	CHEM-000129	不干胶标签	不干胶标签 30mm*10mm	材质：哑银PET；尺寸：30mm*10mm；每卷张数：5000张	包装覆盖周转	胶带标签	胶带标签	卷	80.00	CNY	按卷估价，5000张/卷	无需补齐	哑银pet条码不干胶贴纸30mm*10mm*5000张；PET条码不干胶标签			CHEM-000129	1
螺丝刀/批类	10	1	TOOL-000170	螺丝刀	一字螺丝刀 6*250	头型：一字；规格：6*250mm；材质：铬钒钢	工具量具	螺丝刀/批类	螺丝刀/批类	把	12.00	CNY	按把估价	补充材质；层级字段锁定：物料名称/分组取自 release_v0_3，DeepSeek 仅补SKU、规格、单位和测试价。	6*250一字螺丝刀；一字螺丝刀；螺丝刀			TOOL-000170	1
螺杆/丝杆	10	1	FAST-000118	螺杆	螺杆 M10*30 8.8级	规格：M10*30；强度等级：8.8；材质：碳钢；表面处理：发黑	紧固件与连接件	螺杆/丝杆	螺杆/丝杆	个	0.30	CNY	按8.8级M10*30碳钢螺杆单个市场价估价，单位=个	补齐材质和表面处理为常见推定；正式字段清理：将默认、常见、推定、约等口径词移出SKU名称/必填规格。	8.8级M10*30螺丝杆；螺丝杆；螺杆			FAST-000118	1
钢筋/线材	10	1	METAL-000064	螺纹钢	螺纹钢 22mm HRB400 12m	直径：22mm；牌号：HRB400；长度：12m	金属材料	钢筋/线材	钢筋/线材	条	100.00	CNY	按条计价，每条约12米，参考螺纹钢市场价	牌号HRB400、长度12m按常见规格补齐；层级字段锁定：物料名称/分组取自 release_v0_3，DeepSeek 仅补SKU、规格、单位和测试价。	22钢筋；螺纹钢筋			METAL-000064	1
扣件/连接件	9	1	MAT-000049	止水蝴蝶扣	止水蝴蝶扣 16*600	规格/口径：16mm；长度：600mm	紧固件与连接件	扣件/连接件	扣件/连接件	套	5.00	CNY	按套估价，16mm*600mm止水蝴蝶扣市场价约5元/套	口径和长度补齐单位mm；层级字段锁定：物料名称/分组取自 release_v0_3，DeepSeek 仅补SKU、规格、单位和测试价。	16*600止水蝴蝶扣；止水蝴蝶扣			MAT-000049	1
焊机配件	9	1	TOOL-000294	焊机地线夹	焊机地线夹 500A	额定电流：500A	焊接切割	焊机配件	焊机配件	个	15.00	CNY	按单个估价	无需补齐；层级字段锁定：物料名称/分组取自 release_v0_3，DeepSeek 仅补SKU、规格、单位和测试价。	500A地线夹；地线夹；电焊机接线夹；焊机地线夹			TOOL-000294	1
电缆附件	9	1	ELEC-000195	电缆防水接头	电缆防水接头 M50*1.5 金属	螺纹规格：M50*1.5；材质：金属	电气电料	电缆附件	电缆附件	个	6.00	CNY	按金属电缆防水接头M50*1.5市场均价6元/个估价	无需补齐；层级字段锁定：物料名称/分组取自 release_v0_3，DeepSeek 仅补SKU、规格、单位和测试价。	金属电缆防水接头M50*1.5；金属电缆防水接头			ELEC-000195	1
登高工具（候选新增）	9	1	TOOL-000215	梯凳	梯凳 600kg 一体 钢	承重：600kg；结构：一体；材质：钢	工具量具	登高工具（候选新增）	登高工具（候选新增）	个	300.00	CNY	按个估价	无需补齐；层级字段锁定：物料名称/分组取自 release_v0_3，DeepSeek 仅补SKU、规格、单位和测试价。	600KG一体梯凳；一体梯凳			TOOL-000215	1
办公文具	8	1	CHEM-000056	油漆笔	油漆笔 黑色	颜色：黑色；笔尖规格：1.0mm	清洁办公后勤	办公文具	办公文具	个	3.00	CNY	按个计价	笔尖规格按常见油漆笔1.0mm补齐；正式字段清理：将默认、常见、推定、约等口径词移出SKU名称/必填规格。				CHEM-000056	1
吊钩/吊具	8	1	MAT-000023	旋转吊环	旋转吊环 8吨	载荷：8吨；螺纹规格：M20	吊装索具	吊钩/吊具	吊钩/吊具	个	65.00	CNY	按个估价	螺纹规格按常见8吨旋转吊环补齐为M20	8吨旋转吊环；旋转吊环			MAT-000023	1
切磨耗材	7	1	TOOL-000083	切割片	切割片 400mm 金刚石	直径：400mm；厚度：5mm；孔径：25mm；材质：金刚石	工具耗材	切磨耗材	切磨耗材	片	15.00	CNY	按片估价，金刚石切割片	无需补齐	400马路切片;马路切割片			TOOL-000083	1
小型施工设备	7	1	MAT-000065	手持打码机	手持打码机 大字符	功能：大字符；类型：手持；适用：金属/塑料	施工机具设备	小型施工设备	小型施工设备	台	150.00	CNY	按台估价	补充类型、适用材质等常见规格	手持大字符打码机；手持打码机			MAT-000065	1
工具附件	7	1	TOOL-000305	碳刷	碳刷 43#	规格：43#	电动气动工具	工具附件	工具附件	副	3.00	CNY	按每副估价	无需补齐；层级字段锁定：物料名称/分组取自 release_v0_3，DeepSeek 仅补SKU、规格、单位和测试价。	碳刷43#；碳刷			TOOL-000305	1
急救用品	7	1	SAFE-000127	红花油	红花油 20ml	容量：20ml；包装：瓶装	劳保防护	急救用品	急救用品	瓶	10.00	CNY	按1瓶估价	补齐包装	红花油			SAFE-000127	1
网络通信	7	1	ELEC-000108	RJ45水晶头	RJ45水晶头 非屏蔽 Cat5e	屏蔽类型：非屏蔽；Cat等级：Cat5e	弱电安防	网络通信	网络通信	个	0.50	CNY	按个估价	无需补齐	水晶头；RJ45水晶头			ELEC-000108	1
葫芦/起重工具	7	1	MAT-000114	手拉葫芦	手拉葫芦 2T 6米	额定载荷：2T；链条长度：6米；链条直径：8mm	吊装索具	葫芦/起重工具	葫芦/起重工具	台	480.00	CNY	按台估价	链条直径按常见2T手拉葫芦补齐为8mm	三角手拉葫芦2T*6米；手拉葫芦	三角		MAT-000114	1
安全网/防护网	6	1	SAFE-000031	防坠安全网	防坠安全网 1.8m×6m	尺寸：1.8m×6m；材质：锦纶；网目：5cm×5cm；类型：防坠安全网	安全消防	安全网/防护网	安全网/防护网	张	80.00	CNY	按张估价，尺寸1.8m×6m	单位从平方米改为张，适合采购	定做防坠安全网；防坠安全网			SAFE-000031	1
油管护套/液压防护件（候选）	6	1	PIPE-000401	油管护套	钢制油管护套 M42*4	螺纹：M42*4；材质：钢	液压气动	油管护套/液压防护件（候选）	油管护套/液压防护件（候选）	只	18.00	CNY	按常见钢制油管护套单价估算	补齐材质：钢；层级字段锁定：物料名称/分组取自 release_v0_3，DeepSeek 仅补SKU、规格、单位和测试价。	油管护套M42*4；油管护套			PIPE-000401	1
液压气动阀	6	1	MAT-000083	气源处理双联件	气源处理双联件 G1/2	型号系列：AFC；接口口径：G1/2	液压气动	液压气动阀	液压气动阀	个	200.00	CNY	按个估价，含过滤器、减压阀、油雾器	无需补齐	AFC双联件			MAT-000083	1
牵引捆绑绳链（候选）	6	1	MAT-000211	链条	链条调节器 15T	额定载荷：15T；适配链条直径：10mm	吊装索具	牵引捆绑绳链（候选）	牵引捆绑绳链（候选）	个	45.00	CNY	按个估价	适配链条直径按常见15T调节器补齐为10mm；层级字段锁定：物料名称/分组取自 release_v0_3，DeepSeek 仅补SKU、规格、单位和测试价。	起重链条调节器15T；起重链条调节器			MAT-000211	1
监控安防	6	1	MAT-000163	监控套装	监控套装 太阳能4G三件套	供电：太阳能；通信：4G；件数：三件套（含主机、摄像头、支架）	弱电安防	监控安防	监控安防	套	800.00	CNY	按套估价	无需补齐	太阳能4G监控三件套；太阳能4G监控套装			MAT-000163	1
胶枪/施胶工具（候选新增）	6	1	TOOL-000228	胶枪	胶枪 通用 世达	规格：通用；适用：玻璃胶/硅胶	工具量具	胶枪/施胶工具（候选新增）	胶枪/施胶工具（候选新增）	把	30.00	CNY	按把估价	补充适用材料；层级字段锁定：物料名称/分组取自 release_v0_3，DeepSeek 仅补SKU、规格、单位和测试价。	世达胶枪；胶枪	世达		TOOL-000228	1
足部防护	6	1	SAFE-000024	劳保鞋	劳保鞋 高帮	帮高：高帮；尺码：42；防护等级：防砸防刺穿	劳保防护	足部防护	足部防护	双	80.00	CNY	按双估价，高帮防砸防刺穿劳保鞋	无需补齐	进口高帮劳保鞋；高帮劳保鞋			SAFE-000024	1
呼吸防护	5	1	SAFE-000013	口罩	一次性口罩 三层 50只/盒	材质：无纺布；层数：三层；包装数量：50只/盒	劳保防护	呼吸防护	呼吸防护	盒	25.00	CNY	按1盒50只估价	补齐层数、包装数量；层级字段锁定：物料名称/分组取自 release_v0_3，DeepSeek 仅补SKU、规格、单位和测试价。	一次性口罩			SAFE-000013	1
定制橡胶件（候选）	5	1	CHEM-000057	橡胶垫块	橡胶垫块 260*330*5mm	尺寸：260*330*5mm；材质：橡胶	定制加工件	定制橡胶件（候选）	定制橡胶件（候选）	块	10.00	CNY	按每块橡胶垫块估价	无需补齐	加工260*330*5橡胶垫块；橡胶垫块			CHEM-000057	1
密封垫片	5	1	CHEM-000087	胶垫	胶垫 63	规格/口径：63；类型：胶垫	设备备件	密封垫片	密封垫片	个	2.50	CNY	按个估价，单价对应单位=个	补充类型胶垫；层级字段锁定：物料名称/分组取自 release_v0_3，DeepSeek 仅补SKU、规格、单位和测试价。	63快速接头胶垫；快速接头胶垫			CHEM-000087	1
法兰	5	1	PIPE-000166	法兰	碳钢法兰 DN273 16kg	公称直径：DN273；压力等级：16kg；材质：碳钢	管材管件阀门	法兰	法兰	个	85.00	CNY	DN273碳钢法兰常见价	补齐压力等级；层级字段锁定：物料名称/分组取自 release_v0_3，DeepSeek 仅补SKU、规格、单位和测试价。	273法兰盘；法兰			PIPE-000166	1
泵油润滑设备	5	1	SPARE-000135	黄油泵	黄油泵 6L 3出口 带时控器	容量：6L；出口数：3出口；驱动：电动；配置：带时控器；电压：220V	施工机具设备	泵油润滑设备	泵油润滑设备	台	1200.00	CNY	按台估价	补充电压常见规格	电动油脂泵6L-3出口带时控器；电动油脂泵			SPARE-000135	1
消防器材	5	1	SAFE-000035	灭火器	灭火器 4KG 干粉	容量：4kg；灭火剂类型：干粉；压力：1.2MPa	安全消防	消防器材	消防器材	个	40.00	CNY	按个估价	补齐压力参数；正式字段清理：将默认、常见、推定、约等口径词移出SKU名称/必填规格。	4KG灭火器；灭火器			SAFE-000035	1
砂纸/磨料	5	1	TOOL-000126	石笔	石笔 单支	包装：单支	工具耗材	砂纸/磨料	砂纸/磨料	个	0.50	CNY	按单支估价	无需补齐；层级字段锁定：物料名称/分组取自 release_v0_3，DeepSeek 仅补SKU、规格、单位和测试价。	石笔			TOOL-000126	1
花篮螺丝/紧线器（候选）	5	1	MAT-000244	花篮螺丝	花篮螺丝 M14 镀锌	螺纹规格：M14；材质：碳钢；表面处理：镀锌	吊装索具	花篮螺丝/紧线器（候选）	花篮螺丝/紧线器（候选）	只	5.00	CNY	按只估价	材质补齐为碳钢	镀锌花兰扣m14；镀锌花兰扣；花篮螺丝			MAT-000244	1
钉类	5	1	MAT-CEM-000009	水泥钉	水泥钉 25mm 盒装	长度：25mm；直径：1.0mm；包装数量：100颗/盒	紧固件与连接件	钉类	钉类	盒	5.00	CNY	按每盒100颗估价，单价对应单位=盒	补充直径1.0mm（常见默认）及包装数量100颗/盒；层级字段锁定：物料名称/分组取自 release_v0_3，DeepSeek 仅补SKU、规格、单位和测试价。	水泥钉			MAT-CEM-000009	1
钢板/板材	5	1	CONST-000015	铁皮	镀锌铁皮 1.2mm 宽1m	厚度：1.2mm；表面：镀锌；宽度：1m	金属材料	钢板/板材	钢板/板材	米	15.00	CNY	按米计价，每米宽度1m，参考镀锌铁皮市场价	宽度按常见1m补齐；层级字段锁定：物料名称/分组取自 release_v0_3，DeepSeek 仅补SKU、规格、单位和测试价。	1.2镀锌铁皮；镀锌铁皮			CONST-000015	1
销/卡簧	5	1	MAT-000144	弹性销	弹性销 M6*28 弹簧钢	直径：M6；长度：28；材质：弹簧钢	紧固件与连接件	销/卡簧	销/卡簧	只	0.30	CNY	按只估价，单价对应单位=只	无需补齐；层级字段锁定：物料名称/分组取自 release_v0_3，DeepSeek 仅补SKU、规格、单位和测试价。	弹性销M6*28；弹性销			MAT-000144	1
刀具耗材（候选新增）	4	1	TOOL-000207	尖凿	尖凿 五坑 大号	接口：五坑；规格：大	工具耗材	刀具耗材（候选新增）	刀具耗材（候选新增）	支	25.00	CNY	按支估价，五坑尖凿	无需补齐	大五坑尖凿；五坑尖凿；尖凿			TOOL-000207	1
工具附件（候选新增）	4	1	TOOL-000107	铁锹柄	铁锹柄 1.2米 木柄	材质：木柄；长度：1.2米	工具量具	工具附件（候选新增）	工具附件（候选新增）	支	15.00	CNY	按支估价	无需补齐				TOOL-000107	1
电源/电池	4	1	ELEC-000090	蓄电池	蓄电池 12V 20Ah	电压：12V；容量：20Ah	电气电料	电源/电池	电源/电池	个	120.00	CNY	按12V20Ah铅酸蓄电池市场均价估价；原数据缺容量，按常见20Ah补齐	容量按常见采购规格20Ah补齐；层级字段锁定：物料名称/分组取自 release_v0_3，DeepSeek 仅补SKU、规格、单位和测试价。	12v蓄电池；蓄电池			ELEC-000090	1
管道辅材	4	1	MAT-000043	生料带	生料带 12mm*10m	宽度：12mm；长度：10m；厚度：0.1mm	管材管件阀门	管道辅材	管道辅材	卷	2.00	CNY	按12mm*10m生料带每卷估价	原单位个改为卷；补充厚度0.1mm为常见规格	生料带			MAT-000043	1
雨具	4	1	SAFE-000058	雨衣	雨衣 加厚套装	套装：是；特征：加厚	劳保防护	雨具	雨具	套	30.00	CNY	按套估价，加厚雨衣套装	无需补齐	加厚雨衣套装；雨衣套装			SAFE-000058	1
刷具附件（候选新增）	3	1	TOOL-000281	滚筒柄	滚筒柄 45cm 内螺纹	长度：45cm；接口：内螺纹	工具耗材	刷具附件（候选新增）	刷具附件（候选新增）	把	8.00	CNY	按把估价，滚筒柄	无需补齐	滚筒柄			TOOL-000281	1
办公设备	3	1	ADMIN-000022	多功能打印机	惠普多功能打印机	品牌：惠普；类型：激光多功能一体机	清洁办公后勤	办公设备	办公设备	台	2000.00	CNY	按台计价	类型按常见激光多功能一体机补齐；正式字段清理：将默认、常见、推定、约等口径词移出SKU名称/必填规格。	惠普多功能打印机；多功能打印机	惠普		ADMIN-000022	1
围挡护栏	3	1	SAFE-000039	伸缩杆	伸缩杆 红色 2米	颜色：红色；长度：2米；材质：铝合金	安全消防	围挡护栏	围挡护栏	个	25.00	CNY	按个估价	无需补齐	红色伸缩杆；伸缩杆			SAFE-000039	1
气动工具	3	1	TOOL-000067	风镐	风镐 G150	型号：G150	电动气动工具	气动工具	气动工具	台	500.00	CNY	按每台估价	无需补齐；层级字段锁定：物料名称/分组取自 release_v0_3，DeepSeek 仅补SKU、规格、单位和测试价。	G150风镐；风镐			TOOL-000067	1
电机/驱动件（候选）	3	1	SPARE-000122	电机	电机 5.5kW 380V	功率：5.5kW；电压：380V	设备备件	电机/驱动件（候选）	电机/驱动件（候选）	台	1500.00	CNY	按1台估价	无需补齐	电机5.5KW；电机			SPARE-000122	1
身体防护	3	1	SAFE-000089	防护服	防护服 连体加厚	款式：连体；特征：加厚	劳保防护	身体防护	身体防护	套	60.00	CNY	按套估价，连体加厚防护服	无需补齐	加厚连体裤；连体工作服；防护服			SAFE-000089	1
通风设备	3	1	ELEC-000112	排风扇	排风扇 FAD40-400 方形排气扇	型号：FAD40-400	电气电料	通风设备	通风设备	台	200.00	CNY	按FAD40-400排气扇市场均价200元/台估价	无需补齐；层级字段锁定：物料名称/分组取自 release_v0_3，DeepSeek 仅补SKU、规格、单位和测试价。	FAD40-400排气扇；排气扇		FAD40-400	ELEC-000112	1
化工原料	2	1	MAT-000146	膨润土	膨润土 抗盐型	类型：抗盐	化工胶粘涂料	化工原料	化工原料	吨	1000.00	CNY	按每吨1000元估价	无需补齐；层级字段锁定：物料名称/分组取自 release_v0_3，DeepSeek 仅补SKU、规格、单位和测试价。	抗盐膨润土			MAT-000146	1
吊装袋/吊包	2	1	MAT-000180	吊装袋	吊装袋 1吨	额定载荷：1吨；材质：聚丙烯	吊装索具	吊装袋/吊包	吊装袋/吊包	只	85.00	CNY	按只估价	材质按常见吊装袋补齐为聚丙烯	吊包1吨；吊包			MAT-000180	1
安全帽/头部防护	2	1	SAFE-000021	草帽	草帽 58cm	头围：58cm；材质：草编	劳保防护	安全帽/头部防护	安全帽/头部防护	个	15.00	CNY	按1个估价	补齐材质	草帽			SAFE-000021	1
对讲通信	2	1	MAT-000219	对讲机	对讲机 小米 二代	品牌：小米；型号：二代；频率：400-470MHz	弱电安防	对讲通信	对讲通信	部	150.00	CNY	按部估价	频率按常见400-470MHz补齐	小米二代对讲机；对讲机	小米		MAT-000219	1
建筑附属件（候选新增）	2	1	MAT-000068	雨棚	雨棚 4*4米 加厚	尺寸：4*4米；材质：PC；特征：加厚	建筑材料	建筑附属件（候选新增）	建筑附属件（候选新增）	套	400.00	CNY	按加厚4*4米PC雨棚套件估价	材质按常见PC补齐	加厚4*4米雨棚；雨棚			MAT-000068	1
气管	2	1	PIPE-000233	气管	PU气管 16mm	外径：16mm；材质：PU	液压气动	气管	气管	米	4.00	CNY	按常见PU气管每米单价估算	无需补齐；层级字段锁定：物料名称/分组取自 release_v0_3，DeepSeek 仅补SKU、规格、单位和测试价。	16mm气管；气管			PIPE-000233	1
脚手架配件	2	1	CONST-000008	顶托	顶托 30*500厚	规格：30*500；特征：厚	建筑材料	脚手架配件	脚手架配件	个	12.00	CNY	按个估价	无需补齐	30*500厚顶托；顶托			CONST-000008	1
软连接	2	1	PIPE-000271	软连接	法兰软连接 65*50	两端口径：65mm*50mm；连接方式：法兰	管材管件阀门	软连接	软连接	个	35.00	CNY	按65*50法兰软连接每个估价	无需补齐；层级字段锁定：物料名称/分组取自 release_v0_3，DeepSeek 仅补SKU、规格、单位和测试价。	65*50法兰软连接；法兰软连接			PIPE-000271	1
井盖/道路附属件	1	1	MAT-000159	井盖	污水井盖 580	用途：污水；规格：580	建筑材料	井盖/道路附属件	井盖/道路附属件	个	200.00	CNY	按常见污水井盖580单价估价	无需补齐	污水井盖580；井盖			MAT-000159	1
仓储用品	1	1	MAT-000204	货架	货架 2m*2m*0.6m	特征：加厚；尺寸：2m*2m*0.6m	清洁办公后勤	仓储用品	仓储用品	套	200.00	CNY	按套计价，加厚货架2m*2m*0.6m	无需补齐	加厚货架2m*2m*0.6m；加厚货架			MAT-000204	1
土工材料	1	1	CONST-000007	土工布	土工布 200g/m² 宽4m	材质：涤纶；克重：200g/m²；宽度：4m	建筑材料	土工材料	土工材料	平方米	2.00	CNY	按每平方米单价估价，宽4m	材质按常见涤纶补齐				CONST-000007	1
地面防护	1	1	SAFE-000063	防滑橡胶垫	防滑橡胶垫 5mm	厚度：5mm；材质：橡胶；宽度：1m	安全消防	地面防护	地面防护	平方米	30.00	CNY	按平方米估价，宽度按1m计	补齐宽度为1m常见规格；正式字段清理：将默认、常见、推定、约等口径词移出SKU名称/必填规格。	防滑胶垫；防滑橡胶垫			SAFE-000063	1
开孔器	1	1	TOOL-000271	宝塔钻头开孔器	宝塔钻头开孔器 4-52mm	规格范围：4-52mm	工具耗材	开孔器	开孔器	套	35.00	CNY	按套估价	无需补齐；层级字段锁定：物料名称/分组取自 release_v0_3，DeepSeek 仅补SKU、规格、单位和测试价。	宝塔钻头开孔器4-52；宝塔钻头开孔器			TOOL-000271	1
搅拌机配件（候选）	1	1	SPARE-000129	导流罩	导流罩 QJB-4/6 不锈钢	适配型号：QJB-4/6；材质：不锈钢	设备备件	搅拌机配件（候选）	搅拌机配件（候选）	只	300.00	CNY	按只估价，单价对应单位=只	补材质不锈钢；层级字段锁定：物料名称/分组取自 release_v0_3，DeepSeek 仅补SKU、规格、单位和测试价。	导流罩QJB-4/6；导流罩			SPARE-000129	1
支垫件/垫块（候选）	1	1	MAT-000190	吊车垫块	吊车垫块 500×500×60mm	材质：尼龙；尺寸：500×500×60mm；承载：大吨位	施工机具设备	支垫件/垫块（候选）	支垫件/垫块（候选）	块	100.00	CNY	按块估价	无需补齐	吊车用大吨位垫块500*500*60mm；吊车垫块			MAT-000190	1
检测仪器配件（候选新增）	1	1	TOOL-000094	表笔	表笔 摇表用	适用设备：摇表；类型：测试表笔；插头类型：香蕉头	工具量具	检测仪器配件（候选新增）	检测仪器配件（候选新增）	个	5.00	CNY	按摇表用表笔市场价估价，单价对应单位=个	类型和插头类型按常见补齐	摇表笔；摇表表笔			TOOL-000094	1
检测耗材	1	1	MAT-000174	耦合剂	耦合剂 100mL	容量：100mL；类型：超声耦合剂	工具量具	检测耗材	检测耗材	支	15.00	CNY	按超声耦合剂市场价估价，单价对应单位=支	类型按常见超声耦合剂补齐	耦合剂100mL；耦合剂			MAT-000174	1
橡胶材料	1	1	CHEM-000050	橡胶板	橡胶板 2cm 普通橡胶	厚度：2cm；材质：普通橡胶	化工胶粘涂料	橡胶材料	橡胶材料	千克	10.00	CNY	按每千克10元估价	材质按普通橡胶补齐；层级字段锁定：物料名称/分组取自 release_v0_3，DeepSeek 仅补SKU、规格、单位和测试价。	2cm橡胶板			CHEM-000050	1
水处理剂	1	1	MAT-000129	PAC污水处理剂	PAC 28% 污水处理剂	类型：PAC；含量：28%	化工胶粘涂料	水处理剂	水处理剂	吨	2000.00	CNY	按每吨2000元估价	无需补齐；层级字段锁定：物料名称/分组取自 release_v0_3，DeepSeek 仅补SKU、规格、单位和测试价。	28%PAC污水处理剂；PAC污水处理剂			MAT-000129	1
水箱容器（候选）	1	1	METAL-000159	保温水箱	不锈钢保温水箱 5T	材质：不锈钢；容量：5T；形状：圆形；保温层：聚氨酯	施工机具设备	水箱容器（候选）	水箱容器（候选）	个	2500.00	CNY	按个估价	补充保温层常见规格	5T不锈钢圆形保温水箱；不锈钢保温水箱			METAL-000159	1
液压工具	1	1	TOOL-000155	液压扳手套装	液压扳手套装 恩耐克 2000N.m	品牌：恩耐克；扭矩范围：2000N.m；驱动轴：3/4英寸	工具量具	液压工具	液压工具	套	5000.00	CNY	按套估价	补充扭矩范围和驱动轴为常见规格；层级字段锁定：物料名称/分组取自 release_v0_3，DeepSeek 仅补SKU、规格、单位和测试价。	恩耐克液压扳手套装；液压扳手套装	恩耐克	A2000	TOOL-000155	1
焊接设备/焊机（候选）	1	1	WELD-000026	电焊机	电焊机 200A 含焊线	额定电流：200A；配置：含焊线	焊接切割	焊接设备/焊机（候选）	焊接设备/焊机（候选）	套	300.00	CNY	按常见工程采购价估算，单价对应单位=套	无需补齐	电焊机含线；电焊机套装			WELD-000026	1
设备垫块/缓冲件（候选）	1	1	SPARE-000096	设备垫块	设备垫块 86×65 合成纤维	尺寸：86×65mm；材质：合成纤维	设备备件	设备垫块/缓冲件（候选）	设备垫块/缓冲件（候选）	个	5.00	CNY	按1个估价	无需补齐	86*65合成纤维垫块；合成纤维垫块			SPARE-000096	1
试验器具（候选新增）	1	1	TOOL-000181	混凝土试模	混凝土试模 150*150*150	尺寸：150*150*150mm；材质：铸铁	工具量具	试验器具（候选新增）	试验器具（候选新增）	个	80.00	CNY	按个估价	补充材质为铸铁；层级字段锁定：物料名称/分组取自 release_v0_3，DeepSeek 仅补SKU、规格、单位和测试价。	150*150*150混凝土模具；混凝土试模			TOOL-000181	1
过滤器/水处理附件	1	1	PIPE-000186	Y型过滤器	Y型法兰过滤器 DN80	公称直径：DN80；连接：法兰	管材管件阀门	过滤器/水处理附件	过滤器/水处理附件	个	80.00	CNY	按DN80Y型法兰过滤器每个估价	无需补齐；层级字段锁定：物料名称/分组取自 release_v0_3，DeepSeek 仅补SKU、规格、单位和测试价。	80Y型法兰过滤器；Y型法兰过滤器			PIPE-000186	1
门窗构件（候选新增）	1	1	MAT-000109	窗户	窗户 定制 铝合金 推拉	材质：铝合金；尺寸：定制；开启方式：推拉；定制：是	建筑材料	门窗构件（候选新增）	门窗构件（候选新增）	个	500.00	CNY	按个估价，定制型	无需补齐	定做窗户			MAT-000109	1
防潮材料	1	1	MAT-000162	防潮剂	防潮剂 1KG/包 工业	包装：1KG；用途：工业	化工胶粘涂料	防潮材料	防潮材料	包	10.00	CNY	按包计价，每包1KG，10元	无需补齐	工业防潮剂1KG；工业防潮剂			MAT-000162	1
风机设备（候选）	1	1	SPARE-000100	鼓风机	鼓风机 2.2kW	功率：2.2kW；电压：380V；风量：2000m³/h；风压：1500Pa	施工机具设备	风机设备（候选）	风机设备（候选）	个	800.00	CNY	按个估价	补充电压、风量、风压常见规格	2.2千瓦鼓风机；鼓风机			SPARE-000100	1
