source_sheet,source_row,raw_material_name,raw_spec,unit,supplier,purchase_date,quantity,unit_price,amount,remark,raw_row_json
Sheet1,2002,不锈钢抹刀,不锈钢抹刀,个,,2024-10-19T00:00:00,10,,,,"{""日期"": ""2024-10-19T00:00:00"", ""商品名称及规格"": ""不锈钢抹刀"", ""单位"": ""个"", ""数量"": 10}"
Sheet1,2003,加厚氧气车,加厚氧气车,个,,2024-10-19T00:00:00,1,,,,"{""日期"": ""2024-10-19T00:00:00"", ""商品名称及规格"": ""加厚氧气车"", ""单位"": ""个"", ""数量"": 1}"
Sheet1,2004,加厚乙炔车,加厚乙炔车,个,,2024-10-19T00:00:00,1,,,,"{""日期"": ""2024-10-19T00:00:00"", ""商品名称及规格"": ""加厚乙炔车"", ""单位"": ""个"", ""数量"": 1}"
Sheet1,2005,白色记号笔,白色记号笔,个,,2024-10-19T00:00:00,20,,,,"{""日期"": ""2024-10-19T00:00:00"", ""商品名称及规格"": ""白色记号笔"", ""单位"": ""个"", ""数量"": 20}"
Sheet1,2006,铜锁,铜锁,把,,2024-10-20T00:00:00,5,,,,"{""日期"": ""2024-10-20T00:00:00"", ""商品名称及规格"": ""铜锁"", ""单位"": ""把"", ""数量"": 5}"
Sheet1,2007,DN150橡胶自动流量计,DN150橡胶自动流量计,台,,2024-10-20T00:00:00,3,,,,"{""日期"": ""2024-10-20T00:00:00"", ""商品名称及规格"": ""DN150橡胶自动流量计"", ""单位"": ""台"", ""数量"": 3}"
Sheet1,2008,14梅花双用扳手,14梅花双用扳手,个,,2024-10-20T00:00:00,5,,,,"{""日期"": ""2024-10-20T00:00:00"", ""商品名称及规格"": ""14梅花双用扳手"", ""单位"": ""个"", ""数量"": 5}"
Sheet1,2009,加厚2.5米铝合金梯子,加厚2.5米铝合金梯子,台,,2024-10-20T00:00:00,2,,,,"{""日期"": ""2024-10-20T00:00:00"", ""商品名称及规格"": ""加厚2.5米铝合金梯子"", ""单位"": ""台"", ""数量"": 2}"
Sheet1,2010,M10*55镀锌螺丝,M10*55镀锌螺丝,套,,2024-10-20T00:00:00,100,,,,"{""日期"": ""2024-10-20T00:00:00"", ""商品名称及规格"": ""M10*55镀锌螺丝"", ""单位"": ""套"", ""数量"": 100}"
Sheet1,2011,L不锈钢角码,L不锈钢角码,个,,2024-10-20T00:00:00,30,,,,"{""日期"": ""2024-10-20T00:00:00"", ""商品名称及规格"": ""L不锈钢角码"", ""单位"": ""个"", ""数量"": 30}"
Sheet1,2012,定做窗户,定做窗户,个,,2024-10-20T00:00:00,1,,,,"{""日期"": ""2024-10-20T00:00:00"", ""商品名称及规格"": ""定做窗户"", ""单位"": ""个"", ""数量"": 1}"
Sheet1,2013,304不锈钢螺丝,304不锈钢螺丝,盒,,2024-10-20T00:00:00,2,,,,"{""日期"": ""2024-10-20T00:00:00"", ""商品名称及规格"": ""304不锈钢螺丝"", ""单位"": ""盒"", ""数量"": 2}"
Sheet1,2014,拖把,拖把,个,,2024-10-20T00:00:00,2,,,,"{""日期"": ""2024-10-20T00:00:00"", ""商品名称及规格"": ""拖把"", ""单位"": ""个"", ""数量"": 2}"
Sheet1,2015,派克大0型圈,派克大0型圈,条,,2024-10-20T00:00:00,5,,,,"{""日期"": ""2024-10-20T00:00:00"", ""商品名称及规格"": ""派克大0型圈"", ""单位"": ""条"", ""数量"": 5}"
Sheet1,2016,垃圾袋,垃圾袋,个,,2024-10-21T00:00:00,300,,,,"{""日期"": ""2024-10-21T00:00:00"", ""商品名称及规格"": ""垃圾袋"", ""单位"": ""个"", ""数量"": 300}"
Sheet1,2017,2.44*1.22*1.5黑模板,2.44*1.22*1.5黑模板,块,,2024-10-21T00:00:00,5,,,,"{""日期"": ""2024-10-21T00:00:00"", ""商品名称及规格"": ""2.44*1.22*1.5黑模板"", ""单位"": ""块"", ""数量"": 5}"
Sheet1,2018,DN200公元PPR管,DN200公元PPR管,米,,2024-10-21T00:00:00,52,,,,"{""日期"": ""2024-10-21T00:00:00"", ""商品名称及规格"": ""DN200公元PPR管"", ""单位"": ""米"", ""数量"": 52}"
Sheet1,2019,混凝土试模,混凝土试模,个,,2024-10-21T00:00:00,9,,,,"{""日期"": ""2024-10-21T00:00:00"", ""商品名称及规格"": ""混凝土试模"", ""单位"": ""个"", ""数量"": 9}"
Sheet1,2020,救生衣,救生衣,件,,2024-10-22T00:00:00,10,,,,"{""日期"": ""2024-10-22T00:00:00"", ""商品名称及规格"": ""救生衣"", ""单位"": ""件"", ""数量"": 10}"
Sheet1,2021,50机械密封,50机械密封,套,,2024-10-22T00:00:00,4,,,,"{""日期"": ""2024-10-22T00:00:00"", ""商品名称及规格"": ""50机械密封"", ""单位"": ""套"", ""数量"": 4}"
Sheet1,2022,美工刀,美工刀,个,,2024-10-22T00:00:00,10,,,,"{""日期"": ""2024-10-22T00:00:00"", ""商品名称及规格"": ""美工刀"", ""单位"": ""个"", ""数量"": 10}"
Sheet1,2023,DM40防锈润滑剂,DM40防锈润滑剂,支,,2024-10-22T00:00:00,24,,,,"{""日期"": ""2024-10-22T00:00:00"", ""商品名称及规格"": ""DM40防锈润滑剂"", ""单位"": ""支"", ""数量"": 24}"
Sheet1,2024,3*2.5+1起帆电缆线,3*2.5+1起帆电缆线,米,,2024-10-22T00:00:00,200,,,,"{""日期"": ""2024-10-22T00:00:00"", ""商品名称及规格"": ""3*2.5+1起帆电缆线"", ""单位"": ""米"", ""数量"": 200}"
Sheet1,2025,3*2.5起帆电缆线,3*2.5起帆电缆线,米,,2024-10-22T00:00:00,200,,,,"{""日期"": ""2024-10-22T00:00:00"", ""商品名称及规格"": ""3*2.5起帆电缆线"", ""单位"": ""米"", ""数量"": 200}"
Sheet1,2026,3*1.5起帆电缆线,3*1.5起帆电缆线,米,,2024-10-22T00:00:00,100,,,,"{""日期"": ""2024-10-22T00:00:00"", ""商品名称及规格"": ""3*1.5起帆电缆线"", ""单位"": ""米"", ""数量"": 100}"
Sheet1,2027,大气动扳手维修,大气动扳手维修,台,,2024-10-22T00:00:00,3,,,,"{""日期"": ""2024-10-22T00:00:00"", ""商品名称及规格"": ""大气动扳手维修"", ""单位"": ""台"", ""数量"": 3}"
Sheet1,2028,加工大螺丝,加工大螺丝,个,,2024-10-22T00:00:00,18,,,,"{""日期"": ""2024-10-22T00:00:00"", ""商品名称及规格"": ""加工大螺丝"", ""单位"": ""个"", ""数量"": 18}"
Sheet1,2029,40*2重型0型卡,40*2重型0型卡,个,,2024-10-22T00:00:00,150,,,,"{""日期"": ""2024-10-22T00:00:00"", ""商品名称及规格"": ""40*2重型0型卡"", ""单位"": ""个"", ""数量"": 150}"
Sheet1,2030,定做4米加厚铝合金梯子,定做4米加厚铝合金梯子,个,,2024-10-22T00:00:00,2,,,,"{""日期"": ""2024-10-22T00:00:00"", ""商品名称及规格"": ""定做4米加厚铝合金梯子"", ""单位"": ""个"", ""数量"": 2}"
Sheet1,2031,焊接面罩,焊接面罩,个,,2024-10-22T00:00:00,5,,,,"{""日期"": ""2024-10-22T00:00:00"", ""商品名称及规格"": ""焊接面罩"", ""单位"": ""个"", ""数量"": 5}"
Sheet1,2032,氧气,氧气,瓶,,2024-10-22T00:00:00,5,,,,"{""日期"": ""2024-10-22T00:00:00"", ""商品名称及规格"": ""氧气"", ""单位"": ""瓶"", ""数量"": 5}"
Sheet1,2033,乙炔,乙炔,瓶,,2024-10-22T00:00:00,5,,,,"{""日期"": ""2024-10-22T00:00:00"", ""商品名称及规格"": ""乙炔"", ""单位"": ""瓶"", ""数量"": 5}"
Sheet1,2034,加工离心机钢板,加工离心机钢板,个,,2024-10-23T00:00:00,240,,,,"{""日期"": ""2024-10-23T00:00:00"", ""商品名称及规格"": ""加工离心机钢板"", ""单位"": ""个"", ""数量"": 240}"
Sheet1,2035,M27*100螺丝,M27*100螺丝,个,,2024-10-23T00:00:00,120,,,,"{""日期"": ""2024-10-23T00:00:00"", ""商品名称及规格"": ""M27*100螺丝"", ""单位"": ""个"", ""数量"": 120}"
Sheet1,2036,m27平弹垫,m27平弹垫,个,,2024-10-23T00:00:00,240,,,,"{""日期"": ""2024-10-23T00:00:00"", ""商品名称及规格"": ""m27平弹垫"", ""单位"": ""个"", ""数量"": 240}"
Sheet1,2037,m27螺母,m27螺母,个,,2024-10-23T00:00:00,120,,,,"{""日期"": ""2024-10-23T00:00:00"", ""商品名称及规格"": ""m27螺母"", ""单位"": ""个"", ""数量"": 120}"
Sheet1,2038,6cm梅花垫块,6cm梅花垫块,个,,2024-10-23T00:00:00,510,,,,"{""日期"": ""2024-10-23T00:00:00"", ""商品名称及规格"": ""6cm梅花垫块"", ""单位"": ""个"", ""数量"": 510}"
Sheet1,2039,白色记号笔,白色记号笔,个,,2024-10-23T00:00:00,20,,,,"{""日期"": ""2024-10-23T00:00:00"", ""商品名称及规格"": ""白色记号笔"", ""单位"": ""个"", ""数量"": 20}"
Sheet1,2040,2.44*1.22*1.5厚模板,2.44*1.22*1.5厚模板,张,,2024-10-23T00:00:00,10,,,,"{""日期"": ""2024-10-23T00:00:00"", ""商品名称及规格"": ""2.44*1.22*1.5厚模板"", ""单位"": ""张"", ""数量"": 10}"
Sheet1,2041,22钢筋接驳器,22钢筋接驳器,个,,2024-10-23T00:00:00,700,,,,"{""日期"": ""2024-10-23T00:00:00"", ""商品名称及规格"": ""22钢筋接驳器"", ""单位"": ""个"", ""数量"": 700}"
Sheet1,2042,1寸气动扳手,1寸气动扳手,个,,2024-10-23T00:00:00,1,,,,"{""日期"": ""2024-10-23T00:00:00"", ""商品名称及规格"": ""1寸气动扳手"", ""单位"": ""个"", ""数量"": 1}"
Sheet1,2043,TPC1570一体式触摸屏,TPC1570一体式触摸屏,台,,2024-10-23T00:00:00,2,,,,"{""日期"": ""2024-10-23T00:00:00"", ""商品名称及规格"": ""TPC1570一体式触摸屏"", ""单位"": ""台"", ""数量"": 2}"
Sheet1,2044,10*50cm尼龙扎带,10*50cm尼龙扎带,包,,2024-10-24T00:00:00,10,,,,"{""日期"": ""2024-10-24T00:00:00"", ""商品名称及规格"": ""10*50cm尼龙扎带"", ""单位"": ""包"", ""数量"": 10}"
Sheet1,2045,10*40cm尼龙扎带,10*40cm尼龙扎带,包,,2024-10-24T00:00:00,10,,,,"{""日期"": ""2024-10-24T00:00:00"", ""商品名称及规格"": ""10*40cm尼龙扎带"", ""单位"": ""包"", ""数量"": 10}"
Sheet1,2046,10*30cm尼龙扎带,10*30cm尼龙扎带,包,,2024-10-24T00:00:00,10,,,,"{""日期"": ""2024-10-24T00:00:00"", ""商品名称及规格"": ""10*30cm尼龙扎带"", ""单位"": ""包"", ""数量"": 10}"
Sheet1,2047,回力雨鞋,回力雨鞋,双,,2024-10-24T00:00:00,15,,,,"{""日期"": ""2024-10-24T00:00:00"", ""商品名称及规格"": ""回力雨鞋"", ""单位"": ""双"", ""数量"": 15}"
Sheet1,2048,编织袋,编织袋,个,,2024-10-24T00:00:00,300,,,,"{""日期"": ""2024-10-24T00:00:00"", ""商品名称及规格"": ""编织袋"", ""单位"": ""个"", ""数量"": 300}"
Sheet1,2049,羊镐柄,羊镐柄,支,,2024-10-24T00:00:00,5,,,,"{""日期"": ""2024-10-24T00:00:00"", ""商品名称及规格"": ""羊镐柄"", ""单位"": ""支"", ""数量"": 5}"
Sheet1,2050,铁锹柄,铁锹柄,支,,2024-10-24T00:00:00,10,,,,"{""日期"": ""2024-10-24T00:00:00"", ""商品名称及规格"": ""铁锹柄"", ""单位"": ""支"", ""数量"": 10}"
Sheet1,2051,铁锹,铁锹,支,,2024-10-24T00:00:00,10,,,,"{""日期"": ""2024-10-24T00:00:00"", ""商品名称及规格"": ""铁锹"", ""单位"": ""支"", ""数量"": 10}"
Sheet1,2052,德国进口气动阀块,德国进口气动阀块,个,,2024-10-24T00:00:00,10,,,,"{""日期"": ""2024-10-24T00:00:00"", ""商品名称及规格"": ""德国进口气动阀块"", ""单位"": ""个"", ""数量"": 10}"
Sheet1,2053,6焊接铁合页,6焊接铁合页,付,,2024-10-25T00:00:00,6,,,,"{""日期"": ""2024-10-25T00:00:00"", ""商品名称及规格"": ""6焊接铁合页"", ""单位"": ""付"", ""数量"": 6}"
Sheet1,2054,白色喷漆,白色喷漆,支,,2024-10-25T00:00:00,24,,,,"{""日期"": ""2024-10-25T00:00:00"", ""商品名称及规格"": ""白色喷漆"", ""单位"": ""支"", ""数量"": 24}"
Sheet1,2055,皮带1041,皮带1041,支,,2024-10-25T00:00:00,1,,,,"{""日期"": ""2024-10-25T00:00:00"", ""商品名称及规格"": ""皮带1041"", ""单位"": ""支"", ""数量"": 1}"
Sheet1,2056,大S挂钩20kg,大S挂钩20kg,支,,2024-10-25T00:00:00,100,,,,"{""日期"": ""2024-10-25T00:00:00"", ""商品名称及规格"": ""大S挂钩20kg"", ""单位"": ""支"", ""数量"": 100}"
Sheet1,2057,电柜接地跨线,电柜接地跨线,支,,2024-10-25T00:00:00,100,,,,"{""日期"": ""2024-10-25T00:00:00"", ""商品名称及规格"": ""电柜接地跨线"", ""单位"": ""支"", ""数量"": 100}"
Sheet1,2058,乙炔割嘴,乙炔割嘴,个,,2024-10-25T00:00:00,100,,,,"{""日期"": ""2024-10-25T00:00:00"", ""商品名称及规格"": ""乙炔割嘴"", ""单位"": ""个"", ""数量"": 100}"
Sheet1,2059,焊机快连接头,焊机快连接头,个,,2024-10-25T00:00:00,10,,,,"{""日期"": ""2024-10-25T00:00:00"", ""商品名称及规格"": ""焊机快连接头"", ""单位"": ""个"", ""数量"": 10}"
Sheet1,2060,不锈钢沉头螺丝,不锈钢沉头螺丝,合,,2024-10-25T00:00:00,2,,,,"{""日期"": ""2024-10-25T00:00:00"", ""商品名称及规格"": ""不锈钢沉头螺丝"", ""单位"": ""合"", ""数量"": 2}"
Sheet1,2061,5寸重型平口钳,5寸重型平口钳,台,,2024-10-25T00:00:00,1,,,,"{""日期"": ""2024-10-25T00:00:00"", ""商品名称及规格"": ""5寸重型平口钳"", ""单位"": ""台"", ""数量"": 1}"
Sheet1,2062,防锈型管钳600,防锈型管钳600,支,,2024-10-25T00:00:00,2,,,,"{""日期"": ""2024-10-25T00:00:00"", ""商品名称及规格"": ""防锈型管钳600"", ""单位"": ""支"", ""数量"": 2}"
Sheet1,2063,50WLED灯泡,50WLED灯泡,个,,2024-10-25T00:00:00,6,,,,"{""日期"": ""2024-10-25T00:00:00"", ""商品名称及规格"": ""50WLED灯泡"", ""单位"": ""个"", ""数量"": 6}"
Sheet1,2064,铝钉,铝钉,合,,2024-10-25T00:00:00,1,,,,"{""日期"": ""2024-10-25T00:00:00"", ""商品名称及规格"": ""铝钉"", ""单位"": ""合"", ""数量"": 1}"
Sheet1,2065,加厚生料带,加厚生料带,个,,2024-10-25T00:00:00,200,,,,"{""日期"": ""2024-10-25T00:00:00"", ""商品名称及规格"": ""加厚生料带"", ""单位"": ""个"", ""数量"": 200}"
Sheet1,2066,气管自锁接头,气管自锁接头,套,,2024-10-25T00:00:00,10,,,,"{""日期"": ""2024-10-25T00:00:00"", ""商品名称及规格"": ""气管自锁接头"", ""单位"": ""套"", ""数量"": 10}"
Sheet1,2067,镀锌方管3*3*3,镀锌方管3*3*3,米,,2024-10-25T00:00:00,30,,,,"{""日期"": ""2024-10-25T00:00:00"", ""商品名称及规格"": ""镀锌方管3*3*3"", ""单位"": ""米"", ""数量"": 30}"
Sheet1,2068,4*4*0.5镀锌角铁,4*4*0.5镀锌角铁,米,,2024-10-25T00:00:00,30,,,,"{""日期"": ""2024-10-25T00:00:00"", ""商品名称及规格"": ""4*4*0.5镀锌角铁"", ""单位"": ""米"", ""数量"": 30}"
Sheet1,2069,加工后备套夹子,加工后备套夹子,个,,2024-10-25T00:00:00,24,,,,"{""日期"": ""2024-10-25T00:00:00"", ""商品名称及规格"": ""加工后备套夹子"", ""单位"": ""个"", ""数量"": 24}"
Sheet1,2070,32*640kg安全阀,32*640kg安全阀,个,,2024-10-25T00:00:00,4,,,,"{""日期"": ""2024-10-25T00:00:00"", ""商品名称及规格"": ""32*640kg安全阀"", ""单位"": ""个"", ""数量"": 4}"
Sheet1,2071,2.2千瓦不锈钢螺杆泵和电机,2.2千瓦不锈钢螺杆泵和电机,套,,2024-10-25T00:00:00,1,,,,"{""日期"": ""2024-10-25T00:00:00"", ""商品名称及规格"": ""2.2千瓦不锈钢螺杆泵和电机"", ""单位"": ""套"", ""数量"": 1}"
Sheet1,2072,原装耐驰螺杆泵水封,原装耐驰螺杆泵水封,个,,2024-10-25T00:00:00,4,,,,"{""日期"": ""2024-10-25T00:00:00"", ""商品名称及规格"": ""原装耐驰螺杆泵水封"", ""单位"": ""个"", ""数量"": 4}"
Sheet1,2073,168*10焊接三通,168*10焊接三通,个,,2024-10-25T00:00:00,10,,,,"{""日期"": ""2024-10-25T00:00:00"", ""商品名称及规格"": ""168*10焊接三通"", ""单位"": ""个"", ""数量"": 10}"
Sheet1,2074,加工管片螺丝,加工管片螺丝,根,,2024-10-25T00:00:00,18,,,,"{""日期"": ""2024-10-25T00:00:00"", ""商品名称及规格"": ""加工管片螺丝"", ""单位"": ""根"", ""数量"": 18}"
Sheet1,2075,大充气轮氧气车,大充气轮氧气车,台,,2024-10-25T00:00:00,1,,,,"{""日期"": ""2024-10-25T00:00:00"", ""商品名称及规格"": ""大充气轮氧气车"", ""单位"": ""台"", ""数量"": 1}"
Sheet1,2076,大充气轮乙炔车,大充气轮乙炔车,台,,2024-10-25T00:00:00,1,,,,"{""日期"": ""2024-10-25T00:00:00"", ""商品名称及规格"": ""大充气轮乙炔车"", ""单位"": ""台"", ""数量"": 1}"
Sheet1,2077,M27垫片,M27垫片,个,,2024-10-25T00:00:00,120,,,,"{""日期"": ""2024-10-25T00:00:00"", ""商品名称及规格"": ""M27垫片"", ""单位"": ""个"", ""数量"": 120}"
Sheet1,2078,43cm轮胎氧气车,43cm轮胎氧气车,台,,2024-10-26T00:00:00,1,,,,"{""日期"": ""2024-10-26T00:00:00"", ""商品名称及规格"": ""43cm轮胎氧气车"", ""单位"": ""台"", ""数量"": 1}"
Sheet1,2079,43cm轮胎乙炔车,43cm轮胎乙炔车,台,,2024-10-26T00:00:00,1,,,,"{""日期"": ""2024-10-26T00:00:00"", ""商品名称及规格"": ""43cm轮胎乙炔车"", ""单位"": ""台"", ""数量"": 1}"
Sheet1,2080,加工168卡箍接头,加工168卡箍接头,台,,2024-10-26T00:00:00,20,,,,"{""日期"": ""2024-10-26T00:00:00"", ""商品名称及规格"": ""加工168卡箍接头"", ""单位"": ""台"", ""数量"": 20}"
Sheet1,2081,大气动扳手,大气动扳手,台,,2024-10-26T00:00:00,2,,,,"{""日期"": ""2024-10-26T00:00:00"", ""商品名称及规格"": ""大气动扳手"", ""单位"": ""台"", ""数量"": 2}"
Sheet1,2082,加工M27*100加长六角螺丝,加工M27*100加长六角螺丝,个,,2024-10-26T00:00:00,18,,,,"{""日期"": ""2024-10-26T00:00:00"", ""商品名称及规格"": ""加工M27*100加长六角螺丝"", ""单位"": ""个"", ""数量"": 18}"
Sheet1,2083,3*4.5m大雨棚,3*4.5m大雨棚,套,,2024-10-26T00:00:00,5,,,,"{""日期"": ""2024-10-26T00:00:00"", ""商品名称及规格"": ""3*4.5m大雨棚"", ""单位"": ""套"", ""数量"": 5}"
Sheet1,2084,M20*150膨胀螺丝,M20*150膨胀螺丝,个,,2024-10-26T00:00:00,60,,,,"{""日期"": ""2024-10-26T00:00:00"", ""商品名称及规格"": ""M20*150膨胀螺丝"", ""单位"": ""个"", ""数量"": 60}"
Sheet1,2085,2.5焊条20公斤,2.5焊条20公斤,件,,2024-10-26T00:00:00,2,,,,"{""日期"": ""2024-10-26T00:00:00"", ""商品名称及规格"": ""2.5焊条20公斤"", ""单位"": ""件"", ""数量"": 2}"
Sheet1,2086,3.2焊条20公斤,3.2焊条20公斤,件,,2024-10-26T00:00:00,2,,,,"{""日期"": ""2024-10-26T00:00:00"", ""商品名称及规格"": ""3.2焊条20公斤"", ""单位"": ""件"", ""数量"": 2}"
Sheet1,2087,加工168卡箍接头,加工168卡箍接头,件,,2024-10-26T00:00:00,10,,,,"{""日期"": ""2024-10-26T00:00:00"", ""商品名称及规格"": ""加工168卡箍接头"", ""单位"": ""件"", ""数量"": 10}"
Sheet1,2088,65加厚消防水带,65加厚消防水带,米,,2024-10-27T00:00:00,100,,,,"{""日期"": ""2024-10-27T00:00:00"", ""商品名称及规格"": ""65加厚消防水带"", ""单位"": ""米"", ""数量"": 100}"
Sheet1,2089,DN50常闭气动阀,DN50常闭气动阀,套,,2024-10-27T00:00:00,3,,,,"{""日期"": ""2024-10-27T00:00:00"", ""商品名称及规格"": ""DN50常闭气动阀"", ""单位"": ""套"", ""数量"": 3}"
Sheet1,2090,三角手拉葫芦1T*6米,三角手拉葫芦1T*6米,台,,2024-10-27T00:00:00,2,,,,"{""日期"": ""2024-10-27T00:00:00"", ""商品名称及规格"": ""三角手拉葫芦1T*6米"", ""单位"": ""台"", ""数量"": 2}"
Sheet1,2091,三角手拉葫芦2T*6米,三角手拉葫芦2T*6米,台,,2024-10-27T00:00:00,2,,,,"{""日期"": ""2024-10-27T00:00:00"", ""商品名称及规格"": ""三角手拉葫芦2T*6米"", ""单位"": ""台"", ""数量"": 2}"
Sheet1,2092,1.2药芯焊丝,1.2药芯焊丝,件,,2024-10-27T00:00:00,6,,,,"{""日期"": ""2024-10-27T00:00:00"", ""商品名称及规格"": ""1.2药芯焊丝"", ""单位"": ""件"", ""数量"": 6}"
Sheet1,2093,60*4无缝管,60*4无缝管,根,,2024-10-27T00:00:00,3,,,,"{""日期"": ""2024-10-27T00:00:00"", ""商品名称及规格"": ""60*4无缝管"", ""单位"": ""根"", ""数量"": 3}"
Sheet1,2094,M8*25螺丝,M8*25螺丝,套,,2024-10-27T00:00:00,30,,,,"{""日期"": ""2024-10-27T00:00:00"", ""商品名称及规格"": ""M8*25螺丝"", ""单位"": ""套"", ""数量"": 30}"
Sheet1,2095,9厘麻花钻头,9厘麻花钻头,支,,2024-10-27T00:00:00,5,,,,"{""日期"": ""2024-10-27T00:00:00"", ""商品名称及规格"": ""9厘麻花钻头"", ""单位"": ""支"", ""数量"": 5}"
Sheet1,2096,加工6分水管,加工6分水管,根,,2024-10-27T00:00:00,2,,,,"{""日期"": ""2024-10-27T00:00:00"", ""商品名称及规格"": ""加工6分水管"", ""单位"": ""根"", ""数量"": 2}"
Sheet1,2097,6分直通,6分直通,根,,2024-10-27T00:00:00,3,,,,"{""日期"": ""2024-10-27T00:00:00"", ""商品名称及规格"": ""6分直通"", ""单位"": ""根"", ""数量"": 3}"
Sheet1,2098,公元DN50PPR球阀,公元DN50PPR球阀,个,,2024-10-27T00:00:00,3,,,,"{""日期"": ""2024-10-27T00:00:00"", ""商品名称及规格"": ""公元DN50PPR球阀"", ""单位"": ""个"", ""数量"": 3}"
Sheet1,2099,大块棉布,大块棉布,kg,,2024-10-27T00:00:00,50,,,,"{""日期"": ""2024-10-27T00:00:00"", ""商品名称及规格"": ""大块棉布"", ""单位"": ""kg"", ""数量"": 50}"
Sheet1,2100,TPC1570一体式触摸屏,TPC1570一体式触摸屏,套,,2024-10-27T00:00:00,2,,,,"{""日期"": ""2024-10-27T00:00:00"", ""商品名称及规格"": ""TPC1570一体式触摸屏"", ""单位"": ""套"", ""数量"": 2}"
Sheet1,2101,定做4米加厚铝合金双层加厚,定做4米加厚铝合金双层加厚,只,,2024-10-27T00:00:00,2,,,,"{""日期"": ""2024-10-27T00:00:00"", ""商品名称及规格"": ""定做4米加厚铝合金双层加厚"", ""单位"": ""只"", ""数量"": 2}"
Sheet1,2102,加工89加厚卡箍,加工89加厚卡箍,个,,2024-10-27T00:00:00,10,,,,"{""日期"": ""2024-10-27T00:00:00"", ""商品名称及规格"": ""加工89加厚卡箍"", ""单位"": ""个"", ""数量"": 10}"
Sheet1,2103,加工219加厚卡箍,加工219加厚卡箍,个,,2024-10-27T00:00:00,5,,,,"{""日期"": ""2024-10-27T00:00:00"", ""商品名称及规格"": ""加工219加厚卡箍"", ""单位"": ""个"", ""数量"": 5}"
Sheet1,2104,65*40法兰软连接,65*40法兰软连接,个,,2024-10-27T00:00:00,2,,,,"{""日期"": ""2024-10-27T00:00:00"", ""商品名称及规格"": ""65*40法兰软连接"", ""单位"": ""个"", ""数量"": 2}"
Sheet1,2105,65*50法兰软连接,65*50法兰软连接,个,,2024-10-27T00:00:00,2,,,,"{""日期"": ""2024-10-27T00:00:00"", ""商品名称及规格"": ""65*50法兰软连接"", ""单位"": ""个"", ""数量"": 2}"
Sheet1,2106,公元63 PPR三通,公元63 PPR三通,个,,2024-10-27T00:00:00,3,,,,"{""日期"": ""2024-10-27T00:00:00"", ""商品名称及规格"": ""公元63 PPR三通"", ""单位"": ""个"", ""数量"": 3}"
Sheet1,2107,公元63 PPR直通,公元63 PPR直通,个,,2024-10-27T00:00:00,3,,,,"{""日期"": ""2024-10-27T00:00:00"", ""商品名称及规格"": ""公元63 PPR直通"", ""单位"": ""个"", ""数量"": 3}"
Sheet1,2108,公元63 PPR弯头,公元63 PPR弯头,个,,2024-10-27T00:00:00,3,,,,"{""日期"": ""2024-10-27T00:00:00"", ""商品名称及规格"": ""公元63 PPR弯头"", ""单位"": ""个"", ""数量"": 3}"
Sheet1,2109,公元63 PPR管,公元63 PPR管,米,,2024-10-27T00:00:00,32,,,,"{""日期"": ""2024-10-27T00:00:00"", ""商品名称及规格"": ""公元63 PPR管"", ""单位"": ""米"", ""数量"": 32}"
Sheet1,2110,63快速接头胶垫,63快速接头胶垫,个,,2024-10-27T00:00:00,30,,,,"{""日期"": ""2024-10-27T00:00:00"", ""商品名称及规格"": ""63快速接头胶垫"", ""单位"": ""个"", ""数量"": 30}"
Sheet1,2111,公元63PPR球阀,公元63PPR球阀,个,,2024-10-27T00:00:00,3,,,,"{""日期"": ""2024-10-27T00:00:00"", ""商品名称及规格"": ""公元63PPR球阀"", ""单位"": ""个"", ""数量"": 3}"
Sheet1,2112,油布,油布,平方,,2024-10-29T00:00:00,80,,,,"{""日期"": ""2024-10-29T00:00:00"", ""商品名称及规格"": ""油布"", ""单位"": ""平方"", ""数量"": 80}"
Sheet1,2113,高压油表,高压油表,个,,2024-10-29T00:00:00,4,,,,"{""日期"": ""2024-10-29T00:00:00"", ""商品名称及规格"": ""高压油表"", ""单位"": ""个"", ""数量"": 4}"
Sheet1,2114,50胶垫,50胶垫,个,,2024-10-29T00:00:00,30,,,,"{""日期"": ""2024-10-29T00:00:00"", ""商品名称及规格"": ""50胶垫"", ""单位"": ""个"", ""数量"": 30}"
Sheet1,2115,DN15埃美柯球阀,DN15埃美柯球阀,个,,2024-10-29T00:00:00,1,,,,"{""日期"": ""2024-10-29T00:00:00"", ""商品名称及规格"": ""DN15埃美柯球阀"", ""单位"": ""个"", ""数量"": 1}"
Sheet1,2116,G2/1丝锥,G2/1丝锥,个,,2024-10-29T00:00:00,1,,,,"{""日期"": ""2024-10-29T00:00:00"", ""商品名称及规格"": ""G2/1丝锥"", ""单位"": ""个"", ""数量"": 1}"
Sheet1,2117,3-55断丝取出口,3-55断丝取出口,套,,2024-10-29T00:00:00,1,,,,"{""日期"": ""2024-10-29T00:00:00"", ""商品名称及规格"": ""3-55断丝取出口"", ""单位"": ""套"", ""数量"": 1}"
Sheet1,2118,22钢筋套角,22钢筋套角,个,,2024-10-29T00:00:00,800,,,,"{""日期"": ""2024-10-29T00:00:00"", ""商品名称及规格"": ""22钢筋套角"", ""单位"": ""个"", ""数量"": 800}"
Sheet1,2119,大车转运生活垃圾,大车转运生活垃圾,次,,2024-10-29T00:00:00,1,,,,"{""日期"": ""2024-10-29T00:00:00"", ""商品名称及规格"": ""大车转运生活垃圾"", ""单位"": ""次"", ""数量"": 1}"
Sheet1,2120,布加厚双层手套,布加厚双层手套,双,,2024-10-30T00:00:00,500,,,,"{""日期"": ""2024-10-30T00:00:00"", ""商品名称及规格"": ""布加厚双层手套"", ""单位"": ""双"", ""数量"": 500}"
Sheet1,2121,500A电焊钳,500A电焊钳,把,,2024-10-30T00:00:00,3,,,,"{""日期"": ""2024-10-30T00:00:00"", ""商品名称及规格"": ""500A电焊钳"", ""单位"": ""把"", ""数量"": 3}"
Sheet1,2122,800A电焊钳,800A电焊钳,把,,2024-10-30T00:00:00,3,,,,"{""日期"": ""2024-10-30T00:00:00"", ""商品名称及规格"": ""800A电焊钳"", ""单位"": ""把"", ""数量"": 3}"
Sheet1,2123,1.2药芯焊丝,1.2药芯焊丝,件,,2024-10-30T00:00:00,4,,,,"{""日期"": ""2024-10-30T00:00:00"", ""商品名称及规格"": ""1.2药芯焊丝"", ""单位"": ""件"", ""数量"": 4}"
Sheet1,2124,氧气表,氧气表,个,,2024-10-30T00:00:00,3,,,,"{""日期"": ""2024-10-30T00:00:00"", ""商品名称及规格"": ""氧气表"", ""单位"": ""个"", ""数量"": 3}"
Sheet1,2125,乙炔表,乙炔表,个,,2024-10-30T00:00:00,3,,,,"{""日期"": ""2024-10-30T00:00:00"", ""商品名称及规格"": ""乙炔表"", ""单位"": ""个"", ""数量"": 3}"
Sheet1,2126,二氧化碳表,二氧化碳表,个,,2024-10-30T00:00:00,3,,,,"{""日期"": ""2024-10-30T00:00:00"", ""商品名称及规格"": ""二氧化碳表"", ""单位"": ""个"", ""数量"": 3}"
Sheet1,2127,30米国标红色氧气管,30米国标红色氧气管,卷,,2024-10-30T00:00:00,2,,,,"{""日期"": ""2024-10-30T00:00:00"", ""商品名称及规格"": ""30米国标红色氧气管"", ""单位"": ""卷"", ""数量"": 2}"
Sheet1,2128,30米国标蓝色氧气管,30米国标蓝色氧气管,卷,,2024-10-30T00:00:00,2,,,,"{""日期"": ""2024-10-30T00:00:00"", ""商品名称及规格"": ""30米国标蓝色氧气管"", ""单位"": ""卷"", ""数量"": 2}"
Sheet1,2129,50mm端子排,50mm端子排,个,,2024-10-30T00:00:00,3,,,,"{""日期"": ""2024-10-30T00:00:00"", ""商品名称及规格"": ""50mm端子排"", ""单位"": ""个"", ""数量"": 3}"
Sheet1,2130,加工后配套夹子,加工后配套夹子,个,,2024-10-30T00:00:00,24,,,,"{""日期"": ""2024-10-30T00:00:00"", ""商品名称及规格"": ""加工后配套夹子"", ""单位"": ""个"", ""数量"": 24}"
Sheet1,2131,24*230螺丝,24*230螺丝,个,,2024-10-30T00:00:00,12,,,,"{""日期"": ""2024-10-30T00:00:00"", ""商品名称及规格"": ""24*230螺丝"", ""单位"": ""个"", ""数量"": 12}"
Sheet1,2132,24防松 螺母,24防松 螺母,个,,2024-10-30T00:00:00,12,,,,"{""日期"": ""2024-10-30T00:00:00"", ""商品名称及规格"": ""24防松 螺母"", ""单位"": ""个"", ""数量"": 12}"
Sheet1,2133,24加厚垫片,24加厚垫片,个,,2024-10-30T00:00:00,48,,,,"{""日期"": ""2024-10-30T00:00:00"", ""商品名称及规格"": ""24加厚垫片"", ""单位"": ""个"", ""数量"": 48}"
Sheet1,2134,10m长电浮球阀,10m长电浮球阀,个,,2024-10-30T00:00:00,8,,,,"{""日期"": ""2024-10-30T00:00:00"", ""商品名称及规格"": ""10m长电浮球阀"", ""单位"": ""个"", ""数量"": 8}"
Sheet1,2135,闭门器,闭门器,个,,2024-10-31T00:00:00,2,,,,"{""日期"": ""2024-10-31T00:00:00"", ""商品名称及规格"": ""闭门器"", ""单位"": ""个"", ""数量"": 2}"
Sheet1,2136,二位开关,二位开关,个,,2024-10-31T00:00:00,1,,,,"{""日期"": ""2024-10-31T00:00:00"", ""商品名称及规格"": ""二位开关"", ""单位"": ""个"", ""数量"": 1}"
Sheet1,2137,14*200花篮,14*200花篮,个,,2024-10-31T00:00:00,8,,,,"{""日期"": ""2024-10-31T00:00:00"", ""商品名称及规格"": ""14*200花篮"", ""单位"": ""个"", ""数量"": 8}"
Sheet1,2138,10厘钢丝绳,10厘钢丝绳,米,,2024-10-31T00:00:00,200,,,,"{""日期"": ""2024-10-31T00:00:00"", ""商品名称及规格"": ""10厘钢丝绳"", ""单位"": ""米"", ""数量"": 200}"
Sheet1,2139,10厘卡扣,10厘卡扣,个,,2024-10-31T00:00:00,30,,,,"{""日期"": ""2024-10-31T00:00:00"", ""商品名称及规格"": ""10厘卡扣"", ""单位"": ""个"", ""数量"": 30}"
Sheet1,2140,10厘花篮,10厘花篮,套,,2024-10-31T00:00:00,12,,,,"{""日期"": ""2024-10-31T00:00:00"", ""商品名称及规格"": ""10厘花篮"", ""单位"": ""套"", ""数量"": 12}"
Sheet1,2141,油布加厚,油布加厚,平方,,2024-10-31T00:00:00,316,,,,"{""日期"": ""2024-10-31T00:00:00"", ""商品名称及规格"": ""油布加厚"", ""单位"": ""平方"", ""数量"": 316}"
Sheet1,2142,18尼龙绳,18尼龙绳,米,,2024-10-31T00:00:00,200,,,,"{""日期"": ""2024-10-31T00:00:00"", ""商品名称及规格"": ""18尼龙绳"", ""单位"": ""米"", ""数量"": 200}"
Sheet1,2143,记号笔,记号笔,支,,2024-10-31T00:00:00,20,,,,"{""日期"": ""2024-10-31T00:00:00"", ""商品名称及规格"": ""记号笔"", ""单位"": ""支"", ""数量"": 20}"
Sheet1,2144,5T*6m国标彩色吊带,5T*6m国标彩色吊带,根,,2024-10-31T00:00:00,8,,,,"{""日期"": ""2024-10-31T00:00:00"", ""商品名称及规格"": ""5T*6m国标彩色吊带"", ""单位"": ""根"", ""数量"": 8}"
Sheet1,2145,7500w50米扬程水泵,7500w50米扬程水泵,台,,2024-10-31T00:00:00,2,,,,"{""日期"": ""2024-10-31T00:00:00"", ""商品名称及规格"": ""7500w50米扬程水泵"", ""单位"": ""台"", ""数量"": 2}"
Sheet1,2146,50加厚耐磨水管,50加厚耐磨水管,米,,2024-10-31T00:00:00,100,,,,"{""日期"": ""2024-10-31T00:00:00"", ""商品名称及规格"": ""50加厚耐磨水管"", ""单位"": ""米"", ""数量"": 100}"
Sheet1,2147,50平方接线端子,50平方接线端子,个,,2024-10-31T00:00:00,5,,,,"{""日期"": ""2024-10-31T00:00:00"", ""商品名称及规格"": ""50平方接线端子"", ""单位"": ""个"", ""数量"": 5}"
Sheet1,2148,50铝合金抱箍,50铝合金抱箍,个,,2024-12-01T00:00:00,30,,,,"{""日期"": ""2024-12-01T00:00:00"", ""商品名称及规格"": ""50铝合金抱箍"", ""单位"": ""个"", ""数量"": 30}"
Sheet1,2149,80铝合金抱箍,80铝合金抱箍,个,,2024-12-01T00:00:00,60,,,,"{""日期"": ""2024-12-01T00:00:00"", ""商品名称及规格"": ""80铝合金抱箍"", ""单位"": ""个"", ""数量"": 60}"
Sheet1,2150,80比塔铜头,80比塔铜头,个,,2024-12-01T00:00:00,15,,,,"{""日期"": ""2024-12-01T00:00:00"", ""商品名称及规格"": ""80比塔铜头"", ""单位"": ""个"", ""数量"": 15}"
Sheet1,2151,"18""管钳","18""管钳",支,,2024-12-01T00:00:00,2,,,,"{""日期"": ""2024-12-01T00:00:00"", ""商品名称及规格"": ""18\""管钳"", ""单位"": ""支"", ""数量"": 2}"
Sheet1,2152,"24""管钳","24""管钳",支,,2024-12-01T00:00:00,2,,,,"{""日期"": ""2024-12-01T00:00:00"", ""商品名称及规格"": ""24\""管钳"", ""单位"": ""支"", ""数量"": 2}"
Sheet1,2153,5.5千w污水泵,5.5千w污水泵,台,,2024-12-01T00:00:00,1,,,,"{""日期"": ""2024-12-01T00:00:00"", ""商品名称及规格"": ""5.5千w污水泵"", ""单位"": ""台"", ""数量"": 1}"
Sheet1,2154,100消防水泵,100消防水泵,米,,2024-12-01T00:00:00,100,,,,"{""日期"": ""2024-12-01T00:00:00"", ""商品名称及规格"": ""100消防水泵"", ""单位"": ""米"", ""数量"": 100}"
Sheet1,2155,100管卡,100管卡,个,,2024-12-01T00:00:00,10,,,,"{""日期"": ""2024-12-01T00:00:00"", ""商品名称及规格"": ""100管卡"", ""单位"": ""个"", ""数量"": 10}"
Sheet1,2156,100连接头,100连接头,个,,2024-12-01T00:00:00,5,,,,"{""日期"": ""2024-12-01T00:00:00"", ""商品名称及规格"": ""100连接头"", ""单位"": ""个"", ""数量"": 5}"
Sheet1,2157,65消防水管,65消防水管,米,,2024-12-01T00:00:00,100,,,,"{""日期"": ""2024-12-01T00:00:00"", ""商品名称及规格"": ""65消防水管"", ""单位"": ""米"", ""数量"": 100}"
Sheet1,2158,80消防水带,80消防水带,米,,2024-12-01T00:00:00,100,,,,"{""日期"": ""2024-12-01T00:00:00"", ""商品名称及规格"": ""80消防水带"", ""单位"": ""米"", ""数量"": 100}"
Sheet1,2159,65连接头,65连接头,个,,2024-12-01T00:00:00,5,,,,"{""日期"": ""2024-12-01T00:00:00"", ""商品名称及规格"": ""65连接头"", ""单位"": ""个"", ""数量"": 5}"
Sheet1,2160,80连接头,80连接头,个,,2024-12-01T00:00:00,5,,,,"{""日期"": ""2024-12-01T00:00:00"", ""商品名称及规格"": ""80连接头"", ""单位"": ""个"", ""数量"": 5}"
Sheet1,2161,65管卡,65管卡,个,,2024-12-01T00:00:00,10,,,,"{""日期"": ""2024-12-01T00:00:00"", ""商品名称及规格"": ""65管卡"", ""单位"": ""个"", ""数量"": 10}"
Sheet1,2162,80管卡,80管卡,个,,2024-12-01T00:00:00,10,,,,"{""日期"": ""2024-12-01T00:00:00"", ""商品名称及规格"": ""80管卡"", ""单位"": ""个"", ""数量"": 10}"
Sheet1,2163,5MM厚吸油棉,5MM厚吸油棉,张,,2024-12-01T00:00:00,500,,,,"{""日期"": ""2024-12-01T00:00:00"", ""商品名称及规格"": ""5MM厚吸油棉"", ""单位"": ""张"", ""数量"": 500}"
Sheet1,2164,7.5千w电机,7.5千w电机,台,,2024-12-02T00:00:00,1,,,,"{""日期"": ""2024-12-02T00:00:00"", ""商品名称及规格"": ""7.5千w电机"", ""单位"": ""台"", ""数量"": 1}"
Sheet1,2165,50*6米钢丝绳,50*6米钢丝绳,根,,2024-12-02T00:00:00,1,,,,"{""日期"": ""2024-12-02T00:00:00"", ""商品名称及规格"": ""50*6米钢丝绳"", ""单位"": ""根"", ""数量"": 1}"
Sheet1,2166,1.8米*6米安全网,1.8米*6米安全网,张,,2024-12-03T00:00:00,10,,,,"{""日期"": ""2024-12-03T00:00:00"", ""商品名称及规格"": ""1.8米*6米安全网"", ""单位"": ""张"", ""数量"": 10}"
Sheet1,2167,定做橡胶200*5,定做橡胶200*5,米,,2024-12-03T00:00:00,50,,,,"{""日期"": ""2024-12-03T00:00:00"", ""商品名称及规格"": ""定做橡胶200*5"", ""单位"": ""米"", ""数量"": 50}"
Sheet1,2168,水泥钉,水泥钉,盒,,2024-12-03T00:00:00,2,,,,"{""日期"": ""2024-12-03T00:00:00"", ""商品名称及规格"": ""水泥钉"", ""单位"": ""盒"", ""数量"": 2}"
Sheet1,2169,25平方起帆电线,25平方起帆电线,米,,2024-12-04T00:00:00,200,,,,"{""日期"": ""2024-12-04T00:00:00"", ""商品名称及规格"": ""25平方起帆电线"", ""单位"": ""米"", ""数量"": 200}"
Sheet1,2170,开关,开关,个,,2024-12-04T00:00:00,1,,,,"{""日期"": ""2024-12-04T00:00:00"", ""商品名称及规格"": ""开关"", ""单位"": ""个"", ""数量"": 1}"
Sheet1,2171,线槽,线槽,根,,2024-12-04T00:00:00,15,,,,"{""日期"": ""2024-12-04T00:00:00"", ""商品名称及规格"": ""线槽"", ""单位"": ""根"", ""数量"": 15}"
Sheet1,2172,吊灯头,吊灯头,个,,2024-12-04T00:00:00,5,,,,"{""日期"": ""2024-12-04T00:00:00"", ""商品名称及规格"": ""吊灯头"", ""单位"": ""个"", ""数量"": 5}"
Sheet1,2173,水泥钉,水泥钉,盒,,2024-12-04T00:00:00,2,,,,"{""日期"": ""2024-12-04T00:00:00"", ""商品名称及规格"": ""水泥钉"", ""单位"": ""盒"", ""数量"": 2}"
Sheet1,2174,线卡,线卡,盒,,2024-12-04T00:00:00,2,,,,"{""日期"": ""2024-12-04T00:00:00"", ""商品名称及规格"": ""线卡"", ""单位"": ""盒"", ""数量"": 2}"
Sheet1,2175,50wLED灯泡,50wLED灯泡,个,,2024-12-04T00:00:00,2,,,,"{""日期"": ""2024-12-04T00:00:00"", ""商品名称及规格"": ""50wLED灯泡"", ""单位"": ""个"", ""数量"": 2}"
Sheet1,2176,4寸胶接头,4寸胶接头,套,,2024-12-04T00:00:00,8,,,,"{""日期"": ""2024-12-04T00:00:00"", ""商品名称及规格"": ""4寸胶接头"", ""单位"": ""套"", ""数量"": 8}"
Sheet1,2177,6.4pa安全阀,6.4pa安全阀,个,,2024-12-04T00:00:00,8,,,,"{""日期"": ""2024-12-04T00:00:00"", ""商品名称及规格"": ""6.4pa安全阀"", ""单位"": ""个"", ""数量"": 8}"
Sheet1,2178,大竹扫把,大竹扫把,个,,2024-12-04T00:00:00,3,,,,"{""日期"": ""2024-12-04T00:00:00"", ""商品名称及规格"": ""大竹扫把"", ""单位"": ""个"", ""数量"": 3}"
Sheet1,2179,铁锹柄,铁锹柄,支,,2024-12-05T00:00:00,3,,,,"{""日期"": ""2024-12-05T00:00:00"", ""商品名称及规格"": ""铁锹柄"", ""单位"": ""支"", ""数量"": 3}"
Sheet1,2180,加厚连体裤,加厚连体裤,套,,2024-12-05T00:00:00,6,,,,"{""日期"": ""2024-12-05T00:00:00"", ""商品名称及规格"": ""加厚连体裤"", ""单位"": ""套"", ""数量"": 6}"
Sheet1,2181,3.2焊条,3.2焊条,件,,2024-12-05T00:00:00,10,,,,"{""日期"": ""2024-12-05T00:00:00"", ""商品名称及规格"": ""3.2焊条"", ""单位"": ""件"", ""数量"": 10}"
Sheet1,2182,8寸水泵钳,8寸水泵钳,支,,2024-12-05T00:00:00,2,,,,"{""日期"": ""2024-12-05T00:00:00"", ""商品名称及规格"": ""8寸水泵钳"", ""单位"": ""支"", ""数量"": 2}"
Sheet1,2183,10寸水泵钳,10寸水泵钳,支,,2024-12-05T00:00:00,2,,,,"{""日期"": ""2024-12-05T00:00:00"", ""商品名称及规格"": ""10寸水泵钳"", ""单位"": ""支"", ""数量"": 2}"
Sheet1,2184,沟槽阀150卡式消防阀,沟槽阀150卡式消防阀,个,,2024-12-05T00:00:00,2,,,,"{""日期"": ""2024-12-05T00:00:00"", ""商品名称及规格"": ""沟槽阀150卡式消防阀"", ""单位"": ""个"", ""数量"": 2}"
Sheet1,2185,400切割机防护罩,400切割机防护罩,个,,2024-12-05T00:00:00,1,,,,"{""日期"": ""2024-12-05T00:00:00"", ""商品名称及规格"": ""400切割机防护罩"", ""单位"": ""个"", ""数量"": 1}"
Sheet1,2186,3kw轨道泵,3kw轨道泵,个,,2024-12-05T00:00:00,2,,,,"{""日期"": ""2024-12-05T00:00:00"", ""商品名称及规格"": ""3kw轨道泵"", ""单位"": ""个"", ""数量"": 2}"
Sheet1,2187,定做60*2.5米无缝钢丝绳,定做60*2.5米无缝钢丝绳,条,,2024-12-05T00:00:00,4,,,,"{""日期"": ""2024-12-05T00:00:00"", ""商品名称及规格"": ""定做60*2.5米无缝钢丝绳"", ""单位"": ""条"", ""数量"": 4}"
Sheet1,2188,优质二氧化碳表,优质二氧化碳表,桶,,2024-12-06T00:00:00,5,,,,"{""日期"": ""2024-12-06T00:00:00"", ""商品名称及规格"": ""优质二氧化碳表"", ""单位"": ""桶"", ""数量"": 5}"
Sheet1,2189,铁丝,铁丝,KG,,2024-12-06T00:00:00,50,,,,"{""日期"": ""2024-12-06T00:00:00"", ""商品名称及规格"": ""铁丝"", ""单位"": ""KG"", ""数量"": 50}"
Sheet1,2190,大块白抹布,大块白抹布,KG,,2024-12-06T00:00:00,50,,,,"{""日期"": ""2024-12-06T00:00:00"", ""商品名称及规格"": ""大块白抹布"", ""单位"": ""KG"", ""数量"": 50}"
Sheet1,2191,二保电焊机维修,二保电焊机维修,台,,2024-12-06T00:00:00,2,,,,"{""日期"": ""2024-12-06T00:00:00"", ""商品名称及规格"": ""二保电焊机维修"", ""单位"": ""台"", ""数量"": 2}"
Sheet1,2192,30背胶革皮,30背胶革皮,平方,,2024-12-06T00:00:00,150,,,,"{""日期"": ""2024-12-06T00:00:00"", ""商品名称及规格"": ""30背胶革皮"", ""单位"": ""平方"", ""数量"": 150}"
Sheet1,2193,3寸抱箍加工,3寸抱箍加工,个,,2024-12-06T00:00:00,20,,,,"{""日期"": ""2024-12-06T00:00:00"", ""商品名称及规格"": ""3寸抱箍加工"", ""单位"": ""个"", ""数量"": 20}"
Sheet1,2194,2寸抱箍加工,2寸抱箍加工,个,,2024-12-06T00:00:00,20,,,,"{""日期"": ""2024-12-06T00:00:00"", ""商品名称及规格"": ""2寸抱箍加工"", ""单位"": ""个"", ""数量"": 20}"
Sheet1,2195,4T卸扣,4T卸扣,个,,2024-12-06T00:00:00,10,,,,"{""日期"": ""2024-12-06T00:00:00"", ""商品名称及规格"": ""4T卸扣"", ""单位"": ""个"", ""数量"": 10}"
Sheet1,2196,6T卸扣,6T卸扣,个,,2024-12-06T00:00:00,10,,,,"{""日期"": ""2024-12-06T00:00:00"", ""商品名称及规格"": ""6T卸扣"", ""单位"": ""个"", ""数量"": 10}"
Sheet1,2197,8T卸扣,8T卸扣,个,,2024-12-06T00:00:00,10,,,,"{""日期"": ""2024-12-06T00:00:00"", ""商品名称及规格"": ""8T卸扣"", ""单位"": ""个"", ""数量"": 10}"
Sheet1,2198,10T卸扣,10T卸扣,个,,2024-12-06T00:00:00,10,,,,"{""日期"": ""2024-12-06T00:00:00"", ""商品名称及规格"": ""10T卸扣"", ""单位"": ""个"", ""数量"": 10}"
Sheet1,2199,12T卸扣,12T卸扣,个,,2024-12-06T00:00:00,10,,,,"{""日期"": ""2024-12-06T00:00:00"", ""商品名称及规格"": ""12T卸扣"", ""单位"": ""个"", ""数量"": 10}"
Sheet1,2200,木屑,木屑,斤,,2024-12-07T00:00:00,5000,,,,"{""日期"": ""2024-12-07T00:00:00"", ""商品名称及规格"": ""木屑"", ""单位"": ""斤"", ""数量"": 5000}"
Sheet1,2201,25A三相四插头,25A三相四插头,个,,2024-12-07T00:00:00,10,,,,"{""日期"": ""2024-12-07T00:00:00"", ""商品名称及规格"": ""25A三相四插头"", ""单位"": ""个"", ""数量"": 10}"
Sheet1,2202,潜水泵维修,潜水泵维修,次,,2024-12-07T00:00:00,1,,,,"{""日期"": ""2024-12-07T00:00:00"", ""商品名称及规格"": ""潜水泵维修"", ""单位"": ""次"", ""数量"": 1}"
Sheet1,2203,大五坑尖凿,大五坑尖凿,支,,2024-12-07T00:00:00,3,,,,"{""日期"": ""2024-12-07T00:00:00"", ""商品名称及规格"": ""大五坑尖凿"", ""单位"": ""支"", ""数量"": 3}"
Sheet1,2204,3*4+1起凡电缆线,3*4+1起凡电缆线,米,,2024-12-08T00:00:00,100,,,,"{""日期"": ""2024-12-08T00:00:00"", ""商品名称及规格"": ""3*4+1起凡电缆线"", ""单位"": ""米"", ""数量"": 100}"
Sheet1,2205,3*1.5+1起凡电缆线,3*1.5+1起凡电缆线,米,,2024-12-08T00:00:00,100,,,,"{""日期"": ""2024-12-08T00:00:00"", ""商品名称及规格"": ""3*1.5+1起凡电缆线"", ""单位"": ""米"", ""数量"": 100}"
Sheet1,2206,20波纹管,20波纹管,米,,2024-12-08T00:00:00,50,,,,"{""日期"": ""2024-12-08T00:00:00"", ""商品名称及规格"": ""20波纹管"", ""单位"": ""米"", ""数量"": 50}"
Sheet1,2207,3.5钨钢钻头,3.5钨钢钻头,支,,2024-12-08T00:00:00,5,,,,"{""日期"": ""2024-12-08T00:00:00"", ""商品名称及规格"": ""3.5钨钢钻头"", ""单位"": ""支"", ""数量"": 5}"
Sheet1,2208,3.0钨钢钻头,3.0钨钢钻头,支,,2024-12-08T00:00:00,5,,,,"{""日期"": ""2024-12-08T00:00:00"", ""商品名称及规格"": ""3.0钨钢钻头"", ""单位"": ""支"", ""数量"": 5}"
Sheet1,2209,2寸鼓风机滤芯,2寸鼓风机滤芯,个,,2024-12-08T00:00:00,2,,,,"{""日期"": ""2024-12-08T00:00:00"", ""商品名称及规格"": ""2寸鼓风机滤芯"", ""单位"": ""个"", ""数量"": 2}"
Sheet1,2210,DN50*16KG法兰,DN50*16KG法兰,个,,2024-12-08T00:00:00,10,,,,"{""日期"": ""2024-12-08T00:00:00"", ""商品名称及规格"": ""DN50*16KG法兰"", ""单位"": ""个"", ""数量"": 10}"
Sheet1,2211,DN65*16KG法兰,DN65*16KG法兰,个,,2024-12-08T00:00:00,5,,,,"{""日期"": ""2024-12-08T00:00:00"", ""商品名称及规格"": ""DN65*16KG法兰"", ""单位"": ""个"", ""数量"": 5}"
Sheet1,2212,100CM将军帽,100CM将军帽,个,,2024-12-10T00:00:00,120,,,,"{""日期"": ""2024-12-10T00:00:00"", ""商品名称及规格"": ""100CM将军帽"", ""单位"": ""个"", ""数量"": 120}"
Sheet1,2213,2米伸缩杆,2米伸缩杆,个,,2024-12-10T00:00:00,70,,,,"{""日期"": ""2024-12-10T00:00:00"", ""商品名称及规格"": ""2米伸缩杆"", ""单位"": ""个"", ""数量"": 70}"
Sheet1,2214,3寸不锈钢合页,3寸不锈钢合页,付,,2024-12-10T00:00:00,10,,,,"{""日期"": ""2024-12-10T00:00:00"", ""商品名称及规格"": ""3寸不锈钢合页"", ""单位"": ""付"", ""数量"": 10}"
Sheet1,2215,定做19*420公斤高压油管,定做19*420公斤高压油管,根,,2024-12-10T00:00:00,2,,,,"{""日期"": ""2024-12-10T00:00:00"", ""商品名称及规格"": ""定做19*420公斤高压油管"", ""单位"": ""根"", ""数量"": 2}"
Sheet1,2216,通开铜挂锁,通开铜挂锁,个,,2024-12-10T00:00:00,20,,,,"{""日期"": ""2024-12-10T00:00:00"", ""商品名称及规格"": ""通开铜挂锁"", ""单位"": ""个"", ""数量"": 20}"
Sheet1,2217,记号笔,记号笔,个,,2024-12-10T00:00:00,10,,,,"{""日期"": ""2024-12-10T00:00:00"", ""商品名称及规格"": ""记号笔"", ""单位"": ""个"", ""数量"": 10}"
Sheet1,2218,5L量杯,5L量杯,个,,2024-12-10T00:00:00,1,,,,"{""日期"": ""2024-12-10T00:00:00"", ""商品名称及规格"": ""5L量杯"", ""单位"": ""个"", ""数量"": 1}"
Sheet1,2219,定做50*4米钢丝绳,定做50*4米钢丝绳,根,,2024-12-10T00:00:00,4,,,,"{""日期"": ""2024-12-10T00:00:00"", ""商品名称及规格"": ""定做50*4米钢丝绳"", ""单位"": ""根"", ""数量"": 4}"
Sheet1,2220,进口5KG钢丝绳专用剂,进口5KG钢丝绳专用剂,桶,,2024-12-11T00:00:00,6,,,,"{""日期"": ""2024-12-11T00:00:00"", ""商品名称及规格"": ""进口5KG钢丝绳专用剂"", ""单位"": ""桶"", ""数量"": 6}"
Sheet1,2221,喷壶,喷壶,个,,2024-12-11T00:00:00,2,,,,"{""日期"": ""2024-12-11T00:00:00"", ""商品名称及规格"": ""喷壶"", ""单位"": ""个"", ""数量"": 2}"
Sheet1,2222,17TU型国标卸扣,17TU型国标卸扣,个,,2024-12-11T00:00:00,4,,,,"{""日期"": ""2024-12-11T00:00:00"", ""商品名称及规格"": ""17TU型国标卸扣"", ""单位"": ""个"", ""数量"": 4}"
Sheet1,2223,15T蝴蝶扣,15T蝴蝶扣,个,,2024-12-11T00:00:00,6,,,,"{""日期"": ""2024-12-11T00:00:00"", ""商品名称及规格"": ""15T蝴蝶扣"", ""单位"": ""个"", ""数量"": 6}"
Sheet1,2224,15T铁链,15T铁链,米,,2024-12-11T00:00:00,5,,,,"{""日期"": ""2024-12-11T00:00:00"", ""商品名称及规格"": ""15T铁链"", ""单位"": ""米"", ""数量"": 5}"
Sheet1,2225,DN200不锈钢骑马卡,DN200不锈钢骑马卡,个,,2024-12-13T00:00:00,40,,,,"{""日期"": ""2024-12-13T00:00:00"", ""商品名称及规格"": ""DN200不锈钢骑马卡"", ""单位"": ""个"", ""数量"": 40}"
Sheet1,2226,10*60膨胀螺丝,10*60膨胀螺丝,个,,2024-12-13T00:00:00,80,,,,"{""日期"": ""2024-12-13T00:00:00"", ""商品名称及规格"": ""10*60膨胀螺丝"", ""单位"": ""个"", ""数量"": 80}"
Sheet1,2227,大块白抹布,大块白抹布,公斤,,2024-12-13T00:00:00,50,,,,"{""日期"": ""2024-12-13T00:00:00"", ""商品名称及规格"": ""大块白抹布"", ""单位"": ""公斤"", ""数量"": 50}"
Sheet1,2228,得力美工刀,得力美工刀,个,,2024-12-13T00:00:00,10,,,,"{""日期"": ""2024-12-13T00:00:00"", ""商品名称及规格"": ""得力美工刀"", ""单位"": ""个"", ""数量"": 10}"
Sheet1,2229,得力刀片,得力刀片,合,,2024-12-13T00:00:00,20,,,,"{""日期"": ""2024-12-13T00:00:00"", ""商品名称及规格"": ""得力刀片"", ""单位"": ""合"", ""数量"": 20}"
Sheet1,2230,注浆针头,注浆针头,个,,2024-12-14T00:00:00,100,,,,"{""日期"": ""2024-12-14T00:00:00"", ""商品名称及规格"": ""注浆针头"", ""单位"": ""个"", ""数量"": 100}"
Sheet1,2231,注浆牛头,注浆牛头,个,,2024-12-14T00:00:00,10,,,,"{""日期"": ""2024-12-14T00:00:00"", ""商品名称及规格"": ""注浆牛头"", ""单位"": ""个"", ""数量"": 10}"
Sheet1,2232,水性聚氨酯,水性聚氨酯,公斤,,2024-12-14T00:00:00,20,,,,"{""日期"": ""2024-12-14T00:00:00"", ""商品名称及规格"": ""水性聚氨酯"", ""单位"": ""公斤"", ""数量"": 20}"
Sheet1,2233,油性聚氨酯,油性聚氨酯,公斤,,2024-12-14T00:00:00,20,,,,"{""日期"": ""2024-12-14T00:00:00"", ""商品名称及规格"": ""油性聚氨酯"", ""单位"": ""公斤"", ""数量"": 20}"
Sheet1,2234,双快水泥,双快水泥,包,,2024-12-14T00:00:00,5,,,,"{""日期"": ""2024-12-14T00:00:00"", ""商品名称及规格"": ""双快水泥"", ""单位"": ""包"", ""数量"": 5}"
Sheet1,2235,发泡剂,发泡剂,个,,2024-12-14T00:00:00,24,,,,"{""日期"": ""2024-12-14T00:00:00"", ""商品名称及规格"": ""发泡剂"", ""单位"": ""个"", ""数量"": 24}"
Sheet1,2236,发泡剂枪,发泡剂枪,个,,2024-12-14T00:00:00,1,,,,"{""日期"": ""2024-12-14T00:00:00"", ""商品名称及规格"": ""发泡剂枪"", ""单位"": ""个"", ""数量"": 1}"
Sheet1,2237,注浆枪头,注浆枪头,个,,2024-12-14T00:00:00,1,,,,"{""日期"": ""2024-12-14T00:00:00"", ""商品名称及规格"": ""注浆枪头"", ""单位"": ""个"", ""数量"": 1}"
Sheet1,2238,送检22钢筋接头,送检22钢筋接头,个,,2024-12-14T00:00:00,40,,,,"{""日期"": ""2024-12-14T00:00:00"", ""商品名称及规格"": ""送检22钢筋接头"", ""单位"": ""个"", ""数量"": 40}"
Sheet1,2239,590*150空气能枫叶,590*150空气能枫叶,个,,2024-12-19T00:00:00,2,,,,"{""日期"": ""2024-12-19T00:00:00"", ""商品名称及规格"": ""590*150空气能枫叶"", ""单位"": ""个"", ""数量"": 2}"
Sheet1,2240,清洗机专用油,清洗机专用油,个,,2024-12-19T00:00:00,2,,,,"{""日期"": ""2024-12-19T00:00:00"", ""商品名称及规格"": ""清洗机专用油"", ""单位"": ""个"", ""数量"": 2}"
Sheet1,2241,加厚塑料凳,加厚塑料凳,个,,2024-12-19T00:00:00,5,,,,"{""日期"": ""2024-12-19T00:00:00"", ""商品名称及规格"": ""加厚塑料凳"", ""单位"": ""个"", ""数量"": 5}"
Sheet1,2242,600KG一体梯凳,600KG一体梯凳,个,,2024-12-19T00:00:00,2,,,,"{""日期"": ""2024-12-19T00:00:00"", ""商品名称及规格"": ""600KG一体梯凳"", ""单位"": ""个"", ""数量"": 2}"
Sheet1,2243,PC425水泥,PC425水泥,包,,2024-12-25T00:00:00,10,,,,"{""日期"": ""2024-12-25T00:00:00"", ""商品名称及规格"": ""PC425水泥"", ""单位"": ""包"", ""数量"": 10}"
Sheet1,2244,25MM高压清洗剂滤网,25MM高压清洗剂滤网,个,,2024-12-25T00:00:00,2,,,,"{""日期"": ""2024-12-25T00:00:00"", ""商品名称及规格"": ""25MM高压清洗剂滤网"", ""单位"": ""个"", ""数量"": 2}"
Sheet1,2245,C型不锈钢滑槽,C型不锈钢滑槽,米,,2024-12-25T00:00:00,15,,,,"{""日期"": ""2024-12-25T00:00:00"", ""商品名称及规格"": ""C型不锈钢滑槽"", ""单位"": ""米"", ""数量"": 15}"
Sheet1,2246,克虏伯油脂NB52,克虏伯油脂NB52,公斤,,2024-12-25T00:00:00,1,,,,"{""日期"": ""2024-12-25T00:00:00"", ""商品名称及规格"": ""克虏伯油脂NB52"", ""单位"": ""公斤"", ""数量"": 1}"
Sheet1,2247,28%PAC污水处理剂,28%PAC污水处理剂,吨,,2024-12-26T00:00:00,3,,,,"{""日期"": ""2024-12-26T00:00:00"", ""商品名称及规格"": ""28%PAC污水处理剂"", ""单位"": ""吨"", ""数量"": 3}"
Sheet1,2248,进口SKF-2315轴承,进口SKF-2315轴承,个,,2024-12-27T00:00:00,4,,,,"{""日期"": ""2024-12-27T00:00:00"", ""商品名称及规格"": ""进口SKF-2315轴承"", ""单位"": ""个"", ""数量"": 4}"
Sheet1,2249,13寸卡簧,13寸卡簧,个,,2024-12-27T00:00:00,4,,,,"{""日期"": ""2024-12-27T00:00:00"", ""商品名称及规格"": ""13寸卡簧"", ""单位"": ""个"", ""数量"": 4}"
Sheet1,2250,加厚布手套,加厚布手套,双,,2024-12-27T00:00:00,500,,,,"{""日期"": ""2024-12-27T00:00:00"", ""商品名称及规格"": ""加厚布手套"", ""单位"": ""双"", ""数量"": 500}"
Sheet1,2251,60L注射器,60L注射器,套,,2024-12-27T00:00:00,5,,,,"{""日期"": ""2024-12-27T00:00:00"", ""商品名称及规格"": ""60L注射器"", ""单位"": ""套"", ""数量"": 5}"
Sheet1,2252,3000L量杯,3000L量杯,个,,2024-12-27T00:00:00,4,,,,"{""日期"": ""2024-12-27T00:00:00"", ""商品名称及规格"": ""3000L量杯"", ""单位"": ""个"", ""数量"": 4}"
Sheet1,2253,DN150刀阀,DN150刀阀,个,,2024-12-27T00:00:00,2,,,,"{""日期"": ""2024-12-27T00:00:00"", ""商品名称及规格"": ""DN150刀阀"", ""单位"": ""个"", ""数量"": 2}"
Sheet1,2254,14*70膨胀螺丝,14*70膨胀螺丝,个,,2024-12-27T00:00:00,100,,,,"{""日期"": ""2024-12-27T00:00:00"", ""商品名称及规格"": ""14*70膨胀螺丝"", ""单位"": ""个"", ""数量"": 100}"
Sheet1,2255,17套筒,17套筒,个,,2024-12-27T00:00:00,5,,,,"{""日期"": ""2024-12-27T00:00:00"", ""商品名称及规格"": ""17套筒"", ""单位"": ""个"", ""数量"": 5}"
Sheet1,2256,7.5千瓦污水泵电机维修,7.5千瓦污水泵电机维修,台,,2024-12-29T00:00:00,3,,,,"{""日期"": ""2024-12-29T00:00:00"", ""商品名称及规格"": ""7.5千瓦污水泵电机维修"", ""单位"": ""台"", ""数量"": 3}"
Sheet1,2257,3*6+2*4起帆电缆,3*6+2*4起帆电缆,米,,2024-12-29T00:00:00,200,,,,"{""日期"": ""2024-12-29T00:00:00"", ""商品名称及规格"": ""3*6+2*4起帆电缆"", ""单位"": ""米"", ""数量"": 200}"
Sheet1,2258,3*4+2*2.5起帆电缆,3*4+2*2.5起帆电缆,米,,2024-12-29T00:00:00,200,,,,"{""日期"": ""2024-12-29T00:00:00"", ""商品名称及规格"": ""3*4+2*2.5起帆电缆"", ""单位"": ""米"", ""数量"": 200}"
Sheet1,2259,2000毫升量杯,2000毫升量杯,个,,2024-12-31T00:00:00,2,,,,"{""日期"": ""2024-12-31T00:00:00"", ""商品名称及规格"": ""2000毫升量杯"", ""单位"": ""个"", ""数量"": 2}"
Sheet1,2260,水箱,水箱,套,,2024-12-31T00:00:00,1,,,,"{""日期"": ""2024-12-31T00:00:00"", ""商品名称及规格"": ""水箱"", ""单位"": ""套"", ""数量"": 1}"
Sheet1,2261,热水器开关,热水器开关,个,,2024-12-31T00:00:00,1,,,,"{""日期"": ""2024-12-31T00:00:00"", ""商品名称及规格"": ""热水器开关"", ""单位"": ""个"", ""数量"": 1}"
Sheet1,2262,小便器感应器,小便器感应器,套,,2024-12-31T00:00:00,1,,,,"{""日期"": ""2024-12-31T00:00:00"", ""商品名称及规格"": ""小便器感应器"", ""单位"": ""套"", ""数量"": 1}"
Sheet1,2264,启动按钮指示灯,启动按钮指示灯,套,,2025-01-01T00:00:00,3,,,,"{""日期"": ""2025-01-01T00:00:00"", ""商品名称及规格"": ""启动按钮指示灯"", ""单位"": ""套"", ""数量"": 3}"
Sheet1,2265,急停按钮,急停按钮,套,,2025-01-01T00:00:00,3,,,,"{""日期"": ""2025-01-01T00:00:00"", ""商品名称及规格"": ""急停按钮"", ""单位"": ""套"", ""数量"": 3}"
Sheet1,2266,闪光蜂鸣器,闪光蜂鸣器,套,,2025-01-01T00:00:00,3,,,,"{""日期"": ""2025-01-01T00:00:00"", ""商品名称及规格"": ""闪光蜂鸣器"", ""单位"": ""套"", ""数量"": 3}"
Sheet1,2267,大块棉布,大块棉布,KG,,2025-01-01T00:00:00,50,,,,"{""日期"": ""2025-01-01T00:00:00"", ""商品名称及规格"": ""大块棉布"", ""单位"": ""KG"", ""数量"": 50}"
Sheet1,2268,胶手套,胶手套,双,,2025-01-01T00:00:00,4,,,,"{""日期"": ""2025-01-01T00:00:00"", ""商品名称及规格"": ""胶手套"", ""单位"": ""双"", ""数量"": 4}"
Sheet1,2269,50加厚铜头,50加厚铜头,个,,2025-01-03T00:00:00,20,,,,"{""日期"": ""2025-01-03T00:00:00"", ""商品名称及规格"": ""50加厚铜头"", ""单位"": ""个"", ""数量"": 20}"
Sheet1,2270,80加厚铜头,80加厚铜头,个,,2025-01-03T00:00:00,20,,,,"{""日期"": ""2025-01-03T00:00:00"", ""商品名称及规格"": ""80加厚铜头"", ""单位"": ""个"", ""数量"": 20}"
Sheet1,2271,50加厚铝合金扣,50加厚铝合金扣,个,,2025-01-03T00:00:00,20,,,,"{""日期"": ""2025-01-03T00:00:00"", ""商品名称及规格"": ""50加厚铝合金扣"", ""单位"": ""个"", ""数量"": 20}"
Sheet1,2272,80加厚铝合金扣,80加厚铝合金扣,个,,2025-01-03T00:00:00,20,,,,"{""日期"": ""2025-01-03T00:00:00"", ""商品名称及规格"": ""80加厚铝合金扣"", ""单位"": ""个"", ""数量"": 20}"
Sheet1,2273,大竹扫把,大竹扫把,个,,2025-01-03T00:00:00,4,,,,"{""日期"": ""2025-01-03T00:00:00"", ""商品名称及规格"": ""大竹扫把"", ""单位"": ""个"", ""数量"": 4}"
Sheet1,2274,垃圾袋,垃圾袋,个,,2025-01-03T00:00:00,600,,,,"{""日期"": ""2025-01-03T00:00:00"", ""商品名称及规格"": ""垃圾袋"", ""单位"": ""个"", ""数量"": 600}"
Sheet1,2275,95水泥砖,95水泥砖,个,,2025-01-03T00:00:00,400,,,,"{""日期"": ""2025-01-03T00:00:00"", ""商品名称及规格"": ""95水泥砖"", ""单位"": ""个"", ""数量"": 400}"
Sheet1,2276,水泥,水泥,包,,2025-01-03T00:00:00,60,,,,"{""日期"": ""2025-01-03T00:00:00"", ""商品名称及规格"": ""水泥"", ""单位"": ""包"", ""数量"": 60}"
Sheet1,2277,8MM接口胶网,8MM接口胶网,个,,2025-01-03T00:00:00,1,,,,"{""日期"": ""2025-01-03T00:00:00"", ""商品名称及规格"": ""8MM接口胶网"", ""单位"": ""个"", ""数量"": 1}"
Sheet1,2278,8*300扎带,8*300扎带,个,,2025-01-03T00:00:00,5,,,,"{""日期"": ""2025-01-03T00:00:00"", ""商品名称及规格"": ""8*300扎带"", ""单位"": ""个"", ""数量"": 5}"
Sheet1,2279,2升喷壶,2升喷壶,个,,2025-01-03T00:00:00,2,,,,"{""日期"": ""2025-01-03T00:00:00"", ""商品名称及规格"": ""2升喷壶"", ""单位"": ""个"", ""数量"": 2}"
Sheet1,2280,500铁扎丝,500铁扎丝,卷,,2025-01-03T00:00:00,10,,,,"{""日期"": ""2025-01-03T00:00:00"", ""商品名称及规格"": ""500铁扎丝"", ""单位"": ""卷"", ""数量"": 10}"
Sheet1,2281,10*500扎带,10*500扎带,包,,2025-01-05T00:00:00,10,,,,"{""日期"": ""2025-01-05T00:00:00"", ""商品名称及规格"": ""10*500扎带"", ""单位"": ""包"", ""数量"": 10}"
Sheet1,2282,铁丝,铁丝,公斤,,2025-01-05T00:00:00,75,,,,"{""日期"": ""2025-01-05T00:00:00"", ""商品名称及规格"": ""铁丝"", ""单位"": ""公斤"", ""数量"": 75}"
Sheet1,2283,高压清洗喷枪,高压清洗喷枪,把,,2025-01-05T00:00:00,3,,,,"{""日期"": ""2025-01-05T00:00:00"", ""商品名称及规格"": ""高压清洗喷枪"", ""单位"": ""把"", ""数量"": 3}"
Sheet1,2284,80*65镀锌补心,80*65镀锌补心,个,,2025-01-05T00:00:00,10,,,,"{""日期"": ""2025-01-05T00:00:00"", ""商品名称及规格"": ""80*65镀锌补心"", ""单位"": ""个"", ""数量"": 10}"
Sheet1,2285,垃圾袋,垃圾袋,个,,2025-01-05T00:00:00,200,,,,"{""日期"": ""2025-01-05T00:00:00"", ""商品名称及规格"": ""垃圾袋"", ""单位"": ""个"", ""数量"": 200}"
Sheet1,2286,28%PAC污水处理剂,28%PAC污水处理剂,吨,,2025-01-05T00:00:00,6,,,,"{""日期"": ""2025-01-05T00:00:00"", ""商品名称及规格"": ""28%PAC污水处理剂"", ""单位"": ""吨"", ""数量"": 6}"
Sheet1,2287,进口振动电机整套,进口振动电机整套,套,,2025-01-05T00:00:00,2,,,,"{""日期"": ""2025-01-05T00:00:00"", ""商品名称及规格"": ""进口振动电机整套"", ""单位"": ""套"", ""数量"": 2}"
Sheet1,2288,代付胡光国,代付胡光国,1,,2025-01-05T00:00:00,575,,,,"{""日期"": ""2025-01-05T00:00:00"", ""商品名称及规格"": ""代付胡光国"", ""单位"": 1, ""数量"": 575}"
Sheet1,2289,代付垃圾清理费,代付垃圾清理费,1,,2025-01-05T00:00:00,11900,,,,"{""日期"": ""2025-01-05T00:00:00"", ""商品名称及规格"": ""代付垃圾清理费"", ""单位"": 1, ""数量"": 11900}"
Sheet1,2290,泥浆比重计,泥浆比重计,套,,2025-01-05T00:00:00,1,,,,"{""日期"": ""2025-01-05T00:00:00"", ""商品名称及规格"": ""泥浆比重计"", ""单位"": ""套"", ""数量"": 1}"
Sheet1,2291,100高压胶管,100高压胶管,米,,2025-01-05T00:00:00,40,,,,"{""日期"": ""2025-01-05T00:00:00"", ""商品名称及规格"": ""100高压胶管"", ""单位"": ""米"", ""数量"": 40}"
Sheet1,2292,100高压接头,100高压接头,个,,2025-01-05T00:00:00,5,,,,"{""日期"": ""2025-01-05T00:00:00"", ""商品名称及规格"": ""100高压接头"", ""单位"": ""个"", ""数量"": 5}"
Sheet1,2293,100加厚铝合金扣,100加厚铝合金扣,个,,2025-01-05T00:00:00,20,,,,"{""日期"": ""2025-01-05T00:00:00"", ""商品名称及规格"": ""100加厚铝合金扣"", ""单位"": ""个"", ""数量"": 20}"
Sheet1,2294,100加厚铜头,100加厚铜头,个,,2025-01-05T00:00:00,20,,,,"{""日期"": ""2025-01-05T00:00:00"", ""商品名称及规格"": ""100加厚铜头"", ""单位"": ""个"", ""数量"": 20}"
Sheet1,2295,M30*100/12.9级螺丝,M30*100/12.9级螺丝,个,,2025-01-07T00:00:00,16,,,,"{""日期"": ""2025-01-07T00:00:00"", ""商品名称及规格"": ""M30*100/12.9级螺丝"", ""单位"": ""个"", ""数量"": 16}"
Sheet1,2296,30螺母,30螺母,个,,2025-01-07T00:00:00,16,,,,"{""日期"": ""2025-01-07T00:00:00"", ""商品名称及规格"": ""30螺母"", ""单位"": ""个"", ""数量"": 16}"
Sheet1,2297,30垫片,30垫片,个,,2025-01-07T00:00:00,32,,,,"{""日期"": ""2025-01-07T00:00:00"", ""商品名称及规格"": ""30垫片"", ""单位"": ""个"", ""数量"": 32}"
Sheet1,2298,双层帆布手套,双层帆布手套,双,,2025-01-07T00:00:00,500,,,,"{""日期"": ""2025-01-07T00:00:00"", ""商品名称及规格"": ""双层帆布手套"", ""单位"": ""双"", ""数量"": 500}"
Sheet1,2299,加工隔环2350,加工隔环2350,个,,2025-01-07T00:00:00,2,,,,"{""日期"": ""2025-01-07T00:00:00"", ""商品名称及规格"": ""加工隔环2350"", ""单位"": ""个"", ""数量"": 2}"
Sheet1,2300,76*8MM无缝管,76*8MM无缝管,米,,2025-01-07T00:00:00,20,,,,"{""日期"": ""2025-01-07T00:00:00"", ""商品名称及规格"": ""76*8MM无缝管"", ""单位"": ""米"", ""数量"": 20}"
Sheet1,2301,M30*80/10.8级螺丝,M30*80/10.8级螺丝,个,,2025-01-07T00:00:00,40,,,,"{""日期"": ""2025-01-07T00:00:00"", ""商品名称及规格"": ""M30*80/10.8级螺丝"", ""单位"": ""个"", ""数量"": 40}"
Sheet1,2302,30螺母,30螺母,个,,2025-01-07T00:00:00,40,,,,"{""日期"": ""2025-01-07T00:00:00"", ""商品名称及规格"": ""30螺母"", ""单位"": ""个"", ""数量"": 40}"
Sheet1,2303,30垫片,30垫片,个,,2025-01-07T00:00:00,80,,,,"{""日期"": ""2025-01-07T00:00:00"", ""商品名称及规格"": ""30垫片"", ""单位"": ""个"", ""数量"": 80}"
Sheet1,2304,彩色吊带2T*2米,彩色吊带2T*2米,条,,2025-01-09T00:00:00,6,,,,"{""日期"": ""2025-01-09T00:00:00"", ""商品名称及规格"": ""彩色吊带2T*2米"", ""单位"": ""条"", ""数量"": 6}"
Sheet1,2305,2T*3米手拉葫芦,2T*3米手拉葫芦,台,,2025-01-09T00:00:00,4,,,,"{""日期"": ""2025-01-09T00:00:00"", ""商品名称及规格"": ""2T*3米手拉葫芦"", ""单位"": ""台"", ""数量"": 4}"
Sheet1,2306,胶手套,胶手套,个,,2025-01-09T00:00:00,200,,,,"{""日期"": ""2025-01-09T00:00:00"", ""商品名称及规格"": ""胶手套"", ""单位"": ""个"", ""数量"": 200}"
Sheet1,2307,120垃圾袋,120垃圾袋,个,,2025-01-09T00:00:00,200,,,,"{""日期"": ""2025-01-09T00:00:00"", ""商品名称及规格"": ""120垃圾袋"", ""单位"": ""个"", ""数量"": 200}"
Sheet1,2308,代付运输费用,代付运输费用,1,,2025-01-11T00:00:00,11200,,,,"{""日期"": ""2025-01-11T00:00:00"", ""商品名称及规格"": ""代付运输费用"", ""单位"": 1, ""数量"": 11200}"
Sheet1,2309,金属测绳,金属测绳,米,,2025-01-11T00:00:00,150,,,,"{""日期"": ""2025-01-11T00:00:00"", ""商品名称及规格"": ""金属测绳"", ""单位"": ""米"", ""数量"": 150}"
Sheet1,2310,国标彩色吊带5T*8米,国标彩色吊带5T*8米,条,,2025-01-14T00:00:00,4,,,,"{""日期"": ""2025-01-14T00:00:00"", ""商品名称及规格"": ""国标彩色吊带5T*8米"", ""单位"": ""条"", ""数量"": 4}"
Sheet1,2311,6*1.8米加厚安全网,6*1.8米加厚安全网,张,,2025-01-14T00:00:00,10,,,,"{""日期"": ""2025-01-14T00:00:00"", ""商品名称及规格"": ""6*1.8米加厚安全网"", ""单位"": ""张"", ""数量"": 10}"
Sheet1,2312,黑猫清洗剂泵头,黑猫清洗剂泵头,个,,2025-01-14T00:00:00,1,,,,"{""日期"": ""2025-01-14T00:00:00"", ""商品名称及规格"": ""黑猫清洗剂泵头"", ""单位"": ""个"", ""数量"": 1}"
Sheet1,2313,维修注浆泵,维修注浆泵,台,,2025-01-14T00:00:00,2,,,,"{""日期"": ""2025-01-14T00:00:00"", ""商品名称及规格"": ""维修注浆泵"", ""单位"": ""台"", ""数量"": 2}"
Sheet1,2314,300mm得力高精度卡尺,300mm得力高精度卡尺,支,,2025-01-14T00:00:00,1,,,,"{""日期"": ""2025-01-14T00:00:00"", ""商品名称及规格"": ""300mm得力高精度卡尺"", ""单位"": ""支"", ""数量"": 1}"
Sheet1,2315,16尼龙绳,16尼龙绳,米,,2025-01-15T00:00:00,100,,,,"{""日期"": ""2025-01-15T00:00:00"", ""商品名称及规格"": ""16尼龙绳"", ""单位"": ""米"", ""数量"": 100}"
Sheet1,2316,65加厚蓝色胶水带,65加厚蓝色胶水带,米,,2025-01-15T00:00:00,125,,,,"{""日期"": ""2025-01-15T00:00:00"", ""商品名称及规格"": ""65加厚蓝色胶水带"", ""单位"": ""米"", ""数量"": 125}"
Sheet1,2317,25高压外丝堵头,25高压外丝堵头,个,,2025-01-19T00:00:00,20,,,,"{""日期"": ""2025-01-19T00:00:00"", ""商品名称及规格"": ""25高压外丝堵头"", ""单位"": ""个"", ""数量"": 20}"
Sheet1,2318,M8*40内六角螺丝,M8*40内六角螺丝,套,,2025-01-19T00:00:00,40,,,,"{""日期"": ""2025-01-19T00:00:00"", ""商品名称及规格"": ""M8*40内六角螺丝"", ""单位"": ""套"", ""数量"": 40}"
Sheet1,2319,20埃美柯高压球阀,20埃美柯高压球阀,个,,2025-01-19T00:00:00,5,,,,"{""日期"": ""2025-01-19T00:00:00"", ""商品名称及规格"": ""20埃美柯高压球阀"", ""单位"": ""个"", ""数量"": 5}"
Sheet1,2320,20高压对丝,20高压对丝,个,,2025-01-19T00:00:00,10,,,,"{""日期"": ""2025-01-19T00:00:00"", ""商品名称及规格"": ""20高压对丝"", ""单位"": ""个"", ""数量"": 10}"
Sheet1,2321,堵漏聚氨酯主剂,堵漏聚氨酯主剂,斤,,2025-02-17T00:00:00,1000,,,,"{""日期"": ""2025-02-17T00:00:00"", ""商品名称及规格"": ""堵漏聚氨酯主剂"", ""单位"": ""斤"", ""数量"": 1000}"
Sheet1,2322,堵漏聚氨酯副剂,堵漏聚氨酯副剂,斤,,2025-02-17T00:00:00,100,,,,"{""日期"": ""2025-02-17T00:00:00"", ""商品名称及规格"": ""堵漏聚氨酯副剂"", ""单位"": ""斤"", ""数量"": 100}"
Sheet1,2323,双快水泥,双快水泥,包,,2025-02-17T00:00:00,10,,,,"{""日期"": ""2025-02-17T00:00:00"", ""商品名称及规格"": ""双快水泥"", ""单位"": ""包"", ""数量"": 10}"
Sheet1,2324,65加厚蓝色胶水带,65加厚蓝色胶水带,米,,2025-02-18T00:00:00,50,,,,"{""日期"": ""2025-02-18T00:00:00"", ""商品名称及规格"": ""65加厚蓝色胶水带"", ""单位"": ""米"", ""数量"": 50}"
Sheet1,2325,65接头,65接头,套,,2025-02-18T00:00:00,2,,,,"{""日期"": ""2025-02-18T00:00:00"", ""商品名称及规格"": ""65接头"", ""单位"": ""套"", ""数量"": 2}"
Sheet1,2326,65铝合金枪头,65铝合金枪头,套,,2025-02-18T00:00:00,1,,,,"{""日期"": ""2025-02-18T00:00:00"", ""商品名称及规格"": ""65铝合金枪头"", ""单位"": ""套"", ""数量"": 1}"
Sheet1,2327,聚氨酯枪头,聚氨酯枪头,个,,2025-02-18T00:00:00,100,,,,"{""日期"": ""2025-02-18T00:00:00"", ""商品名称及规格"": ""聚氨酯枪头"", ""单位"": ""个"", ""数量"": 100}"
Sheet1,2328,2.2千瓦齿轮泵,2.2千瓦齿轮泵,台,,2025-02-18T00:00:00,1,,,,"{""日期"": ""2025-02-18T00:00:00"", ""商品名称及规格"": ""2.2千瓦齿轮泵"", ""单位"": ""台"", ""数量"": 1}"
Sheet1,2329,专用清洗剂,专用清洗剂,瓶,,2025-02-18T00:00:00,1,,,,"{""日期"": ""2025-02-18T00:00:00"", ""商品名称及规格"": ""专用清洗剂"", ""单位"": ""瓶"", ""数量"": 1}"
Sheet1,2330,100高压水管,100高压水管,米,,2025-02-18T00:00:00,300,,,,"{""日期"": ""2025-02-18T00:00:00"", ""商品名称及规格"": ""100高压水管"", ""单位"": ""米"", ""数量"": 300}"
Sheet1,2331,10*200钻头,10*200钻头,个,,2025-02-18T00:00:00,5,,,,"{""日期"": ""2025-02-18T00:00:00"", ""商品名称及规格"": ""10*200钻头"", ""单位"": ""个"", ""数量"": 5}"
Sheet1,2332,12*200钻头,12*200钻头,个,,2025-02-18T00:00:00,5,,,,"{""日期"": ""2025-02-18T00:00:00"", ""商品名称及规格"": ""12*200钻头"", ""单位"": ""个"", ""数量"": 5}"
Sheet1,2333,14*200钻头,14*200钻头,个,,2025-02-18T00:00:00,5,,,,"{""日期"": ""2025-02-18T00:00:00"", ""商品名称及规格"": ""14*200钻头"", ""单位"": ""个"", ""数量"": 5}"
Sheet1,2334,16*200钻头,16*200钻头,个,,2025-02-18T00:00:00,5,,,,"{""日期"": ""2025-02-18T00:00:00"", ""商品名称及规格"": ""16*200钻头"", ""单位"": ""个"", ""数量"": 5}"
Sheet1,2335,注浆管头子,注浆管头子,个,,2025-02-18T00:00:00,20,,,,"{""日期"": ""2025-02-18T00:00:00"", ""商品名称及规格"": ""注浆管头子"", ""单位"": ""个"", ""数量"": 20}"
Sheet1,2336,200世达胶钳,200世达胶钳,个,,2025-02-18T00:00:00,5,,,,"{""日期"": ""2025-02-18T00:00:00"", ""商品名称及规格"": ""200世达胶钳"", ""单位"": ""个"", ""数量"": 5}"
Sheet1,2337,注浆枪头,注浆枪头,个,,2025-02-18T00:00:00,3,,,,"{""日期"": ""2025-02-18T00:00:00"", ""商品名称及规格"": ""注浆枪头"", ""单位"": ""个"", ""数量"": 3}"
Sheet1,2338,世达尖嘴钳,世达尖嘴钳,个,,2025-02-18T00:00:00,5,,,,"{""日期"": ""2025-02-18T00:00:00"", ""商品名称及规格"": ""世达尖嘴钳"", ""单位"": ""个"", ""数量"": 5}"
Sheet1,2339,铁丝,铁丝,公斤,,2025-02-18T00:00:00,50,,,,"{""日期"": ""2025-02-18T00:00:00"", ""商品名称及规格"": ""铁丝"", ""单位"": ""公斤"", ""数量"": 50}"
Sheet1,2340,25埃美柯高压球阀,25埃美柯高压球阀,个,,2025-02-18T00:00:00,5,,,,"{""日期"": ""2025-02-18T00:00:00"", ""商品名称及规格"": ""25埃美柯高压球阀"", ""单位"": ""个"", ""数量"": 5}"
Sheet1,2341,25钢丝管,25钢丝管,米,,2025-02-18T00:00:00,5,,,,"{""日期"": ""2025-02-18T00:00:00"", ""商品名称及规格"": ""25钢丝管"", ""单位"": ""米"", ""数量"": 5}"
Sheet1,2342,转换宝塔头,转换宝塔头,套,,2025-02-18T00:00:00,2,,,,"{""日期"": ""2025-02-18T00:00:00"", ""商品名称及规格"": ""转换宝塔头"", ""单位"": ""套"", ""数量"": 2}"
Sheet1,2343,50*4SH高压胶管,50*4SH高压胶管,米,,2025-02-18T00:00:00,20,,,,"{""日期"": ""2025-02-18T00:00:00"", ""商品名称及规格"": ""50*4SH高压胶管"", ""单位"": ""米"", ""数量"": 20}"
Sheet1,2344,25变换头,25变换头,套,,2025-02-18T00:00:00,1,,,,"{""日期"": ""2025-02-18T00:00:00"", ""商品名称及规格"": ""25变换头"", ""单位"": ""套"", ""数量"": 1}"
Sheet1,2345,100钢管,100钢管,条,,2025-02-18T00:00:00,4,,,,"{""日期"": ""2025-02-18T00:00:00"", ""商品名称及规格"": ""100钢管"", ""单位"": ""条"", ""数量"": 4}"
Sheet1,2346,100胶管接头,100胶管接头,套,,2025-02-18T00:00:00,6,,,,"{""日期"": ""2025-02-18T00:00:00"", ""商品名称及规格"": ""100胶管接头"", ""单位"": ""套"", ""数量"": 6}"
Sheet1,2347,20*800钻头,20*800钻头,个,,2025-02-19T00:00:00,5,,,,"{""日期"": ""2025-02-19T00:00:00"", ""商品名称及规格"": ""20*800钻头"", ""单位"": ""个"", ""数量"": 5}"
Sheet1,2348,长胶手套,长胶手套,个,,2025-02-19T00:00:00,10,,,,"{""日期"": ""2025-02-19T00:00:00"", ""商品名称及规格"": ""长胶手套"", ""单位"": ""个"", ""数量"": 10}"
Sheet1,2349,棉被,棉被,个,,2025-02-19T00:00:00,2,,,,"{""日期"": ""2025-02-19T00:00:00"", ""商品名称及规格"": ""棉被"", ""单位"": ""个"", ""数量"": 2}"
Sheet1,2350,双快水泥,双快水泥,包,,2025-02-19T00:00:00,10,,,,"{""日期"": ""2025-02-19T00:00:00"", ""商品名称及规格"": ""双快水泥"", ""单位"": ""包"", ""数量"": 10}"
Sheet1,2351,加厚连体裤,加厚连体裤,套,,2025-02-19T00:00:00,5,,,,"{""日期"": ""2025-02-19T00:00:00"", ""商品名称及规格"": ""加厚连体裤"", ""单位"": ""套"", ""数量"": 5}"
Sheet1,2352,M36*2高压内丝堵头,M36*2高压内丝堵头,个,,2025-02-20T00:00:00,20,,,,"{""日期"": ""2025-02-20T00:00:00"", ""商品名称及规格"": ""M36*2高压内丝堵头"", ""单位"": ""个"", ""数量"": 20}"
Sheet1,2353,M36*2高压外丝堵头,M36*2高压外丝堵头,个,,2025-02-20T00:00:00,20,,,,"{""日期"": ""2025-02-20T00:00:00"", ""商品名称及规格"": ""M36*2高压外丝堵头"", ""单位"": ""个"", ""数量"": 20}"
Sheet1,2354,5.5千瓦流体输送泵,5.5千瓦流体输送泵,个,,2025-02-20T00:00:00,1,,,,"{""日期"": ""2025-02-20T00:00:00"", ""商品名称及规格"": ""5.5千瓦流体输送泵"", ""单位"": ""个"", ""数量"": 1}"
Sheet1,2355,5.5千瓦防爆电机,5.5千瓦防爆电机,个,,2025-02-20T00:00:00,1,,,,"{""日期"": ""2025-02-20T00:00:00"", ""商品名称及规格"": ""5.5千瓦防爆电机"", ""单位"": ""个"", ""数量"": 1}"
Sheet1,2356,60公斤压力表,60公斤压力表,个,,2025-02-24T00:00:00,2,,,,"{""日期"": ""2025-02-24T00:00:00"", ""商品名称及规格"": ""60公斤压力表"", ""单位"": ""个"", ""数量"": 2}"
Sheet1,2357,M20*1.5接头,M20*1.5接头,个,,2025-02-24T00:00:00,5,,,,"{""日期"": ""2025-02-24T00:00:00"", ""商品名称及规格"": ""M20*1.5接头"", ""单位"": ""个"", ""数量"": 5}"
Sheet1,2358,25三通不锈钢,25三通不锈钢,个,,2025-02-24T00:00:00,5,,,,"{""日期"": ""2025-02-24T00:00:00"", ""商品名称及规格"": ""25三通不锈钢"", ""单位"": ""个"", ""数量"": 5}"
Sheet1,2359,25*38KG安全阀,25*38KG安全阀,个,,2025-02-24T00:00:00,2,,,,"{""日期"": ""2025-02-24T00:00:00"", ""商品名称及规格"": ""25*38KG安全阀"", ""单位"": ""个"", ""数量"": 2}"
Sheet1,2360,胶管36*2-2层-12米,胶管36*2-2层-12米,根,,2023-07-14T00:00:00,1,,,,"{""日期"": ""2023-07-14T00:00:00"", ""商品名称及规格"": ""胶管36*2-2层-12米"", ""单位"": ""根"", ""数量"": 1}"
Sheet1,2361,胶管36*2-2层-17.7米,胶管36*2-2层-17.7米,根,,2023-07-14T00:00:00,1,,,,"{""日期"": ""2023-07-14T00:00:00"", ""商品名称及规格"": ""胶管36*2-2层-17.7米"", ""单位"": ""根"", ""数量"": 1}"
Sheet1,2362,胶管36*2-2层-5.2米,胶管36*2-2层-5.2米,根,,2023-07-14T00:00:00,1,,,,"{""日期"": ""2023-07-14T00:00:00"", ""商品名称及规格"": ""胶管36*2-2层-5.2米"", ""单位"": ""根"", ""数量"": 1}"
Sheet1,2363,胶管36*2-2层-7.9米,胶管36*2-2层-7.9米,根,,2023-07-14T00:00:00,1,,,,"{""日期"": ""2023-07-14T00:00:00"", ""商品名称及规格"": ""胶管36*2-2层-7.9米"", ""单位"": ""根"", ""数量"": 1}"
Sheet1,2364,胶管36*2-2层-15.9米,胶管36*2-2层-15.9米,根,,2023-07-14T00:00:00,1,,,,"{""日期"": ""2023-07-14T00:00:00"", ""商品名称及规格"": ""胶管36*2-2层-15.9米"", ""单位"": ""根"", ""数量"": 1}"
Sheet1,2365,胶管36*2-2层-2.3米,胶管36*2-2层-2.3米,根,,2023-07-14T00:00:00,1,,,,"{""日期"": ""2023-07-14T00:00:00"", ""商品名称及规格"": ""胶管36*2-2层-2.3米"", ""单位"": ""根"", ""数量"": 1}"
Sheet1,2366,胶管36*2-2层-3.4米,胶管36*2-2层-3.4米,根,,2023-07-14T00:00:00,2,,,,"{""日期"": ""2023-07-14T00:00:00"", ""商品名称及规格"": ""胶管36*2-2层-3.4米"", ""单位"": ""根"", ""数量"": 2}"
Sheet1,2367,胶管36*2-2层-3.9米,胶管36*2-2层-3.9米,根,,2023-07-14T00:00:00,1,,,,"{""日期"": ""2023-07-14T00:00:00"", ""商品名称及规格"": ""胶管36*2-2层-3.9米"", ""单位"": ""根"", ""数量"": 1}"
Sheet1,2368,胶管36*2-2层-1.1米,胶管36*2-2层-1.1米,根,,2023-07-14T00:00:00,3,,,,"{""日期"": ""2023-07-14T00:00:00"", ""商品名称及规格"": ""胶管36*2-2层-1.1米"", ""单位"": ""根"", ""数量"": 3}"
Sheet1,2369,胶管36*2-2层-7.5米,胶管36*2-2层-7.5米,根,,2023-07-14T00:00:00,2,,,,"{""日期"": ""2023-07-14T00:00:00"", ""商品名称及规格"": ""胶管36*2-2层-7.5米"", ""单位"": ""根"", ""数量"": 2}"
Sheet1,2370,胶管36*2-2层-1米,胶管36*2-2层-1米,根,,2023-07-14T00:00:00,1,,,,"{""日期"": ""2023-07-14T00:00:00"", ""商品名称及规格"": ""胶管36*2-2层-1米"", ""单位"": ""根"", ""数量"": 1}"
Sheet1,2371,胶管36*2-2层-1.3米,胶管36*2-2层-1.3米,根,,2023-07-14T00:00:00,1,,,,"{""日期"": ""2023-07-14T00:00:00"", ""商品名称及规格"": ""胶管36*2-2层-1.3米"", ""单位"": ""根"", ""数量"": 1}"
Sheet1,2372,胶管36*2-2层-5.9米,胶管36*2-2层-5.9米,根,,2023-07-14T00:00:00,1,,,,"{""日期"": ""2023-07-14T00:00:00"", ""商品名称及规格"": ""胶管36*2-2层-5.9米"", ""单位"": ""根"", ""数量"": 1}"
Sheet1,2373,胶管36*2-2层-3.3米,胶管36*2-2层-3.3米,根,,2023-07-14T00:00:00,1,,,,"{""日期"": ""2023-07-14T00:00:00"", ""商品名称及规格"": ""胶管36*2-2层-3.3米"", ""单位"": ""根"", ""数量"": 1}"
Sheet1,2374,订制36不锈钢骑马卡36*2.0,订制36不锈钢骑马卡36*2.0,件,,2023-07-14T00:00:00,100,,,,"{""日期"": ""2023-07-14T00:00:00"", ""商品名称及规格"": ""订制36不锈钢骑马卡36*2.0"", ""单位"": ""件"", ""数量"": 100}"
Sheet1,2375,加工36*3/36*2直角接头,加工36*3/36*2直角接头,件,,2023-07-14T00:00:00,50,,,,"{""日期"": ""2023-07-14T00:00:00"", ""商品名称及规格"": ""加工36*3/36*2直角接头"", ""单位"": ""件"", ""数量"": 50}"
Sheet1,2376,25*2/36*2大小头,25*2/36*2大小头,只,,2023-07-14T00:00:00,50,,,,"{""日期"": ""2023-07-14T00:00:00"", ""商品名称及规格"": ""25*2/36*2大小头"", ""单位"": ""只"", ""数量"": 50}"
Sheet1,2377,六联管夹36,六联管夹36,组,,2023-07-14T00:00:00,30,,,,"{""日期"": ""2023-07-14T00:00:00"", ""商品名称及规格"": ""六联管夹36"", ""单位"": ""组"", ""数量"": 30}"
Sheet1,2378,单管夹36,单管夹36,只,,2023-07-14T00:00:00,100,,,,"{""日期"": ""2023-07-14T00:00:00"", ""商品名称及规格"": ""单管夹36"", ""单位"": ""只"", ""数量"": 100}"
Sheet1,2379,36*2三通,36*2三通,只,,2023-07-14T00:00:00,50,,,,"{""日期"": ""2023-07-14T00:00:00"", ""商品名称及规格"": ""36*2三通"", ""单位"": ""只"", ""数量"": 50}"
Sheet1,2380,36*2对丝,36*2对丝,只,,2023-07-14T00:00:00,50,,,,"{""日期"": ""2023-07-14T00:00:00"", ""商品名称及规格"": ""36*2对丝"", ""单位"": ""只"", ""数量"": 50}"
Sheet1,2381,加工泥浆管接头Φ219,加工泥浆管接头Φ219,件,,2023-07-19T00:00:00,5,,,,"{""日期"": ""2023-07-19T00:00:00"", ""商品名称及规格"": ""加工泥浆管接头Φ219"", ""单位"": ""件"", ""数量"": 5}"
Sheet1,2382,扣压钢丝绳50*3.6米,扣压钢丝绳50*3.6米,根,,2023-07-25T00:00:00,1,,,,"{""日期"": ""2023-07-25T00:00:00"", ""商品名称及规格"": ""扣压钢丝绳50*3.6米"", ""单位"": ""根"", ""数量"": 1}"
Sheet1,2383,扣压钢丝绳47.5*9米,扣压钢丝绳47.5*9米,根,,2023-07-25T00:00:00,2,,,,"{""日期"": ""2023-07-25T00:00:00"", ""商品名称及规格"": ""扣压钢丝绳47.5*9米"", ""单位"": ""根"", ""数量"": 2}"
Sheet1,2384,M52铝合金八字扣头,M52铝合金八字扣头,只,,2023-07-25T00:00:00,1,,,,"{""日期"": ""2023-07-25T00:00:00"", ""商品名称及规格"": ""M52铝合金八字扣头"", ""单位"": ""只"", ""数量"": 1}"
Sheet1,2385,普赛达聚氨酯密封胶600mL,普赛达聚氨酯密封胶600mL,支,,2023-07-25T00:00:00,200,,,,"{""日期"": ""2023-07-25T00:00:00"", ""商品名称及规格"": ""普赛达聚氨酯密封胶600mL"", ""单位"": ""支"", ""数量"": 200}"
Sheet1,2386,世达胶枪,世达胶枪,把,,2023-07-25T00:00:00,5,,,,"{""日期"": ""2023-07-25T00:00:00"", ""商品名称及规格"": ""世达胶枪"", ""单位"": ""把"", ""数量"": 5}"
Sheet1,2387,304止回阀DN25,304止回阀DN25,只,,2023-07-27T00:00:00,6,,,,"{""日期"": ""2023-07-27T00:00:00"", ""商品名称及规格"": ""304止回阀DN25"", ""单位"": ""只"", ""数量"": 6}"
Sheet1,2388,胶管36*2-2层-8.3米,胶管36*2-2层-8.3米,根,,2023-08-03T00:00:00,1,,,,"{""日期"": ""2023-08-03T00:00:00"", ""商品名称及规格"": ""胶管36*2-2层-8.3米"", ""单位"": ""根"", ""数量"": 1}"
Sheet1,2389,胶管36*2-2层-4.2米,胶管36*2-2层-4.2米,根,,2023-08-03T00:00:00,2,,,,"{""日期"": ""2023-08-03T00:00:00"", ""商品名称及规格"": ""胶管36*2-2层-4.2米"", ""单位"": ""根"", ""数量"": 2}"
Sheet1,2390,胶管36*2-2层-1.2米,胶管36*2-2层-1.2米,根,,2023-08-03T00:00:00,1,,,,"{""日期"": ""2023-08-03T00:00:00"", ""商品名称及规格"": ""胶管36*2-2层-1.2米"", ""单位"": ""根"", ""数量"": 1}"
Sheet1,2391,胶管36*2-2层-7.3米,胶管36*2-2层-7.3米,根,,2023-08-03T00:00:00,1,,,,"{""日期"": ""2023-08-03T00:00:00"", ""商品名称及规格"": ""胶管36*2-2层-7.3米"", ""单位"": ""根"", ""数量"": 1}"
Sheet1,2392,长城齿轮油18L,长城齿轮油18L,桶,,2023-08-11T00:00:00,3,,,,"{""日期"": ""2023-08-11T00:00:00"", ""商品名称及规格"": ""长城齿轮油18L"", ""单位"": ""桶"", ""数量"": 3}"
Sheet1,2393,胶管16-4MPa-100米,胶管16-4MPa-100米,根,,2023-08-13T00:00:00,2,,,,"{""日期"": ""2023-08-13T00:00:00"", ""商品名称及规格"": ""胶管16-4MPa-100米"", ""单位"": ""根"", ""数量"": 2}"
Sheet1,2394,接头1/2对丝,接头1/2对丝,只,,2023-08-13T00:00:00,2,,,,"{""日期"": ""2023-08-13T00:00:00"", ""商品名称及规格"": ""接头1/2对丝"", ""单位"": ""只"", ""数量"": 2}"
Sheet1,2395,变径接头1/2-3/4,变径接头1/2-3/4,只,,2023-08-13T00:00:00,2,,,,"{""日期"": ""2023-08-13T00:00:00"", ""商品名称及规格"": ""变径接头1/2-3/4"", ""单位"": ""只"", ""数量"": 2}"
Sheet1,2396,施耐德断路器250A-3P,施耐德断路器250A-3P,套,,2023-08-14T00:00:00,1,,,,"{""日期"": ""2023-08-14T00:00:00"", ""商品名称及规格"": ""施耐德断路器250A-3P"", ""单位"": ""套"", ""数量"": 1}"
Sheet1,2397,伍尔特钢丝绳黄油500mL,伍尔特钢丝绳黄油500mL,瓶,,2023-08-15T00:00:00,48,,,,"{""日期"": ""2023-08-15T00:00:00"", ""商品名称及规格"": ""伍尔特钢丝绳黄油500mL"", ""单位"": ""瓶"", ""数量"": 48}"
Sheet1,2398,m32*2高压内丝直接,m32*2高压内丝直接,只,,2023-08-15T00:00:00,30,,,,"{""日期"": ""2023-08-15T00:00:00"", ""商品名称及规格"": ""m32*2高压内丝直接"", ""单位"": ""只"", ""数量"": 30}"
Sheet1,2399,大吨位丙纶纤吊包3米*3米,大吨位丙纶纤吊包3米*3米,只,,2023-08-15T00:00:00,5,,,,"{""日期"": ""2023-08-15T00:00:00"", ""商品名称及规格"": ""大吨位丙纶纤吊包3米*3米"", ""单位"": ""只"", ""数量"": 5}"
Sheet1,2400,高压接头36*2外丝转内丝,高压接头36*2外丝转内丝,套,,2023-08-16T00:00:00,2,,,,"{""日期"": ""2023-08-16T00:00:00"", ""商品名称及规格"": ""高压接头36*2外丝转内丝"", ""单位"": ""套"", ""数量"": 2}"
Sheet1,2401,高压接头52*2外丝转内丝,高压接头52*2外丝转内丝,套,,2023-08-16T00:00:00,2,,,,"{""日期"": ""2023-08-16T00:00:00"", ""商品名称及规格"": ""高压接头52*2外丝转内丝"", ""单位"": ""套"", ""数量"": 2}"
Sheet1,2402,高压接头24*1.5/36*2,高压接头24*1.5/36*2,套,,2023-08-16T00:00:00,10,,,,"{""日期"": ""2023-08-16T00:00:00"", ""商品名称及规格"": ""高压接头24*1.5/36*2"", ""单位"": ""套"", ""数量"": 10}"
Sheet1,2403,高压接头20*1.5对丝,高压接头20*1.5对丝,只,,2023-08-16T00:00:00,10,,,,"{""日期"": ""2023-08-16T00:00:00"", ""商品名称及规格"": ""高压接头20*1.5对丝"", ""单位"": ""只"", ""数量"": 10}"
Sheet1,2404,高压接头24*1.5对丝,高压接头24*1.5对丝,只,,2023-08-16T00:00:00,10,,,,"{""日期"": ""2023-08-16T00:00:00"", ""商品名称及规格"": ""高压接头24*1.5对丝"", ""单位"": ""只"", ""数量"": 10}"
Sheet1,2405,高压接头30*2对丝,高压接头30*2对丝,只,,2023-08-16T00:00:00,10,,,,"{""日期"": ""2023-08-16T00:00:00"", ""商品名称及规格"": ""高压接头30*2对丝"", ""单位"": ""只"", ""数量"": 10}"
Sheet1,2406,高压接头36*2对丝,高压接头36*2对丝,只,,2023-08-16T00:00:00,10,,,,"{""日期"": ""2023-08-16T00:00:00"", ""商品名称及规格"": ""高压接头36*2对丝"", ""单位"": ""只"", ""数量"": 10}"
Sheet1,2407,高压接头52*2对丝,高压接头52*2对丝,只,,2023-08-16T00:00:00,10,,,,"{""日期"": ""2023-08-16T00:00:00"", ""商品名称及规格"": ""高压接头52*2对丝"", ""单位"": ""只"", ""数量"": 10}"
Sheet1,2408,胶管36*2-2层-12米,胶管36*2-2层-12米,根,,2023-08-16T00:00:00,7,,,,"{""日期"": ""2023-08-16T00:00:00"", ""商品名称及规格"": ""胶管36*2-2层-12米"", ""单位"": ""根"", ""数量"": 7}"
Sheet1,2409,派克O型圈套装ABC,派克O型圈套装ABC,盒,,2023-08-16T00:00:00,3,,,,"{""日期"": ""2023-08-16T00:00:00"", ""商品名称及规格"": ""派克O型圈套装ABC"", ""单位"": ""盒"", ""数量"": 3}"
Sheet1,2410,弹性销M4*28,弹性销M4*28,只,,2023-08-16T00:00:00,50,,,,"{""日期"": ""2023-08-16T00:00:00"", ""商品名称及规格"": ""弹性销M4*28"", ""单位"": ""只"", ""数量"": 50}"
Sheet1,2411,弹性销M6*28,弹性销M6*28,只,,2023-08-16T00:00:00,60,,,,"{""日期"": ""2023-08-16T00:00:00"", ""商品名称及规格"": ""弹性销M6*28"", ""单位"": ""只"", ""数量"": 60}"
Sheet1,2412,T型螺丝M16*50平弹帽,T型螺丝M16*50平弹帽,套,,2023-08-16T00:00:00,4,,,,"{""日期"": ""2023-08-16T00:00:00"", ""商品名称及规格"": ""T型螺丝M16*50平弹帽"", ""单位"": ""套"", ""数量"": 4}"
Sheet1,2413,注浆泵连杆压力表16MPa,注浆泵连杆压力表16MPa,件,,2023-08-19T00:00:00,2,,,,"{""日期"": ""2023-08-19T00:00:00"", ""商品名称及规格"": ""注浆泵连杆压力表16MPa"", ""单位"": ""件"", ""数量"": 2}"
Sheet1,2414,纳基膨润土,纳基膨润土,T,,2023-08-31T00:00:00,8,,,,"{""日期"": ""2023-08-31T00:00:00"", ""商品名称及规格"": ""纳基膨润土"", ""单位"": ""T"", ""数量"": 8}"
Sheet1,2415,订做离心机滤网1.4米*0.31米*0.72米,订做离心机滤网1.4米*0.31米*0.72米,个,,2023-09-05T00:00:00,2,,,,"{""日期"": ""2023-09-05T00:00:00"", ""商品名称及规格"": ""订做离心机滤网1.4米*0.31米*0.72米"", ""单位"": ""个"", ""数量"": 2}"
Sheet1,2416,抗盐膨润土,抗盐膨润土,T,,2023-09-10T00:00:00,8,,,,"{""日期"": ""2023-09-10T00:00:00"", ""商品名称及规格"": ""抗盐膨润土"", ""单位"": ""T"", ""数量"": 8}"
Sheet1,2417,T型螺丝M16*100平弹帽,T型螺丝M16*100平弹帽,套,,2023-09-12T00:00:00,120,,,,"{""日期"": ""2023-09-12T00:00:00"", ""商品名称及规格"": ""T型螺丝M16*100平弹帽"", ""单位"": ""套"", ""数量"": 120}"
Sheet1,2418,重型高压接头36*2,重型高压接头36*2,只,,2023-09-12T00:00:00,80,,,,"{""日期"": ""2023-09-12T00:00:00"", ""商品名称及规格"": ""重型高压接头36*2"", ""单位"": ""只"", ""数量"": 80}"
Sheet1,2419,进口电磁阀2622200,进口电磁阀2622200,只,,2023-09-12T00:00:00,2,,,,"{""日期"": ""2023-09-12T00:00:00"", ""商品名称及规格"": ""进口电磁阀2622200"", ""单位"": ""只"", ""数量"": 2}"
Sheet1,2420,普赛达聚氨酯密封胶600mL,普赛达聚氨酯密封胶600mL,支,,2023-09-12T00:00:00,200,,,,"{""日期"": ""2023-09-12T00:00:00"", ""商品名称及规格"": ""普赛达聚氨酯密封胶600mL"", ""单位"": ""支"", ""数量"": 200}"
Sheet1,2421,加工重型管夹60,加工重型管夹60,只,,2023-09-19T00:00:00,100,,,,"{""日期"": ""2023-09-19T00:00:00"", ""商品名称及规格"": ""加工重型管夹60"", ""单位"": ""只"", ""数量"": 100}"
Sheet1,2422,普赛达聚氨酯密封胶,普赛达聚氨酯密封胶,支,,2023-09-20T00:00:00,200,,,,"{""日期"": ""2023-09-20T00:00:00"", ""商品名称及规格"": ""普赛达聚氨酯密封胶"", ""单位"": ""支"", ""数量"": 200}"
Sheet1,2423,日东超高压接头38S,日东超高压接头38S,套,,2023-09-21T00:00:00,10,,,,"{""日期"": ""2023-09-21T00:00:00"", ""商品名称及规格"": ""日东超高压接头38S"", ""单位"": ""套"", ""数量"": 10}"
Sheet1,2424,日东超高压接头42L,日东超高压接头42L,套,,2023-09-21T00:00:00,10,,,,"{""日期"": ""2023-09-21T00:00:00"", ""商品名称及规格"": ""日东超高压接头42L"", ""单位"": ""套"", ""数量"": 10}"
Sheet1,2425,派克超高压液压接头24S,派克超高压液压接头24S,套,,2023-09-21T00:00:00,10,,,,"{""日期"": ""2023-09-21T00:00:00"", ""商品名称及规格"": ""派克超高压液压接头24S"", ""单位"": ""套"", ""数量"": 10}"
Sheet1,2426,胶管36*2H-2层-3米,胶管36*2H-2层-3米,条,,2023-10-06T00:00:00,6,,,,"{""日期"": ""2023-10-06T00:00:00"", ""商品名称及规格"": ""胶管36*2H-2层-3米"", ""单位"": ""条"", ""数量"": 6}"
Sheet1,2427,胶管36*2H-2层-2米,胶管36*2H-2层-2米,条,,2023-10-06T00:00:00,6,,,,"{""日期"": ""2023-10-06T00:00:00"", ""商品名称及规格"": ""胶管36*2H-2层-2米"", ""单位"": ""条"", ""数量"": 6}"
Sheet1,2428,高压内丝接头36*2H,高压内丝接头36*2H,只,,2023-10-06T00:00:00,24,,,,"{""日期"": ""2023-10-06T00:00:00"", ""商品名称及规格"": ""高压内丝接头36*2H"", ""单位"": ""只"", ""数量"": 24}"
Sheet1,2429,抗盐膨润土,抗盐膨润土,吨,,2023-10-07T00:00:00,8,,,,"{""日期"": ""2023-10-07T00:00:00"", ""商品名称及规格"": ""抗盐膨润土"", ""单位"": ""吨"", ""数量"": 8}"
Sheet1,2430,T型螺丝M16*50平弹帽,T型螺丝M16*50平弹帽,套,,2023-10-10T00:00:00,50,,,,"{""日期"": ""2023-10-10T00:00:00"", ""商品名称及规格"": ""T型螺丝M16*50平弹帽"", ""单位"": ""套"", ""数量"": 50}"
Sheet1,2431,加厚垫片M18*50*60mm,加厚垫片M18*50*60mm,只,,2023-10-10T00:00:00,150,,,,"{""日期"": ""2023-10-10T00:00:00"", ""商品名称及规格"": ""加厚垫片M18*50*60mm"", ""单位"": ""只"", ""数量"": 150}"
Sheet1,2432,普赛达聚氨酯密封胶,普赛达聚氨酯密封胶,支,,2023-10-11T00:00:00,400,,,,"{""日期"": ""2023-10-11T00:00:00"", ""商品名称及规格"": ""普赛达聚氨酯密封胶"", ""单位"": ""支"", ""数量"": 400}"
Sheet1,2433,进口电磁阀2622200,进口电磁阀2622200,只,,2023-10-11T00:00:00,4,,,,"{""日期"": ""2023-10-11T00:00:00"", ""商品名称及规格"": ""进口电磁阀2622200"", ""单位"": ""只"", ""数量"": 4}"
Sheet1,2434,加工六联管夹35,加工六联管夹35,件,,2023-10-19T00:00:00,10,,,,"{""日期"": ""2023-10-19T00:00:00"", ""商品名称及规格"": ""加工六联管夹35"", ""单位"": ""件"", ""数量"": 10}"
Sheet1,2435,抗盐膨润土,抗盐膨润土,吨,,2023-10-19T00:00:00,8,,,,"{""日期"": ""2023-10-19T00:00:00"", ""商品名称及规格"": ""抗盐膨润土"", ""单位"": ""吨"", ""数量"": 8}"
Sheet1,2436,加工加厚风筒600*20米,加工加厚风筒600*20米,条,,2023-10-23T00:00:00,6,,,,"{""日期"": ""2023-10-23T00:00:00"", ""商品名称及规格"": ""加工加厚风筒600*20米"", ""单位"": ""条"", ""数量"": 6}"
Sheet1,2437,加工加厚风筒600*10米,加工加厚风筒600*10米,条,,2023-10-23T00:00:00,2,,,,"{""日期"": ""2023-10-23T00:00:00"", ""商品名称及规格"": ""加工加厚风筒600*10米"", ""单位"": ""条"", ""数量"": 2}"
Sheet1,2438,抗盐膨润土,抗盐膨润土,吨,,2023-10-25T00:00:00,8,,,,"{""日期"": ""2023-10-25T00:00:00"", ""商品名称及规格"": ""抗盐膨润土"", ""单位"": ""吨"", ""数量"": 8}"
Sheet1,2439,普赛达密封胶,普赛达密封胶,支,,2023-10-27T00:00:00,240,,,,"{""日期"": ""2023-10-27T00:00:00"", ""商品名称及规格"": ""普赛达密封胶"", ""单位"": ""支"", ""数量"": 240}"
Sheet1,2440,抗盐膨润土,抗盐膨润土,吨,,2023-10-29T00:00:00,8,,,,"{""日期"": ""2023-10-29T00:00:00"", ""商品名称及规格"": ""抗盐膨润土"", ""单位"": ""吨"", ""数量"": 8}"
Sheet1,2441,抗盐膨润土,抗盐膨润土,吨,,2023-10-30T00:00:00,10,,,,"{""日期"": ""2023-10-30T00:00:00"", ""商品名称及规格"": ""抗盐膨润土"", ""单位"": ""吨"", ""数量"": 10}"
Sheet1,2442,抗盐膨润土,抗盐膨润土,吨,,2023-10-31T00:00:00,10,,,,"{""日期"": ""2023-10-31T00:00:00"", ""商品名称及规格"": ""抗盐膨润土"", ""单位"": ""吨"", ""数量"": 10}"
Sheet1,2443,抗盐膨润土,抗盐膨润土,吨,,2023-11-02T00:00:00,15,,,,"{""日期"": ""2023-11-02T00:00:00"", ""商品名称及规格"": ""抗盐膨润土"", ""单位"": ""吨"", ""数量"": 15}"
Sheet1,2444,螺纹钢20E*12米,螺纹钢20E*12米,T,,2023-11-07T00:00:00,2.668,,,,"{""日期"": ""2023-11-07T00:00:00"", ""商品名称及规格"": ""螺纹钢20E*12米"", ""单位"": ""T"", ""数量"": 2.668}"
Sheet1,2445,抗盐膨润土,抗盐膨润土,吨,,2023-11-17T00:00:00,10,,,,"{""日期"": ""2023-11-17T00:00:00"", ""商品名称及规格"": ""抗盐膨润土"", ""单位"": ""吨"", ""数量"": 10}"
Sheet1,2446,抗盐膨润土,抗盐膨润土,吨,,2023-11-23T00:00:00,10,,,,"{""日期"": ""2023-11-23T00:00:00"", ""商品名称及规格"": ""抗盐膨润土"", ""单位"": ""吨"", ""数量"": 10}"
Sheet1,2447,抗盐膨润土,抗盐膨润土,吨,,2023-11-25T00:00:00,10,,,,"{""日期"": ""2023-11-25T00:00:00"", ""商品名称及规格"": ""抗盐膨润土"", ""单位"": ""吨"", ""数量"": 10}"
Sheet1,2448,工字钢14#,工字钢14#,米,,2023-12-14T00:00:00,60,,,,"{""日期"": ""2023-12-14T00:00:00"", ""商品名称及规格"": ""工字钢14#"", ""单位"": ""米"", ""数量"": 60}"
Sheet1,2449,进口液压油10L,进口液压油10L,桶,,2023-12-21T00:00:00,1,,,,"{""日期"": ""2023-12-21T00:00:00"", ""商品名称及规格"": ""进口液压油10L"", ""单位"": ""桶"", ""数量"": 1}"
Sheet1,2450,电机5.5KW,电机5.5KW,台,,2023-12-28T00:00:00,1,,,,"{""日期"": ""2023-12-28T00:00:00"", ""商品名称及规格"": ""电机5.5KW"", ""单位"": ""台"", ""数量"": 1}"
Sheet1,2451,管道泵5.5KW-50,管道泵5.5KW-50,台,,2024-01-04T00:00:00,1,,,,"{""日期"": ""2024-01-04T00:00:00"", ""商品名称及规格"": ""管道泵5.5KW-50"", ""单位"": ""台"", ""数量"": 1}"
Sheet1,2452,不锈钢液压高压球阀1寸,不锈钢液压高压球阀1寸,只,,2024-01-04T00:00:00,6,,,,"{""日期"": ""2024-01-04T00:00:00"", ""商品名称及规格"": ""不锈钢液压高压球阀1寸"", ""单位"": ""只"", ""数量"": 6}"
Sheet1,2453,液压高压外丝接头1寸,液压高压外丝接头1寸,只,,2024-01-04T00:00:00,6,,,,"{""日期"": ""2024-01-04T00:00:00"", ""商品名称及规格"": ""液压高压外丝接头1寸"", ""单位"": ""只"", ""数量"": 6}"
Sheet1,2454,弹簧式安全阀A28H-64-DN32,弹簧式安全阀A28H-64-DN32,只,,2024-01-04T00:00:00,4,,,,"{""日期"": ""2024-01-04T00:00:00"", ""商品名称及规格"": ""弹簧式安全阀A28H-64-DN32"", ""单位"": ""只"", ""数量"": 4}"
Sheet1,2455,通丝14*700,通丝14*700,只,,2024-01-04T00:00:00,150,,,,"{""日期"": ""2024-01-04T00:00:00"", ""商品名称及规格"": ""通丝14*700"", ""单位"": ""只"", ""数量"": 150}"
Sheet1,2456,山型卡,山型卡,只,,2024-01-04T00:00:00,400,,,,"{""日期"": ""2024-01-04T00:00:00"", ""商品名称及规格"": ""山型卡"", ""单位"": ""只"", ""数量"": 400}"
Sheet1,2457,法兰母,法兰母,袋,,2024-01-04T00:00:00,1,,,,"{""日期"": ""2024-01-04T00:00:00"", ""商品名称及规格"": ""法兰母"", ""单位"": ""袋"", ""数量"": 1}"
Sheet1,2458,木方4米*40*90,木方4米*40*90,根,,2024-01-04T00:00:00,50,,,,"{""日期"": ""2024-01-04T00:00:00"", ""商品名称及规格"": ""木方4米*40*90"", ""单位"": ""根"", ""数量"": 50}"
Sheet1,2459,黑模板1830*915*14,黑模板1830*915*14,张,,2024-01-04T00:00:00,20,,,,"{""日期"": ""2024-01-04T00:00:00"", ""商品名称及规格"": ""黑模板1830*915*14"", ""单位"": ""张"", ""数量"": 20}"
Sheet1,2460,红模板1830*915*14,红模板1830*915*14,张,,2024-01-04T00:00:00,40,,,,"{""日期"": ""2024-01-04T00:00:00"", ""商品名称及规格"": ""红模板1830*915*14"", ""单位"": ""张"", ""数量"": 40}"
Sheet1,2461,油性聚氨酯10KG,油性聚氨酯10KG,桶,,2024-01-12T00:00:00,3,,,,"{""日期"": ""2024-01-12T00:00:00"", ""商品名称及规格"": ""油性聚氨酯10KG"", ""单位"": ""桶"", ""数量"": 3}"
Sheet1,2462,丙酮10KG,丙酮10KG,桶,,2024-01-12T00:00:00,1,,,,"{""日期"": ""2024-01-12T00:00:00"", ""商品名称及规格"": ""丙酮10KG"", ""单位"": ""桶"", ""数量"": 1}"
Sheet1,2463,双快水泥,双快水泥,包,,2024-01-12T00:00:00,5,,,,"{""日期"": ""2024-01-12T00:00:00"", ""商品名称及规格"": ""双快水泥"", ""单位"": ""包"", ""数量"": 5}"
Sheet1,2464,博世五坑三槽钻头Φ12*200,博世五坑三槽钻头Φ12*200,支,,2024-01-12T00:00:00,2,,,,"{""日期"": ""2024-01-12T00:00:00"", ""商品名称及规格"": ""博世五坑三槽钻头Φ12*200"", ""单位"": ""支"", ""数量"": 2}"
Sheet1,2465,注浆止水针头150mm,注浆止水针头150mm,支,,2024-01-12T00:00:00,50,,,,"{""日期"": ""2024-01-12T00:00:00"", ""商品名称及规格"": ""注浆止水针头150mm"", ""单位"": ""支"", ""数量"": 50}"
Sheet1,2466,注浆止水针头100mm,注浆止水针头100mm,支,,2024-01-12T00:00:00,50,,,,"{""日期"": ""2024-01-12T00:00:00"", ""商品名称及规格"": ""注浆止水针头100mm"", ""单位"": ""支"", ""数量"": 50}"
Sheet1,2467,高压注浆机,高压注浆机,台,,2024-01-12T00:00:00,1,,,,"{""日期"": ""2024-01-12T00:00:00"", ""商品名称及规格"": ""高压注浆机"", ""单位"": ""台"", ""数量"": 1}"
Sheet1,2468,注浆管5米带配件,注浆管5米带配件,套,,2024-01-12T00:00:00,1,,,,"{""日期"": ""2024-01-12T00:00:00"", ""商品名称及规格"": ""注浆管5米带配件"", ""单位"": ""套"", ""数量"": 1}"
Sheet1,2469,油管+接头一批物流费260元,油管+接头一批物流费260元,项,,2023-07-14T00:00:00,1,,,,"{""日期"": ""2023-07-14T00:00:00"", ""商品名称及规格"": ""油管+接头一批物流费260元"", ""单位"": ""项"", ""数量"": 1}"
Sheet1,2470,DN200接头顺丰快递46元,DN200接头顺丰快递46元,项,,2023-07-19T00:00:00,1,,,,"{""日期"": ""2023-07-19T00:00:00"", ""商品名称及规格"": ""DN200接头顺丰快递46元"", ""单位"": ""项"", ""数量"": 1}"
Sheet1,2471,钢丝绳运费96元,钢丝绳运费96元,项,,2023-07-25T00:00:00,1,,,,"{""日期"": ""2023-07-25T00:00:00"", ""商品名称及规格"": ""钢丝绳运费96元"", ""单位"": ""项"", ""数量"": 1}"
Sheet1,2472,密封胶物流快递费120元,密封胶物流快递费120元,项,,2023-07-25T00:00:00,1,,,,"{""日期"": ""2023-07-25T00:00:00"", ""商品名称及规格"": ""密封胶物流快递费120元"", ""单位"": ""项"", ""数量"": 1}"
Sheet1,2473,齿轮油运费80元,齿轮油运费80元,项,,2023-08-11T00:00:00,1,,,,"{""日期"": ""2023-08-11T00:00:00"", ""商品名称及规格"": ""齿轮油运费80元"", ""单位"": ""项"", ""数量"": 1}"
Sheet1,2474,空压机管顺丰邮费110元,空压机管顺丰邮费110元,项,,2023-08-13T00:00:00,1,,,,"{""日期"": ""2023-08-13T00:00:00"", ""商品名称及规格"": ""空压机管顺丰邮费110元"", ""单位"": ""项"", ""数量"": 1}"
Sheet1,2475,接头顺丰快递21元,接头顺丰快递21元,项,,2023-08-15T00:00:00,1,,,,"{""日期"": ""2023-08-15T00:00:00"", ""商品名称及规格"": ""接头顺丰快递21元"", ""单位"": ""项"", ""数量"": 1}"
Sheet1,2476,5捆丙轮吊布运费110元,5捆丙轮吊布运费110元,项,,2023-08-15T00:00:00,1,,,,"{""日期"": ""2023-08-15T00:00:00"", ""商品名称及规格"": ""5捆丙轮吊布运费110元"", ""单位"": ""项"", ""数量"": 1}"
Sheet1,2477,胶管运费190元,胶管运费190元,项,,2023-08-16T00:00:00,1,,,,"{""日期"": ""2023-08-16T00:00:00"", ""商品名称及规格"": ""胶管运费190元"", ""单位"": ""项"", ""数量"": 1}"
Sheet1,2478,T型螺丝顺丰运费59元,T型螺丝顺丰运费59元,项,,2023-08-16T00:00:00,1,,,,"{""日期"": ""2023-08-16T00:00:00"", ""商品名称及规格"": ""T型螺丝顺丰运费59元"", ""单位"": ""项"", ""数量"": 1}"
Sheet1,2479,氟胶O型盒装顺丰快递30元,氟胶O型盒装顺丰快递30元,项,,2023-08-16T00:00:00,1,,,,"{""日期"": ""2023-08-16T00:00:00"", ""商品名称及规格"": ""氟胶O型盒装顺丰快递30元"", ""单位"": ""项"", ""数量"": 1}"
Sheet1,2480,接头顺丰快递42元,接头顺丰快递42元,项,,2023-08-16T00:00:00,1,,,,"{""日期"": ""2023-08-16T00:00:00"", ""商品名称及规格"": ""接头顺丰快递42元"", ""单位"": ""项"", ""数量"": 1}"
Sheet1,2481,膨润土运费800元,膨润土运费800元,项,,2023-08-31T00:00:00,1,,,,"{""日期"": ""2023-08-31T00:00:00"", ""商品名称及规格"": ""膨润土运费800元"", ""单位"": ""项"", ""数量"": 1}"
Sheet1,2482,加工离心机滤网运费110元,加工离心机滤网运费110元,项,,2023-09-05T00:00:00,1,,,,"{""日期"": ""2023-09-05T00:00:00"", ""商品名称及规格"": ""加工离心机滤网运费110元"", ""单位"": ""项"", ""数量"": 1}"
Sheet1,2483,抗盐膨润土运费1400元,抗盐膨润土运费1400元,项,,2023-09-10T00:00:00,1,,,,"{""日期"": ""2023-09-10T00:00:00"", ""商品名称及规格"": ""抗盐膨润土运费1400元"", ""单位"": ""项"", ""数量"": 1}"
Sheet1,2484,接头顺丰快递56元,接头顺丰快递56元,项,,2023-09-12T00:00:00,1,,,,"{""日期"": ""2023-09-12T00:00:00"", ""商品名称及规格"": ""接头顺丰快递56元"", ""单位"": ""项"", ""数量"": 1}"
Sheet1,2485,普赛达密封胶运费130元,普赛达密封胶运费130元,项,,2023-09-12T00:00:00,1,,,,"{""日期"": ""2023-09-12T00:00:00"", ""商品名称及规格"": ""普赛达密封胶运费130元"", ""单位"": ""项"", ""数量"": 1}"
Sheet1,2486,T型螺丝顺丰快递85元,T型螺丝顺丰快递85元,项,,2023-09-12T00:00:00,1,,,,"{""日期"": ""2023-09-12T00:00:00"", ""商品名称及规格"": ""T型螺丝顺丰快递85元"", ""单位"": ""项"", ""数量"": 1}"
Sheet1,2487,管夹运费48元,管夹运费48元,项,,2023-09-19T00:00:00,1,,,,"{""日期"": ""2023-09-19T00:00:00"", ""商品名称及规格"": ""管夹运费48元"", ""单位"": ""项"", ""数量"": 1}"
Sheet1,2488,密封胶运费130元,密封胶运费130元,项,,2023-09-20T00:00:00,1,,,,"{""日期"": ""2023-09-20T00:00:00"", ""商品名称及规格"": ""密封胶运费130元"", ""单位"": ""项"", ""数量"": 1}"
Sheet1,2489,超高压接运费130元,超高压接运费130元,项,,2023-09-21T00:00:00,1,,,,"{""日期"": ""2023-09-21T00:00:00"", ""商品名称及规格"": ""超高压接运费130元"", ""单位"": ""项"", ""数量"": 1}"
Sheet1,2490,胶管运费60元,胶管运费60元,项,,2023-10-06T00:00:00,1,,,,"{""日期"": ""2023-10-06T00:00:00"", ""商品名称及规格"": ""胶管运费60元"", ""单位"": ""项"", ""数量"": 1}"
Sheet1,2491,膨润土运费1400元,膨润土运费1400元,项,,2023-10-07T00:00:00,1,,,,"{""日期"": ""2023-10-07T00:00:00"", ""商品名称及规格"": ""膨润土运费1400元"", ""单位"": ""项"", ""数量"": 1}"
Sheet1,2492,T型螺丝运费57元,T型螺丝运费57元,项,,2023-10-10T00:00:00,1,,,,"{""日期"": ""2023-10-10T00:00:00"", ""商品名称及规格"": ""T型螺丝运费57元"", ""单位"": ""项"", ""数量"": 1}"
Sheet1,2493,密封胶10箱上海发运费130元,密封胶10箱上海发运费130元,项,,2023-10-11T00:00:00,1,,,,"{""日期"": ""2023-10-11T00:00:00"", ""商品名称及规格"": ""密封胶10箱上海发运费130元"", ""单位"": ""项"", ""数量"": 1}"
Sheet1,2494,密封胶10箱广东发运费206元,密封胶10箱广东发运费206元,项,,2023-10-11T00:00:00,1,,,,"{""日期"": ""2023-10-11T00:00:00"", ""商品名称及规格"": ""密封胶10箱广东发运费206元"", ""单位"": ""项"", ""数量"": 1}"
Sheet1,2495,六联管夹邮费35元,六联管夹邮费35元,项,,2023-10-19T00:00:00,1,,,,"{""日期"": ""2023-10-19T00:00:00"", ""商品名称及规格"": ""六联管夹邮费35元"", ""单位"": ""项"", ""数量"": 1}"
Sheet1,2496,膨润土运费1400元,膨润土运费1400元,项,,2023-10-19T00:00:00,1,,,,"{""日期"": ""2023-10-19T00:00:00"", ""商品名称及规格"": ""膨润土运费1400元"", ""单位"": ""项"", ""数量"": 1}"
Sheet1,2497,风筒运费100元,风筒运费100元,项,,2023-10-23T00:00:00,1,,,,"{""日期"": ""2023-10-23T00:00:00"", ""商品名称及规格"": ""风筒运费100元"", ""单位"": ""项"", ""数量"": 1}"
Sheet1,2498,膨润土运费1400元,膨润土运费1400元,项,,2023-10-25T00:00:00,1,,,,"{""日期"": ""2023-10-25T00:00:00"", ""商品名称及规格"": ""膨润土运费1400元"", ""单位"": ""项"", ""数量"": 1}"
Sheet1,2499,密封胶运费153元,密封胶运费153元,项,,2023-10-27T00:00:00,1,,,,"{""日期"": ""2023-10-27T00:00:00"", ""商品名称及规格"": ""密封胶运费153元"", ""单位"": ""项"", ""数量"": 1}"
Sheet1,2500,膨润土运费1400元,膨润土运费1400元,项,,2023-10-29T00:00:00,1,,,,"{""日期"": ""2023-10-29T00:00:00"", ""商品名称及规格"": ""膨润土运费1400元"", ""单位"": ""项"", ""数量"": 1}"
Sheet1,2501,膨润土运费1400元,膨润土运费1400元,项,,2023-10-30T00:00:00,1,,,,"{""日期"": ""2023-10-30T00:00:00"", ""商品名称及规格"": ""膨润土运费1400元"", ""单位"": ""项"", ""数量"": 1}"
Sheet1,2502,膨润土运费1400元,膨润土运费1400元,项,,2023-10-31T00:00:00,1,,,,"{""日期"": ""2023-10-31T00:00:00"", ""商品名称及规格"": ""膨润土运费1400元"", ""单位"": ""项"", ""数量"": 1}"
