标准名称	必填规格	辅助规格	标准分组	标准单位	别名/土名	放行等级	整理依据
吊钩保险扣	适配：行车吊钩；额定载荷：20T；部件：保险扣		吊装索具/吊钩配件	个	行车吊钩保险扣20T	C	适配吊钩型号/材质缺失，会影响吊钩保险扣SKU区分
吊钩保险扣	适配：行车吊钩；额定载荷：16T；部件：保险扣		吊装索具/吊钩配件	个	行车吊钩保险扣16T	C	适配吊钩型号/材质缺失，会影响吊钩保险扣SKU区分
不锈钢单向阀	材质：不锈钢；规格：1寸；类型：单向阀		阀门/单向阀	只	不锈钢单向阀1寸	C	压力等级/连接形式缺失，会影响单向阀SKU区分
阻燃挤塑板	特性：阻燃；尺寸：2.2m*0.6m*0.1m	数量描述：116块	保温材料/挤塑板	平方	阻燃挤塑板2.2m*0.6m*0.1m*116块	C	阻燃等级/密度缺失，会影响挤塑板SKU区分
阻燃挤塑板	特性：阻燃；尺寸：2.2m*0.6m*0.05m	数量描述：64块	保温材料/挤塑板	平方	阻燃挤塑板2.2m*0.6m*0.05m*64块	C	阻燃等级/密度缺失，会影响挤塑板SKU区分
开关底盒	品牌：公牛；安装方式：明装；部件：底盒底座		电气/开关插座辅材	套	公牛明装开关底盒底座	C	规格/孔位缺失，会影响开关底盒SKU区分
硅晶板	颜色：透明；尺寸：0.8m*0.45m*0.05m		板材/硅晶板	块	透明硅晶板0.8m*0.45m*0.05m	C	材质等级/用途缺失，会影响硅晶板SKU区分
墙纸	颜色：白色；尺寸：3m*0.325m		建筑装饰材料/墙纸	块	白色墙纸3m*0.325m	C	材质/胶面缺失且单位是否按块采购需确认
多层实木板	材质：多层实木；尺寸：2.44m*1.22m*0.018m		木材板材/实木板	张	多层实木板2.44m*1.22m*0.018m	C	等级/环保等级缺失，会影响实木板SKU区分
油漆滚筒	用途：油漆		涂装工具/滚筒	包	油漆滚筒	C	每包数量/尺寸缺失，会影响油漆滚筒按包采购的SKU区分
滚筒柄	部件：滚筒柄		涂装工具/滚筒配件	把	滚筒柄	C	适配滚筒宽度/柄长缺失，会影响滚筒柄SKU区分
钻头	适用材质：不锈钢；直径：3.2mm		工具/钻头	支	不锈钢钻头3.2mm	C	钻头材质/柄型缺失，会影响钻头SKU区分
镀锌板剪刀	材质：合金钢；用途：镀锌板；规格：20寸		工具/剪切工具	把	合金钢镀锌板剪刀20寸	C	剪切厚度/品牌缺失，会影响镀锌板剪刀SKU区分
铣刀钻头	适用材质：不锈钢；直径：4mm		工具/钻铣刀具	支	不锈钢铣刀钻头4mm	C	刀具类型/柄径缺失，会影响钻铣刀具SKU区分
铣刀钻头	适用材质：不锈钢；直径：10mm		工具/钻铣刀具	支	不锈钢铣刀钻头10mm	C	刀具类型/柄径缺失，会影响钻铣刀具SKU区分
管型接线端子	类型：管型；适配线径：4平方		电气/接线端子	包	管型接线端子4平方	C	每包数量/颜色/端头形式缺失，会影响接线端子SKU区分
切割片	直径：Φ355		磨具磨料/切割片	片	切割片Φ355	C	厚度/孔径/材质缺失，会影响切割片SKU区分
钢丝刷	柄材质：铁柄；类型：钢丝刷		涂装工具/刷子	个	铁柄钢丝刷	C	尺寸/形制缺失，会影响钢丝刷SKU区分
钻头	适用材质：不锈钢；直径：6mm		工具/钻头	支	不锈钢钻头6mm	C	钻头材质/柄型缺失，会影响钻头SKU区分
钻头	适用材质：不锈钢；直径：4mm		工具/钻头	支	不锈钢钻头4mm	C	钻头材质/柄型缺失，会影响钻头SKU区分
电钻夹头钥匙	适配：电钻夹头；部件：钥匙		电动工具/电钻配件	把	电钻夹头钥匙	C	适配夹头规格缺失，会影响电钻夹头钥匙SKU区分
防水乳胶漆	品牌：立邦；特性：防水；包装：18KG		油漆涂料/乳胶漆	桶	立邦防水乳胶漆18KG	C	颜色/型号缺失，会影响乳胶漆SKU区分
四氟垫片	定制：是；材质：四氟；规格：Φ450*440*2	加工：是	定制件/密封垫片	件	加工四氟垫片Φ450*440*2	C	内外径含义/图纸缺失，按定制密封垫片候选
防水乳胶漆	品牌：立邦；颜色：白色；特性：防水；包装：18KG		油漆涂料/乳胶漆	桶	立邦白色防水乳胶漆18KG	C	型号缺失，会影响乳胶漆SKU区分
油漆滚筒	规格：大号；用途：油漆		涂装工具/滚筒	个	大号滚筒；大滚筒	C	大号未给出具体尺寸/毛长，会影响油漆滚筒SKU区分
油漆滚筒	规格：中号；用途：油漆		涂装工具/滚筒	个	中号滚筒	C	中号未给出具体尺寸/毛长，会影响油漆滚筒SKU区分
一字螺丝刀	品牌：得力；类型：一字		工具/手动工具	把	得力一字螺丝刀	C	规格/杆长缺失，会影响一字螺丝刀SKU区分
UPVC饮水管	品牌：公元；材质：UPVC；用途：饮水；直径：Φ25		管材/UPVC给水管	米	公元UPVCΦ25饮水管	C	给水标准/压力等级/壁厚缺失，会影响UPVC饮水管SKU区分
UPVC Y型三通	品牌：公元；材质：UPVC；直径：Φ25；类型：Y型三通		管件/UPVC给水管件	只	公元UPVCΦ25Y型三通	C	给水标准/压力等级缺失，会影响UPVC管件SKU区分
UPVC三通	品牌：公元；材质：UPVC；直径：Φ25；类型：三通		管件/UPVC给水管件	只	公元UPVCΦ25三通	C	给水标准/压力等级缺失，会影响UPVC管件SKU区分
UPVC弯头	品牌：公元；材质：UPVC；直径：Φ25；角度：90度		管件/UPVC给水管件	只	公元UPVCΦ25弯头90度	C	给水标准/压力等级缺失，会影响UPVC管件SKU区分
UPVC弯头	品牌：公元；材质：UPVC；直径：Φ25；角度：45度		管件/UPVC给水管件	只	公元UPVCΦ25弯头45度	C	给水标准/压力等级缺失，会影响UPVC管件SKU区分
UPVC直接	品牌：公元；材质：UPVC；直径：Φ25；类型：直接		管件/UPVC给水管件	只	公元UPVCΦ25直接头	C	给水标准/压力等级缺失，会影响UPVC管件SKU区分
不锈钢合页	材质：不锈钢；类型：合页		五金/门窗五金	付	不锈钢合页	C	尺寸/厚度缺失，会影响合页SKU区分
万向脚轮	类型：万向轮；配置：带刹车		物流搬运/脚轮	只	万向轮带刹车	C	尺寸/载重缺失，会影响脚轮SKU区分
门插销	材质：不锈钢；用途：门；类型：插销		五金/门窗五金	套	不锈钢门插销	C	尺寸/孔距缺失，会影响门插销SKU区分
锁扣	材质：不锈钢；用途：外门；类型：锁扣		五金/锁具配件	套	不锈钢外门锁扣	C	尺寸/孔距缺失，会影响锁扣SKU区分
焊条	品牌：大西洋；牌号：422；直径：2.5		焊接材料/焊条	箱	大西洋422型2.5焊条	C	每箱重量/执行标准缺失，会影响焊条按箱采购的SKU区分
焊条	品牌：大西洋；牌号：422；直径：3.2		焊接材料/焊条	箱	大西洋422型3.2焊条	C	每箱重量/执行标准缺失，会影响焊条按箱采购的SKU区分
时间继电器	品牌：施耐德；类型：多功能时间继电器		电气/继电器	只	施耐德多功能时间继电器	C	电压/型号/时间范围缺失，会影响时间继电器SKU区分
一次性雨衣	特征：加厚；类型：一次性雨衣		劳保耗材/雨具	套	加厚一次性雨衣	C	尺码/厚度缺失，会影响一次性雨衣SKU区分
电箱刀闸推拉杆	适配：1级电箱刀闸；部件：推拉杆		电气/配电箱配件	只	1级电箱刀闸推拉杆	C	尺寸/适配刀闸型号缺失，会影响推拉杆SKU区分
内墙乳胶漆	品牌：立邦；系列：云净；特性：抗甲醛；用途：内墙；包装：5L		油漆涂料/乳胶漆	桶	立邦云净抗甲醛内墙乳胶漆5L	C	颜色/型号缺失，会影响乳胶漆SKU区分
刮板	类型：刮板		涂装工具/刮板	个	刮板	C	材质/尺寸缺失，会影响刮板SKU区分
门吸	材质：304不锈钢；类型：门柱吸/门吸		五金/门窗五金	付	304不锈钢门柱吸	C	安装方式/尺寸缺失，会影响门吸SKU区分
门锁	材质：铝合金；适配对象：断桥铝门；类型：门锁		五金/锁具	套	铝合金断桥铝门锁	C	锁体规格/执手方向缺失，会影响门锁SKU区分
羊毛刷	规格：4寸；材质：羊毛		涂装工具/刷子	把	羊毛刷4寸	A	
锰钢链条	材质：锰钢；规格：22mm		吊装索具/链条	米	锰钢链条22mm	C	等级/破断拉力缺失，会影响起重链条SKU区分
起重链条调节器	额定载荷：15T；类型：调节器		吊装索具/链条配件	个	起重链条调节器15T	C	材质/适配链条规格缺失，会影响链条调节器SKU区分
蝴蝶扣子母环	额定载荷：15T；类型：蝴蝶扣子母环		吊装索具/链条配件	个	蝴蝶扣子母环15T	C	材质/标准缺失，会影响蝴蝶扣子母环SKU区分
