batch_id	top_group	material_family	item_code	item_name	required_specs	optional_specs	stock_uom	aliases	quality_level	governance_note
batch_007	包装覆盖周转	覆盖材料	MAT-000021	彩条布	规格：12*30米		平方	12*30米彩条布	standard	导入口径：import_ready；重分类：工程材料/篷布油布 -> 包装覆盖周转/覆盖材料；分类置信度：high；彩条布用于覆盖防护，旧工程材料过宽。；二级物料族人工预览：合并 -> 包装覆盖周转/覆盖材料；置信度：高；判断：彩条布是临时覆盖材料，符合覆盖材料目标族。；下一步：合并到覆盖材料，第三层保留彩条布并维护宽度、长度、颜色。
batch_007	包装覆盖周转	覆盖材料	MAT-000026	气泡膜	特征：加厚		米	加厚气泡膜	needs_review	缺失规格：宽度；厚度；整理依据：宽度/厚度缺失，无法区分气泡膜SKU；导入口径：do_not_import_missing_specs；重分类：包装材料/缓冲包装 -> 包装覆盖周转/缓冲包装；分类置信度：high；气泡膜是缓冲包装材料；新建二级缓冲包装。；二级物料族人工预览：合并 -> 包装覆盖周转/覆盖材料；置信度：中；判断：气泡膜是缓冲包装材料，目标覆盖材料 include_terms 已包含气泡膜。；下一步：合并到覆盖材料，第三层保留气泡膜；若数量增长可评估缓冲包装族。
batch_007	包装覆盖周转	覆盖材料	MAT-000027	保鲜膜	规格：大卷		件	保鲜膜大卷	needs_review	缺失规格：长度；宽度；厚度；整理依据：宽度/长度/厚度缺失，无法区分大卷保鲜膜SKU；导入口径：do_not_import_missing_specs；重分类：包装材料/薄膜 -> 包装覆盖周转/覆盖材料；分类置信度：medium；保鲜膜为薄膜覆盖/包装材料，按覆盖材料承接。；二级物料族人工预览：合并 -> 包装覆盖周转/覆盖材料；置信度：中；判断：保鲜膜是薄膜覆盖材料，当前包装覆盖口径可由覆盖材料承接。；下一步：合并到覆盖材料，第三层保留保鲜膜并维护宽度、长度、厚度。
batch_007	包装覆盖周转	覆盖材料	MAT-000029	玻璃纸	类型：玻璃纸		米	玻璃纸	needs_review	缺失规格：宽度；厚度；整理依据：宽度/厚度缺失，按米计量时无法区分玻璃纸SKU；导入口径：do_not_import_missing_specs；重分类：包装材料/薄膜纸品 -> 包装覆盖周转/覆盖材料；分类置信度：medium；玻璃纸为薄膜纸类覆盖包装材料，按覆盖材料归类。；二级物料族人工预览：合并 -> 包装覆盖周转/覆盖材料；置信度：中；判断：玻璃纸用于包覆或覆盖，数量少，适合并入覆盖材料。；下一步：合并到覆盖材料，第三层保留玻璃纸并维护尺寸、材质。
batch_007	包装覆盖周转	覆盖材料	MAT-000062	缠绕膜	颜色：透明；宽度：50cm；重量：5KG		个	透明缠绕膜50cm*5KG	usable	缺失规格：材质；整理依据：材质/芯径缺失，按颜色/宽度/重量先建候选；导入口径：confirm_then_import；重分类：包装材料/缠绕膜 -> 包装覆盖周转/覆盖材料；分类置信度：high；缠绕膜用于包装覆盖。；二级物料族人工预览：合并 -> 包装覆盖周转/覆盖材料；置信度：高；判断：缠绕膜是包装覆盖薄膜，目标覆盖材料已包含缠绕膜。；下一步：合并到覆盖材料，第三层保留缠绕膜并维护宽度、重量、颜色。
batch_007	包装覆盖周转	覆盖材料	MAT-000166	加厚油布	尺寸：12米*12米；特征：加厚		㎡	加厚油布12米*12米	needs_review	缺失规格：材质；整理依据：材质/克重/防水等级缺失，无法稳定区分油布SKU；导入口径：do_not_import_missing_specs；重分类：覆盖材料/油布 -> 包装覆盖周转/覆盖材料；分类置信度：high；油布用于覆盖防护，旧覆盖材料可标准归并。；二级物料族人工预览：合并 -> 包装覆盖周转/覆盖材料；置信度：高；判断：油布用于覆盖、防雨和临时保护，符合覆盖材料目标族。；下一步：合并到覆盖材料，第三层保留油布并维护尺寸、厚度、材质。
batch_007	包装覆盖周转	覆盖材料	MAT-000167	加厚油布	尺寸：10米*8米；特征：加厚		㎡	加厚油布10米*8米	needs_review	缺失规格：材质；整理依据：材质/克重/防水等级缺失，无法稳定区分油布SKU；导入口径：do_not_import_missing_specs；重分类：覆盖材料/油布 -> 包装覆盖周转/覆盖材料；分类置信度：high；油布用于覆盖防护，旧覆盖材料可标准归并。；二级物料族人工预览：合并 -> 包装覆盖周转/覆盖材料；置信度：高；判断：油布用于覆盖、防雨和临时保护，符合覆盖材料目标族。；下一步：合并到覆盖材料，第三层保留油布并维护尺寸、厚度、材质。
batch_007	包装覆盖周转	覆盖材料	MAT-000168	彩条布	颜色：三色；尺寸：4m*30m		㎡	三色彩条布4m*30m	needs_review	缺失规格：材质；整理依据：克重/材质缺失，可能影响彩条布SKU区分；导入口径：do_not_import_missing_specs；重分类：覆盖材料/彩条布 -> 包装覆盖周转/覆盖材料；分类置信度：high；彩条布用于覆盖防护，旧工程材料过宽。；二级物料族人工预览：合并 -> 包装覆盖周转/覆盖材料；置信度：高；判断：彩条布是临时覆盖材料，符合覆盖材料目标族。；下一步：合并到覆盖材料，第三层保留彩条布并维护宽度、长度、颜色。
batch_007	包装覆盖周转	覆盖材料	MAT-000172	彩条布	宽度：4米		㎡	彩条布4米	needs_review	缺失规格：材质；长度；整理依据：长度/克重/材质缺失，会影响彩条布SKU区分；导入口径：do_not_import_missing_specs；重分类：覆盖材料/彩条布 -> 包装覆盖周转/覆盖材料；分类置信度：high；彩条布用于覆盖防护，旧工程材料过宽。；二级物料族人工预览：合并 -> 包装覆盖周转/覆盖材料；置信度：高；判断：彩条布是临时覆盖材料，符合覆盖材料目标族。；下一步：合并到覆盖材料，第三层保留彩条布并维护宽度、长度、颜色。
batch_007	包装覆盖周转	覆盖材料	MAT-000173	油布	尺寸：4米*6米		㎡	油布4米*6米	needs_review	缺失规格：材质；整理依据：材质/克重/防水等级缺失，会影响油布SKU区分；导入口径：do_not_import_missing_specs；重分类：覆盖材料/油布 -> 包装覆盖周转/覆盖材料；分类置信度：high；油布用于覆盖防护，旧劳保耗材不应作为分类。；二级物料族人工预览：合并 -> 包装覆盖周转/覆盖材料；置信度：高；判断：油布用于覆盖、防雨和临时保护，符合覆盖材料目标族。；下一步：合并到覆盖材料，第三层保留油布并维护尺寸、厚度、材质。
batch_007	包装覆盖周转	覆盖材料	MAT-000179	彩条布	类型：彩条布		㎡	彩条布	needs_review	缺失规格：宽度；整理依据：宽度/克重缺失，会影响彩条布SKU区分；导入口径：do_not_import_missing_specs；重分类：覆盖材料/彩条布 -> 包装覆盖周转/覆盖材料；分类置信度：high；彩条布用于覆盖防护，旧工程材料过宽。；二级物料族人工预览：合并 -> 包装覆盖周转/覆盖材料；置信度：高；判断：彩条布是临时覆盖材料，符合覆盖材料目标族。；下一步：合并到覆盖材料，第三层保留彩条布并维护宽度、长度、颜色。
batch_007	包装覆盖周转	覆盖材料	MAT-000188	油布	尺寸：10m*8.5m		㎡	油布10m*8.5m	needs_review	缺失规格：材质；整理依据：材质/克重/防水等级缺失，会影响油布SKU区分；导入口径：do_not_import_missing_specs；重分类：覆盖材料/油布 -> 包装覆盖周转/覆盖材料；分类置信度：high；油布用于覆盖防护，旧劳保耗材不应作为分类。；二级物料族人工预览：合并 -> 包装覆盖周转/覆盖材料；置信度：高；判断：油布用于覆盖、防雨和临时保护，符合覆盖材料目标族。；下一步：合并到覆盖材料，第三层保留油布并维护尺寸、厚度、材质。
batch_007	包装覆盖周转	覆盖材料	MAT-000224	油布	特征：加厚；尺寸：6m*6m		块	加厚油布6m*6m	needs_review	缺失规格：材质；整理依据：材质/克重/防水等级缺失，会影响油布SKU区分；导入口径：do_not_import_missing_specs；重分类：覆盖材料/油布 -> 包装覆盖周转/覆盖材料；分类置信度：high；油布用于覆盖防护，旧劳保耗材不应作为分类。；二级物料族人工预览：合并 -> 包装覆盖周转/覆盖材料；置信度：高；判断：油布用于覆盖、防雨和临时保护，符合覆盖材料目标族。；下一步：合并到覆盖材料，第三层保留油布并维护尺寸、厚度、材质。
batch_007	包装覆盖周转	覆盖材料	MAT-000237	油布	特征：加厚；尺寸：4m*4m		块	加厚油布4m*4m	needs_review	缺失规格：材质；整理依据：材质/克重/防水等级缺失，无法区分油布SKU；导入口径：do_not_import_missing_specs；重分类：覆盖材料/油布 -> 包装覆盖周转/覆盖材料；分类置信度：high；油布用于覆盖防护，旧劳保耗材不应作为分类。；二级物料族人工预览：合并 -> 包装覆盖周转/覆盖材料；置信度：高；判断：油布用于覆盖、防雨和临时保护，符合覆盖材料目标族。；下一步：合并到覆盖材料，第三层保留油布并维护尺寸、厚度、材质。
batch_007	包装覆盖周转	覆盖材料	MAT-000238	油布	特征：加厚；尺寸：4m*8m		块	加厚油布4m*8m	needs_review	缺失规格：材质；整理依据：材质/克重/防水等级缺失，无法区分油布SKU；导入口径：do_not_import_missing_specs；重分类：覆盖材料/油布 -> 包装覆盖周转/覆盖材料；分类置信度：high；油布用于覆盖防护，旧劳保耗材不应作为分类。；二级物料族人工预览：合并 -> 包装覆盖周转/覆盖材料；置信度：高；判断：油布用于覆盖、防雨和临时保护，符合覆盖材料目标族。；下一步：合并到覆盖材料，第三层保留油布并维护尺寸、厚度、材质。
batch_007	包装覆盖周转	覆盖材料	SAFE-000030	彩条布	宽度：4米		平方	4米彩条布	usable	缺失规格：材质；整理依据：克重/材质缺失，需确认是否影响同宽度SKU；导入口径：confirm_then_import；重分类：建筑材料/防护覆盖 -> 包装覆盖周转/覆盖材料；分类置信度：high；彩条布用于覆盖防护，旧工程材料过宽。；二级物料族人工预览：合并 -> 包装覆盖周转/覆盖材料；置信度：高；判断：彩条布是临时覆盖材料，符合覆盖材料目标族。；下一步：合并到覆盖材料，第三层保留彩条布并维护宽度、长度、颜色。
batch_007	包装覆盖周转	覆盖材料	SAFE-000034	油布	特征：加厚		平方	加厚油布	needs_review	缺失规格：材质；整理依据：材质/克重缺失，仅“加厚”无法稳定区分SKU；导入口径：do_not_import_missing_specs；重分类：建筑材料/防护覆盖 -> 包装覆盖周转/覆盖材料；分类置信度：high；油布用于覆盖防护，旧劳保耗材不应作为分类。；二级物料族人工预览：合并 -> 包装覆盖周转/覆盖材料；置信度：高；判断：油布用于覆盖、防雨和临时保护，符合覆盖材料目标族。；下一步：合并到覆盖材料，第三层保留油布并维护尺寸、厚度、材质。
batch_007	包装覆盖周转	覆盖材料	SAFE-000041	遮阳网	特征：密		平方	密遮阳网	needs_review	缺失规格：材质；整理依据：针数/遮光率/材质缺失，密不足以唯一确定遮阳网SKU；导入口径：do_not_import_missing_specs；重分类：安全设施/防护网 -> 建筑材料/覆盖防护材料；分类置信度：high；遮阳网用于覆盖遮阳防护，不是人员安全防护网。；二级物料族人工预览：移出 -> 包装覆盖周转/覆盖材料；置信度：中；判断：遮阳网是临时覆盖和遮挡材料，不属于建筑主材；和覆盖材料目标族更接近。；下一步：移出到包装覆盖周转的覆盖材料，后续确认是否长期安装构件。
batch_007	包装覆盖周转	覆盖材料	SAFE-000042	防尘网	规格：10针		平方	10针防尘网	usable	缺失规格：材质；颜色；整理依据：材质/颜色/克重缺失，按10针防尘网先建候选；导入口径：confirm_then_import；重分类：安全设施/防护网 -> 建筑材料/覆盖防护材料；分类置信度：high；防尘网用于土方覆盖抑尘，旧安全设施偏泛。；二级物料族人工预览：移出 -> 包装覆盖周转/覆盖材料；置信度：中；判断：防尘网是现场覆盖防护材料，不属于砖板、水泥或装修主材，和覆盖材料口径更接近。；下一步：移出到包装覆盖周转的覆盖材料，采购前确认是否为安全防护网。
batch_007	包装覆盖周转	覆盖材料	SAFE-000051	油布	类型：油布		平方	油布	needs_review	缺失规格：材质；厚度；整理依据：厚度/材质缺失，无法稳定区分油布SKU；导入口径：do_not_import_missing_specs；重分类：建筑材料/防护覆盖 -> 包装覆盖周转/覆盖材料；分类置信度：high；油布用于覆盖防护，旧劳保耗材不应作为分类。；二级物料族人工预览：合并 -> 包装覆盖周转/覆盖材料；置信度：高；判断：油布用于覆盖、防雨和临时保护，符合覆盖材料目标族。；下一步：合并到覆盖材料，第三层保留油布并维护尺寸、厚度、材质。
batch_007	包装覆盖周转	覆盖材料	SAFE-000056	油布	特征：加厚		平方	加厚油布；油布加厚	needs_review	缺失规格：材质；颜色；整理依据：材质/克重/颜色缺失，无法稳定区分油布SKU；导入口径：do_not_import_missing_specs；重分类：劳保耗材/覆盖防护 -> 包装覆盖周转/覆盖材料；分类置信度：high；油布用于覆盖防护，旧劳保耗材不应作为分类。；二级物料族人工预览：合并 -> 包装覆盖周转/覆盖材料；置信度：高；判断：油布用于覆盖、防雨和临时保护，符合覆盖材料目标族。；下一步：合并到覆盖材料，第三层保留油布并维护尺寸、厚度、材质。
batch_007	包装覆盖周转	覆盖材料	SAFE-000069	油布	特征：加厚		m2	加厚油布	usable	缺失规格：材质；厚度；整理依据：材质/厚度缺失；单位m2/平方米需统一；导入口径：confirm_then_import；重分类：劳保耗材/覆盖防护 -> 包装覆盖周转/覆盖材料；分类置信度：high；油布用于覆盖防护，旧劳保耗材不应作为分类。；二级物料族人工预览：合并 -> 包装覆盖周转/覆盖材料；置信度：高；判断：油布用于覆盖、防雨和临时保护，符合覆盖材料目标族。；下一步：合并到覆盖材料，第三层保留油布并维护尺寸、厚度、材质。
batch_007	包装覆盖周转	覆盖材料	SAFE-000084	油布	品类：油布		平方	油布	needs_review	缺失规格：材质；整理依据：材质/克重/幅宽缺失，无法区分油布SKU；导入口径：do_not_import_missing_specs；重分类：劳保耗材/覆盖防护 -> 包装覆盖周转/覆盖材料；分类置信度：high；油布用于覆盖防护，旧劳保耗材不应作为分类。；二级物料族人工预览：合并 -> 包装覆盖周转/覆盖材料；置信度：高；判断：油布用于覆盖、防雨和临时保护，符合覆盖材料目标族。；下一步：合并到覆盖材料，第三层保留油布并维护尺寸、厚度、材质。
batch_007	化工胶粘涂料	润滑防锈	CHEM-000006	防锈润滑剂	品牌/型号：WD-40；容量：500		支	WD-40500防锈润滑剂	usable	缺失规格：品牌；型号；整理依据：容量单位缺失，原始仅写500；导入口径：confirm_then_import；重分类：化工耗材/润滑防锈 -> 化工胶粘涂料/润滑剂；分类置信度：high；防锈润滑剂属润滑防护化工材料。；二级物料族人工预览：合并 -> 化工胶粘涂料/润滑防锈；置信度：高；判断：旧族“防锈润滑剂”用于润滑、防锈、除锈或设备油品保养，核心规格是容量、粘度、牌号和适用设备，符合“润滑防锈”。；下一步：合并到“润滑防锈”，第三层保留“防锈润滑剂”，后续补齐型号/牌号、容量、粘度等级和适用设备。
batch_007	化工胶粘涂料	润滑防锈	CHEM-000037	齿轮油	型号：HL-20		升	HL-20齿轮油	usable	缺失规格：品牌；整理依据：品牌、包装缺失；导入口径：confirm_then_import；重分类：化工耗材/润滑油 -> 化工胶粘涂料/润滑剂；分类置信度：high；齿轮油为润滑油，旧化工耗材口径过泛。；二级物料族人工预览：合并 -> 化工胶粘涂料/润滑防锈；置信度：高；判断：旧族“齿轮油”用于润滑、防锈、除锈或设备油品保养，核心规格是容量、粘度、牌号和适用设备，符合“润滑防锈”。；下一步：合并到“润滑防锈”，第三层保留“齿轮油”，后续补齐型号/牌号、容量、粘度等级和适用设备。
batch_007	化工胶粘涂料	润滑防锈	CHEM-000054	防锈润滑剂	品牌/型号：WD-40		瓶	WD40润滑剂	needs_review	缺失规格：规格；容量；整理依据：容量规格缺失，WD-40不足以唯一确定瓶装SKU；导入口径：do_not_import_missing_specs；重分类：化工耗材/润滑剂 -> 化工胶粘涂料/润滑剂；分类置信度：high；防锈润滑剂属润滑防护化工材料。；二级物料族人工预览：合并 -> 化工胶粘涂料/润滑防锈；置信度：高；判断：旧族“防锈润滑剂”用于润滑、防锈、除锈或设备油品保养，核心规格是容量、粘度、牌号和适用设备，符合“润滑防锈”。；下一步：合并到“润滑防锈”，第三层保留“防锈润滑剂”，后续补齐型号/牌号、容量、粘度等级和适用设备。
batch_007	化工胶粘涂料	润滑防锈	CHEM-000058	润滑油	品牌：摩力克；型号：D321R		支	D321R摩力克润滑油	needs_review	缺失规格：规格；包装规格；容量；整理依据：容量/包装规格缺失，品牌型号不足以唯一确定包装SKU；导入口径：do_not_import_missing_specs；重分类：化工耗材/润滑剂 -> 化工胶粘涂料/润滑剂；分类置信度：high；润滑油归润滑剂。；二级物料族人工预览：合并 -> 化工胶粘涂料/润滑防锈；置信度：高；判断：旧族“润滑油”用于润滑、防锈、除锈或设备油品保养，核心规格是容量、粘度、牌号和适用设备，符合“润滑防锈”。；下一步：合并到“润滑防锈”，第三层保留“润滑油”，后续补齐型号/牌号、容量、粘度等级和适用设备。
batch_007	化工胶粘涂料	润滑防锈	CHEM-000059	防锈润滑剂	品牌/型号：WD-40；功能：除锈润滑		支	WD40除锈润滑剂	needs_review	缺失规格：规格；容量；整理依据：容量规格缺失，WD-40不足以唯一确定支装SKU；导入口径：do_not_import_missing_specs；重分类：化工耗材/润滑剂 -> 化工胶粘涂料/润滑剂；分类置信度：high；防锈润滑剂属润滑防护化工材料。；二级物料族人工预览：合并 -> 化工胶粘涂料/润滑防锈；置信度：高；判断：旧族“防锈润滑剂”用于润滑、防锈、除锈或设备油品保养，核心规格是容量、粘度、牌号和适用设备，符合“润滑防锈”。；下一步：合并到“润滑防锈”，第三层保留“防锈润滑剂”，后续补齐型号/牌号、容量、粘度等级和适用设备。
batch_007	化工胶粘涂料	润滑防锈	CHEM-000060	润滑脂	俗称：黄油		桶	黄油	needs_review	缺失规格：型号；包装重量；整理依据：型号/稠度/包装重量缺失，无法唯一确定润滑脂SKU；导入口径：do_not_import_missing_specs；重分类：化工耗材/润滑脂 -> 化工胶粘涂料/润滑剂；分类置信度：high；黄油和油脂均为润滑剂。；二级物料族人工预览：合并 -> 化工胶粘涂料/润滑防锈；置信度：高；判断：旧族“润滑脂”用于润滑、防锈、除锈或设备油品保养，核心规格是容量、粘度、牌号和适用设备，符合“润滑防锈”。；下一步：合并到“润滑防锈”，第三层保留“润滑脂”，后续补齐型号/牌号、容量、粘度等级和适用设备。
batch_007	化工胶粘涂料	润滑防锈	CHEM-000061	防锈润滑剂	品牌/型号：WD-40；功能：除锈		支	WD-40除锈剂	needs_review	缺失规格：规格；容量；整理依据：容量规格缺失，WD-40不足以唯一确定支装SKU；导入口径：do_not_import_missing_specs；重分类：化工耗材/润滑剂 -> 化工胶粘涂料/润滑剂；分类置信度：high；防锈润滑剂属润滑防护化工材料。；二级物料族人工预览：合并 -> 化工胶粘涂料/润滑防锈；置信度：高；判断：旧族“防锈润滑剂”用于润滑、防锈、除锈或设备油品保养，核心规格是容量、粘度、牌号和适用设备，符合“润滑防锈”。；下一步：合并到“润滑防锈”，第三层保留“防锈润滑剂”，后续补齐型号/牌号、容量、粘度等级和适用设备。
batch_007	化工胶粘涂料	润滑防锈	CHEM-000065	油雾器专用油	用途：油雾器		瓶	油雾专用油	needs_review	缺失规格：品牌；容量；整理依据：粘度/容量/品牌缺失，无法稳定区分润滑剂SKU；导入口径：do_not_import_missing_specs；重分类：化工耗材/润滑剂 -> 化工胶粘涂料/润滑剂；分类置信度：high；油雾器专用油是润滑剂。；二级物料族人工预览：合并 -> 化工胶粘涂料/润滑防锈；置信度：高；判断：旧族“油雾器专用油”用于润滑、防锈、除锈或设备油品保养，核心规格是容量、粘度、牌号和适用设备，符合“润滑防锈”。；下一步：合并到“润滑防锈”，第三层保留“油雾器专用油”，后续补齐型号/牌号、容量、粘度等级和适用设备。
batch_007	化工胶粘涂料	润滑防锈	CHEM-000067	齿轮油	类型：齿轮油；包装：20L		桶	20L齿轮油	needs_review	缺失规格：品牌；整理依据：粘度等级/品牌缺失；原单位为个，20L包装建议按桶管理；导入口径：do_not_import_missing_specs；重分类：化工耗材/润滑油 -> 化工胶粘涂料/润滑剂；分类置信度：high；齿轮油为润滑油，旧化工耗材口径过泛。；二级物料族人工预览：合并 -> 化工胶粘涂料/润滑防锈；置信度：高；判断：旧族“齿轮油”用于润滑、防锈、除锈或设备油品保养，核心规格是容量、粘度、牌号和适用设备，符合“润滑防锈”。；下一步：合并到“润滑防锈”，第三层保留“齿轮油”，后续补齐型号/牌号、容量、粘度等级和适用设备。
batch_007	化工胶粘涂料	润滑防锈	CHEM-000081	机油	品牌：道达尔；牌号：46#；包装：20L		桶	道达尔46#机油20升	usable	缺失规格：型号；整理依据：系列型号/油品类型需确认，按品牌/牌号/包装先建候选；导入口径：confirm_then_import；重分类：化工耗材/润滑油 -> 化工胶粘涂料/润滑剂；分类置信度：high；机油属于润滑剂，旧化工耗材可归并。；二级物料族人工预览：合并 -> 化工胶粘涂料/润滑防锈；置信度：高；判断：旧族“机油”用于润滑、防锈、除锈或设备油品保养，核心规格是容量、粘度、牌号和适用设备，符合“润滑防锈”。；下一步：合并到“润滑防锈”，第三层保留“机油”，后续补齐型号/牌号、容量、粘度等级和适用设备。
batch_007	化工胶粘涂料	润滑防锈	CHEM-000085	防锈润滑剂	型号：DM40；功能：防锈润滑		支	DM40防锈润滑剂	needs_review	缺失规格：品牌；容量；整理依据：品牌/容量缺失，无法稳定区分防锈润滑剂SKU；导入口径：do_not_import_missing_specs；重分类：化工耗材/润滑剂 -> 化工胶粘涂料/润滑剂；分类置信度：high；防锈润滑剂属润滑防护化工材料。；二级物料族人工预览：合并 -> 化工胶粘涂料/润滑防锈；置信度：高；判断：旧族“防锈润滑剂”用于润滑、防锈、除锈或设备油品保养，核心规格是容量、粘度、牌号和适用设备，符合“润滑防锈”。；下一步：合并到“润滑防锈”，第三层保留“防锈润滑剂”，后续补齐型号/牌号、容量、粘度等级和适用设备。
batch_007	化工胶粘涂料	润滑防锈	CHEM-000090	清洗机专用油	用途：清洗机		个	清洗机专用油	needs_review	缺失规格：品牌；型号；整理依据：包装/品牌/油品型号缺失，单位“个”需复核；导入口径：do_not_import_missing_specs；重分类：化工耗材/润滑油 -> 化工胶粘涂料/润滑剂；分类置信度：high；清洗机专用油是润滑剂。；二级物料族人工预览：合并 -> 化工胶粘涂料/润滑防锈；置信度：高；判断：旧族“清洗机专用油”用于润滑、防锈、除锈或设备油品保养，核心规格是容量、粘度、牌号和适用设备，符合“润滑防锈”。；下一步：合并到“润滑防锈”，第三层保留“清洗机专用油”，后续补齐型号/牌号、容量、粘度等级和适用设备。
batch_007	化工胶粘涂料	润滑防锈	CHEM-000092	润滑脂	品牌：克虏伯；型号：NB52		公斤	克虏伯油脂NB52	usable	缺失规格：规格；包装规格；整理依据：包装规格/用途缺失，按品牌和型号先建候选；导入口径：confirm_then_import；重分类：化工耗材/润滑脂 -> 化工胶粘涂料/润滑剂；分类置信度：high；黄油和油脂均为润滑剂。；二级物料族人工预览：合并 -> 化工胶粘涂料/润滑防锈；置信度：高；判断：旧族“润滑脂”用于润滑、防锈、除锈或设备油品保养，核心规格是容量、粘度、牌号和适用设备，符合“润滑防锈”。；下一步：合并到“润滑防锈”，第三层保留“润滑脂”，后续补齐型号/牌号、容量、粘度等级和适用设备。
batch_007	化工胶粘涂料	润滑防锈	CHEM-000095	齿轮油	品牌：长城；包装：18L		桶	长城齿轮油18L	needs_review	缺失规格：型号；整理依据：粘度等级/型号缺失，无法稳定区分齿轮油SKU；导入口径：do_not_import_missing_specs；重分类：油品/润滑油 -> 化工胶粘涂料/润滑剂；分类置信度：high；齿轮油为润滑油，旧化工耗材口径过泛。；二级物料族人工预览：合并 -> 化工胶粘涂料/润滑防锈；置信度：高；判断：旧族“齿轮油”用于润滑、防锈、除锈或设备油品保养，核心规格是容量、粘度、牌号和适用设备，符合“润滑防锈”。；下一步：合并到“润滑防锈”，第三层保留“齿轮油”，后续补齐型号/牌号、容量、粘度等级和适用设备。
batch_007	化工胶粘涂料	润滑防锈	CHEM-000134	除锈剂	品牌：WD40；容量：500mL		瓶	WD40除锈剂500ML	usable	缺失规格：型号；整理依据：具体型号/SDS缺失，按品牌/容量先建候选；导入口径：confirm_then_import；重分类：化工耗材/除锈润滑剂 -> 化工胶粘涂料/清洗剂；分类置信度：medium；除锈剂用于锈蚀清理，WD40类需与润滑剂口径区分。；二级物料族人工预览：合并 -> 化工胶粘涂料/润滑防锈；置信度：高；判断：旧族“除锈剂”用于润滑、防锈、除锈或设备油品保养，核心规格是容量、粘度、牌号和适用设备，符合“润滑防锈”。；下一步：合并到“润滑防锈”，第三层保留“除锈剂”，后续补齐型号/牌号、容量、粘度等级和适用设备。
batch_007	化工胶粘涂料	润滑防锈	CHEM-000136	高温润滑脂	类型：高温黄油；包装：16KG		桶	高温黄油16KG	needs_review	缺失规格：品牌；型号；整理依据：品牌/温度范围/型号缺失，会影响润滑脂SKU区分；导入口径：do_not_import_missing_specs；重分类：油品/润滑脂 -> 化工胶粘涂料/润滑剂；分类置信度：high；高温黄油为润滑脂。；二级物料族人工预览：合并 -> 化工胶粘涂料/润滑防锈；置信度：高；判断：旧族“高温润滑脂”用于润滑、防锈、除锈或设备油品保养，核心规格是容量、粘度、牌号和适用设备，符合“润滑防锈”。；下一步：合并到“润滑防锈”，第三层保留“高温润滑脂”，后续补齐型号/牌号、容量、粘度等级和适用设备。
batch_007	化工胶粘涂料	润滑防锈	CHEM-000137	除锈剂	品牌：陶喜；容量：450mL		瓶	陶喜除锈剂450mL	usable	缺失规格：型号；整理依据：型号/SDS缺失，按品牌/容量先建候选；导入口径：confirm_then_import；重分类：化工耗材/除锈润滑剂 -> 化工胶粘涂料/清洗剂；分类置信度：medium；除锈剂用于锈蚀清理，WD40类需与润滑剂口径区分。；二级物料族人工预览：合并 -> 化工胶粘涂料/润滑防锈；置信度：高；判断：旧族“除锈剂”用于润滑、防锈、除锈或设备油品保养，核心规格是容量、粘度、牌号和适用设备，符合“润滑防锈”。；下一步：合并到“润滑防锈”，第三层保留“除锈剂”，后续补齐型号/牌号、容量、粘度等级和适用设备。
batch_007	化工胶粘涂料	润滑防锈	CHEM-000146	除锈剂	品牌：WD40；容量：350mL		瓶	WD40除锈剂350ML	usable	缺失规格：型号；整理依据：型号/SDS未明，按品牌和容量先建候选；导入口径：confirm_then_import；重分类：化工耗材/除锈润滑剂 -> 化工胶粘涂料/清洗剂；分类置信度：medium；除锈剂用于锈蚀清理，WD40类需与润滑剂口径区分。；二级物料族人工预览：合并 -> 化工胶粘涂料/润滑防锈；置信度：高；判断：旧族“除锈剂”用于润滑、防锈、除锈或设备油品保养，核心规格是容量、粘度、牌号和适用设备，符合“润滑防锈”。；下一步：合并到“润滑防锈”，第三层保留“除锈剂”，后续补齐型号/牌号、容量、粘度等级和适用设备。
batch_007	化工胶粘涂料	润滑防锈	CHEM-000148	气动油	品牌：卡仕顿；等级：特级；容量：250mL		瓶	卡仕顿特级气动油250mL	needs_review	缺失规格：型号；整理依据：粘度等级/型号缺失，会影响气动油SKU区分；导入口径：do_not_import_missing_specs；重分类：油品/润滑油 -> 化工胶粘涂料/润滑剂；分类置信度：high；气动油属于设备润滑剂。；二级物料族人工预览：合并 -> 化工胶粘涂料/润滑防锈；置信度：高；判断：旧族“气动油”用于润滑、防锈、除锈或设备油品保养，核心规格是容量、粘度、牌号和适用设备，符合“润滑防锈”。；下一步：合并到“润滑防锈”，第三层保留“气动油”，后续补齐型号/牌号、容量、粘度等级和适用设备。
batch_007	化工胶粘涂料	润滑防锈	MAT-000149	液压油	进口：是；包装：10L		桶	进口液压油10L	needs_review	缺失规格：品牌；型号；整理依据：粘度等级/品牌/型号缺失，无法唯一确定液压油SKU；导入口径：do_not_import_missing_specs；重分类：油品/液压油 -> 化工胶粘涂料/润滑剂；分类置信度：high；液压油按润滑油品归润滑剂。；二级物料族人工预览：合并 -> 化工胶粘涂料/润滑防锈；置信度：高；判断：旧族“液压油”用于润滑、防锈、除锈或设备油品保养，核心规格是容量、粘度、牌号和适用设备，符合“润滑防锈”。；下一步：合并到“润滑防锈”，第三层保留“液压油”，后续补齐型号/牌号、容量、粘度等级和适用设备。
batch_007	化工胶粘涂料	润滑防锈	METAL-000096	钢丝绳专用剂	进口：是；包装：5kg；用途：钢丝绳		桶	进口5KG钢丝绳专用剂	needs_review	缺失规格：品牌；整理依据：品牌/油脂类型缺失，无法稳定区分钢丝绳专用剂SKU；导入口径：do_not_import_missing_specs；重分类：化工耗材/润滑防护剂 -> 化工胶粘涂料/润滑剂；分类置信度：medium；钢丝绳专用剂通常为润滑防护材料，需按具体型号确认。；二级物料族人工预览：合并 -> 化工胶粘涂料/润滑防锈；置信度：高；判断：旧族“钢丝绳专用剂”用于润滑、防锈、除锈或设备油品保养，核心规格是容量、粘度、牌号和适用设备，符合“润滑防锈”。；下一步：合并到“润滑防锈”，第三层保留“钢丝绳专用剂”，后续补齐型号/牌号、容量、粘度等级和适用设备。
batch_007	化工胶粘涂料	润滑防锈	METAL-000103	钢丝绳润滑脂	品牌：伍尔特；用途：钢丝绳；容量：500mL		瓶	伍尔特钢丝绳黄油500mL	needs_review	缺失规格：型号；整理依据：别名黄油归一为润滑脂；型号/温度范围缺失；导入口径：do_not_import_missing_specs；重分类：油品/润滑脂 -> 化工胶粘涂料/润滑剂；分类置信度：high；润滑脂属化工润滑材料。；二级物料族人工预览：合并 -> 化工胶粘涂料/润滑防锈；置信度：高；判断：旧族“钢丝绳润滑脂”用于润滑、防锈、除锈或设备油品保养，核心规格是容量、粘度、牌号和适用设备，符合“润滑防锈”。；下一步：合并到“润滑防锈”，第三层保留“钢丝绳润滑脂”，后续补齐型号/牌号、容量、粘度等级和适用设备。
batch_007	建筑材料	砖板模板	CONST-000001	木方	规格：4*9		米	4*9木方	usable	缺失规格：材质；尺寸；整理依据：输入规格单位未确认，按原4*9保留；导入口径：confirm_then_import；二级物料族人工预览：合并 -> 建筑材料/砖板模板；置信度：高；判断：木方是模板支撑和土建木材，目标砖板模板已包含木方。；下一步：合并到砖板模板，第三层统一木方并维护截面、长度。
batch_007	建筑材料	砖板模板	CONST-000002	木方	规格：4*4		米	4*4木方	usable	缺失规格：材质；尺寸；整理依据：输入规格单位未确认，按原4*4保留；导入口径：confirm_then_import；二级物料族人工预览：合并 -> 建筑材料/砖板模板；置信度：高；判断：木方是模板支撑和土建木材，目标砖板模板已包含木方。；下一步：合并到砖板模板，第三层统一木方并维护截面、长度。
batch_007	建筑材料	砖板模板	CONST-000004	水泥砖	材质：水泥		块	水泥砖	needs_review	缺失规格：规格；尺寸；整理依据：尺寸缺失，无法区分水泥砖规格；导入口径：do_not_import_missing_specs；重分类：建筑材料/砌块砖 -> 建筑材料/砖砌材料；分类置信度：high；水泥砖属于砖砌材料。；二级物料族人工预览：合并 -> 建筑材料/砖板模板；置信度：高；判断：水泥砖是砌筑材料，目标砖板模板已包含水泥砖。；下一步：合并到砖板模板，第三层保留水泥砖并维护规格、强度。
batch_007	建筑材料	砖板模板	CONST-000006	黑模板	尺寸：1.22*2.44；厚度：3.0；颜色：黑		张	1.22*2.44*3.0黑模板	usable	缺失规格：材质；整理依据：尺寸/厚度单位未明，按原规格保留；导入口径：confirm_then_import；二级物料族人工预览：合并 -> 建筑材料/砖板模板；置信度：高；判断：黑模板是建筑模板的颜色或覆膜类型，不应单独作为二级族。；下一步：合并到砖板模板，第三层保留黑模板并维护尺寸、厚度。
batch_007	建筑材料	砖板模板	CONST-000014	黑模板	厚度：3.0；颜色：黑色		张	黑模板3.0厚	needs_review	缺失规格：材质；尺寸；强度等级；包装规格；整理依据：厚度单位/长宽缺失，无法唯一确定黑模板SKU；导入口径：do_not_import_missing_specs；二级物料族人工预览：合并 -> 建筑材料/砖板模板；置信度：高；判断：黑模板是建筑模板的颜色或覆膜类型，不应单独作为二级族。；下一步：合并到砖板模板，第三层保留黑模板并维护尺寸、厚度。
batch_007	建筑材料	砖板模板	CONST-000017	建筑模板	尺寸：2.44*1.22*15		张	2.44*1.22*15模板	usable	缺失规格：材质；厚度；整理依据：材质/厚度单位缺失，按原尺寸先建候选；导入口径：confirm_then_import；二级物料族人工预览：合并 -> 建筑材料/砖板模板；置信度：高；判断：建筑模板是模板板材类土建材料，符合砖板模板目标族。；下一步：合并到砖板模板，第三层保留建筑模板并维护尺寸、厚度。
batch_007	建筑材料	砖板模板	CONST-000018	建筑模板	尺寸：2.44*1.22*1.5；颜色：黑色		块	2.44*1.22*1.5黑模板	usable	缺失规格：厚度；整理依据：厚度单位需确认，按原尺寸和颜色先建候选；导入口径：confirm_then_import；二级物料族人工预览：合并 -> 建筑材料/砖板模板；置信度：高；判断：建筑模板是模板板材类土建材料，符合砖板模板目标族。；下一步：合并到砖板模板，第三层保留建筑模板并维护尺寸、厚度。
batch_007	建筑材料	砖板模板	CONST-000019	建筑模板	尺寸：2.44*1.22*1.5；特征：厚		张	2.44*1.22*1.5厚模板	usable	缺失规格：厚度；整理依据：厚度单位需确认，按原尺寸和厚模板描述先建候选；导入口径：confirm_then_import；二级物料族人工预览：合并 -> 建筑材料/砖板模板；置信度：高；判断：建筑模板是模板板材类土建材料，符合砖板模板目标族。；下一步：合并到砖板模板，第三层保留建筑模板并维护尺寸、厚度。
batch_007	建筑材料	砖板模板	CONST-000020	水泥砖	规格：95；材质：水泥		个	95水泥砖	needs_review	缺失规格：强度等级；尺寸；整理依据：尺寸完整性/强度等级缺失，规格95语义不足；导入口径：do_not_import_missing_specs；重分类：建筑材料/砌块砖 -> 建筑材料/砖砌材料；分类置信度：high；水泥砖属于砖砌材料。；二级物料族人工预览：合并 -> 建筑材料/砖板模板；置信度：高；判断：水泥砖是砌筑材料，目标砖板模板已包含水泥砖。；下一步：合并到砖板模板，第三层保留水泥砖并维护规格、强度。
batch_007	建筑材料	砖板模板	CONST-000022	建筑模板	颜色：黑；尺寸：1830*915*14		张	黑模板1830*915*14	needs_review	缺失规格：材质；整理依据：材质/覆膜/周转次数缺失，可能影响模板SKU区分；导入口径：do_not_import_missing_specs；重分类：建筑材料/模板 -> 建筑材料/模板木方；分类置信度：high；建筑模板属模板木方类，颜色尺寸为规格。；二级物料族人工预览：合并 -> 建筑材料/砖板模板；置信度：高；判断：建筑模板是模板板材类土建材料，符合砖板模板目标族。；下一步：合并到砖板模板，第三层保留建筑模板并维护尺寸、厚度。
batch_007	建筑材料	砖板模板	CONST-000023	建筑模板	颜色：红；尺寸：1830*915*14		张	红模板1830*915*14	needs_review	缺失规格：材质；整理依据：材质/覆膜/周转次数缺失，可能影响模板SKU区分；导入口径：do_not_import_missing_specs；重分类：建筑材料/模板 -> 建筑材料/模板木方；分类置信度：high；建筑模板属模板木方类，颜色尺寸为规格。；二级物料族人工预览：合并 -> 建筑材料/砖板模板；置信度：高；判断：建筑模板是模板板材类土建材料，符合砖板模板目标族。；下一步：合并到砖板模板，第三层保留建筑模板并维护尺寸、厚度。
batch_007	建筑材料	砖板模板	CONST-000032	多层实木板	材质：多层实木；尺寸：2.44m*1.22m*0.018m		张	多层实木板2.44m*1.22m*0.018m	needs_review	缺失规格：厚度；强度等级；包装规格；整理依据：等级/环保等级缺失，会影响实木板SKU区分；导入口径：do_not_import_missing_specs；重分类：木材板材/实木板 -> 建筑材料/模板木方；分类置信度：high；多层实木板属施工木板材。；二级物料族人工预览：合并 -> 建筑材料/砖板模板；置信度：中；判断：多层实木板是木质板材，当前用途更接近建筑板材或模板材料。；下一步：合并到砖板模板，第三层保留多层实木板并维护尺寸、厚度。
batch_007	建筑材料	砖板模板	CONST-000034	建筑模板	颜色：红；尺寸：2.4m*1.22m；厚度：15mm		张	红模板2.4m*1.22m*15mm	needs_review	缺失规格：材质；整理依据：材质/周转次数缺失，会影响建筑模板SKU区分；原单位为块；同类模板建议统一为张，材质/周转次数缺失；导入口径：do_not_import_missing_specs；重分类：建筑材料/模板 -> 建筑材料/模板木方；分类置信度：high；建筑模板属模板木方类，颜色尺寸为规格。；二级物料族人工预览：合并 -> 建筑材料/砖板模板；置信度：高；判断：建筑模板是模板板材类土建材料，符合砖板模板目标族。；下一步：合并到砖板模板，第三层保留建筑模板并维护尺寸、厚度。
batch_007	建筑材料	砖板模板	CONST-000038	建筑模板	颜色：黑；尺寸：2.4m*1.22m；厚度：15mm		张	黑模板2.4m*1.22m*15mm	needs_review	缺失规格：材质；整理依据：材质/周转次数缺失，会影响建筑模板SKU区分；导入口径：do_not_import_missing_specs；重分类：建筑材料/模板 -> 建筑材料/模板木方；分类置信度：high；建筑模板属模板木方类，颜色尺寸为规格。；二级物料族人工预览：合并 -> 建筑材料/砖板模板；置信度：高；判断：建筑模板是模板板材类土建材料，符合砖板模板目标族。；下一步：合并到砖板模板，第三层保留建筑模板并维护尺寸、厚度。
batch_007	建筑材料	砖板模板	CONST-000040	建筑模板	表面/颜色：黑膜；尺寸：1.22m*2.44m；厚度：15mm		块	黑膜板1.22m*2.44m*15mm	usable	缺失规格：材质；整理依据：黑膜板按建筑模板归一；材质/周转次数缺失；导入口径：confirm_then_import；重分类：建筑材料/模板 -> 建筑材料/模板木方；分类置信度：high；建筑模板属模板木方类，颜色尺寸为规格。；二级物料族人工预览：合并 -> 建筑材料/砖板模板；置信度：高；判断：建筑模板是模板板材类土建材料，符合砖板模板目标族。；下一步：合并到砖板模板，第三层保留建筑模板并维护尺寸、厚度。
batch_007	建筑材料	砖板模板	MAT-000150	木方	长度：4米；截面：40*90		根	木方4米*40*90	needs_review	缺失规格：材质；整理依据：木材材质/等级缺失，可能影响木方SKU区分；导入口径：do_not_import_missing_specs；重分类：建筑材料/木材 -> 建筑材料/模板木方；分类置信度：high；木方用于模板支撑，属于模板木方。；二级物料族人工预览：合并 -> 建筑材料/砖板模板；置信度：高；判断：木方是模板支撑和土建木材，目标砖板模板已包含木方。；下一步：合并到砖板模板，第三层统一木方并维护截面、长度。
batch_007	建筑材料	砖板模板	MAT-000216	方木	截面：30*30；长度：3.6m		根	方木30*30*3.6m	needs_review	缺失规格：材质；整理依据：截面单位未明；木材材质/等级缺失，会影响方木SKU区分；导入口径：do_not_import_missing_specs；重分类：建筑材料/木材 -> 建筑材料/模板木方；分类置信度：high；方木用于模板木方，规格差异不拆类。；二级物料族人工预览：合并 -> 建筑材料/砖板模板；置信度：高；判断：方木与木方同口径，是模板支撑木材的别名或形态。；下一步：合并到砖板模板，第三层统一木方或方木并维护截面、长度。
batch_007	建筑材料	砖板模板	MAT-000230	木方	截面：50*100；长度：4m		根	木方50*100*4m	usable	缺失规格：材质；整理依据：木材材质/等级缺失；导入口径：confirm_then_import；重分类：建筑材料/木材 -> 建筑材料/模板木方；分类置信度：high；木方用于模板支撑，属于模板木方。；二级物料族人工预览：合并 -> 建筑材料/砖板模板；置信度：高；判断：木方是模板支撑和土建木材，目标砖板模板已包含木方。；下一步：合并到砖板模板，第三层统一木方并维护截面、长度。
batch_007	建筑材料	砖板模板	MAT-000234	方木	截面：30*30；长度：3m		根	方木30*30*3m	usable	缺失规格：材质；整理依据：木材等级/材质缺失；导入口径：confirm_then_import；重分类：建筑材料/木材 -> 建筑材料/模板木方；分类置信度：high；方木用于模板木方，规格差异不拆类。；二级物料族人工预览：合并 -> 建筑材料/砖板模板；置信度：高；判断：方木与木方同口径，是模板支撑木材的别名或形态。；下一步：合并到砖板模板，第三层统一木方或方木并维护截面、长度。
batch_007	建筑材料	砖板模板	MAT-000235	加气块	尺寸：200*300*600		块	加气块200*300*600	needs_review	缺失规格：强度等级；整理依据：强度等级/容重缺失，无法区分加气块SKU；导入口径：do_not_import_missing_specs；重分类：建材/砌块 -> 建筑材料/砖砌材料；分类置信度：high；加气块是砌体材料，旧建材口径过宽。；二级物料族人工预览：合并 -> 建筑材料/砖板模板；置信度：高；判断：加气块是加气混凝土砌块的简称，应与砌块统一口径。；下一步：合并到砖板模板，第三层统一加气混凝土砌块。
batch_007	建筑材料	砖板模板	MAT-000246	加气混凝土砌块	尺寸：200*300*600		块	加气块200*300*600	needs_review	缺失规格：强度等级；整理依据：强度等级/密度等级缺失，会影响砌块SKU区分；导入口径：do_not_import_missing_specs；重分类：建材/砌块 -> 建筑材料/砖砌材料；分类置信度：high；加气混凝土砌块是砌体材料。；二级物料族人工预览：合并 -> 建筑材料/砖板模板；置信度：高；判断：加气混凝土砌块是砌筑块材，属于砖板模板族中的砖砌材料。；下一步：合并到砖板模板，第三层保留加气混凝土砌块并维护规格、强度。
batch_007	安全消防	消防管件	PIPE-000109	橡胶防爆水带	规格：100；材质：橡胶；特征：防爆		米	100橡胶防爆水带	usable	缺失规格：压力等级；整理依据：压力等级缺失，按规格、材质和防爆特征先建候选；导入口径：confirm_then_import；重分类：消防器材/水带 -> 安全消防/消防器材；分类置信度：medium；旧分组指向消防水带，按消防器材归类。；二级物料族人工预览：合并 -> 安全消防/消防管件；置信度：高；判断：旧族“消防水带”用于消防管路、水带连接或消防阀控，目标族表明确将消防水带、接头、卡箍、阀门归为“消防管件”。；下一步：合并到“消防管件”，第三层保留“消防水带”，后续补齐口径、压力等级、接口形式和认证要求。
batch_007	安全消防	消防管件	PIPE-000145	消防卡箍	规格：89；用途：消防		个	89消防卡箍	needs_review	缺失规格：材质；压力等级；整理依据：沟槽标准/压力等级/材质缺失，无法稳定区分消防卡箍SKU；导入口径：do_not_import_missing_specs；重分类：管道紧固/卡箍 -> 安全消防/消防管件；分类置信度：high；消防管道卡箍属于消防系统管件。；二级物料族人工预览：合并 -> 安全消防/消防管件；置信度：高；判断：旧族“消防卡箍”用于消防管路、水带连接或消防阀控，目标族表明确将消防水带、接头、卡箍、阀门归为“消防管件”。；下一步：合并到“消防管件”，第三层保留“消防卡箍”，后续补齐口径、压力等级、接口形式和认证要求。
batch_007	安全消防	消防管件	PIPE-000192	消防卡箍	规格：50；用途：消防		个	50消防卡箍	usable	缺失规格：压力等级；整理依据：沟槽标准/压力等级缺失；导入口径：confirm_then_import；重分类：管道紧固/卡箍 -> 安全消防/消防管件；分类置信度：high；消防管道卡箍属于消防系统管件。；二级物料族人工预览：合并 -> 安全消防/消防管件；置信度：高；判断：旧族“消防卡箍”用于消防管路、水带连接或消防阀控，目标族表明确将消防水带、接头、卡箍、阀门归为“消防管件”。；下一步：合并到“消防管件”，第三层保留“消防卡箍”，后续补齐口径、压力等级、接口形式和认证要求。
batch_007	安全消防	消防管件	PIPE-000193	消防卡箍	规格：65；用途：消防		个	65消防卡箍	usable	缺失规格：压力等级；整理依据：沟槽标准/压力等级缺失；导入口径：confirm_then_import；重分类：管道紧固/卡箍 -> 安全消防/消防管件；分类置信度：high；消防管道卡箍属于消防系统管件。；二级物料族人工预览：合并 -> 安全消防/消防管件；置信度：高；判断：旧族“消防卡箍”用于消防管路、水带连接或消防阀控，目标族表明确将消防水带、接头、卡箍、阀门归为“消防管件”。；下一步：合并到“消防管件”，第三层保留“消防卡箍”，后续补齐口径、压力等级、接口形式和认证要求。
batch_007	安全消防	消防管件	PIPE-000194	消防卡箍	规格：80；用途：消防		个	80消防卡箍	usable	缺失规格：压力等级；整理依据：沟槽标准/压力等级缺失；导入口径：confirm_then_import；重分类：管道紧固/卡箍 -> 安全消防/消防管件；分类置信度：high；消防管道卡箍属于消防系统管件。；二级物料族人工预览：合并 -> 安全消防/消防管件；置信度：高；判断：旧族“消防卡箍”用于消防管路、水带连接或消防阀控，目标族表明确将消防水带、接头、卡箍、阀门归为“消防管件”。；下一步：合并到“消防管件”，第三层保留“消防卡箍”，后续补齐口径、压力等级、接口形式和认证要求。
batch_007	安全消防	消防管件	PIPE-000263	消防水带	规格：65；特征：加厚		米	65加厚消防水带	needs_review	缺失规格：压力等级；接口形式；整理依据：压力等级/接口形式缺失，无法区分消防水带SKU；导入口径：do_not_import_missing_specs；重分类：消防材料/消防水带 -> 安全消防/消防器材；分类置信度：high；消防水带属于消防器材。；二级物料族人工预览：合并 -> 安全消防/消防管件；置信度：高；判断：旧族“消防水带”用于消防管路、水带连接或消防阀控，目标族表明确将消防水带、接头、卡箍、阀门归为“消防管件”。；下一步：合并到“消防管件”，第三层保留“消防水带”，后续补齐口径、压力等级、接口形式和认证要求。
batch_007	安全消防	消防管件	PIPE-000283	消防接头	规格：100		个	100连接头；连接头	needs_review	缺失规格：材质；整理依据：由连接头按消防接头归一；材质、接口标准缺失；导入口径：do_not_import_missing_specs；重分类：消防材料/消防接头 -> 安全消防/消防管件；分类置信度：high；消防接头是消防管件。；二级物料族人工预览：合并 -> 安全消防/消防管件；置信度：高；判断：旧族“消防接头”用于消防管路、水带连接或消防阀控，目标族表明确将消防水带、接头、卡箍、阀门归为“消防管件”。；下一步：合并到“消防管件”，第三层保留“消防接头”，后续补齐口径、压力等级、接口形式和认证要求。
batch_007	安全消防	消防管件	PIPE-000284	消防接头	规格：65		个	65连接头；连接头	needs_review	缺失规格：材质；整理依据：由连接头按消防接头归一；材质、接口标准缺失；导入口径：do_not_import_missing_specs；重分类：消防材料/消防接头 -> 安全消防/消防管件；分类置信度：high；消防接头是消防管件。；二级物料族人工预览：合并 -> 安全消防/消防管件；置信度：高；判断：旧族“消防接头”用于消防管路、水带连接或消防阀控，目标族表明确将消防水带、接头、卡箍、阀门归为“消防管件”。；下一步：合并到“消防管件”，第三层保留“消防接头”，后续补齐口径、压力等级、接口形式和认证要求。
batch_007	安全消防	消防管件	PIPE-000285	消防接头	规格：80		个	80连接头；连接头	needs_review	缺失规格：材质；整理依据：由连接头按消防接头归一；材质、接口标准缺失；导入口径：do_not_import_missing_specs；重分类：消防材料/消防接头 -> 安全消防/消防管件；分类置信度：high；消防接头是消防管件。；二级物料族人工预览：合并 -> 安全消防/消防管件；置信度：高；判断：旧族“消防接头”用于消防管路、水带连接或消防阀控，目标族表明确将消防水带、接头、卡箍、阀门归为“消防管件”。；下一步：合并到“消防管件”，第三层保留“消防接头”，后续补齐口径、压力等级、接口形式和认证要求。
batch_007	安全消防	消防管件	SAFE-000053	消防蝶阀	公称直径：DN150；特征：加长；用途：消防		个	150消防加长蝶阀	needs_review	缺失规格：材质；压力等级；连接方式；整理依据：连接方式/压力等级/阀体材质缺失，可能影响阀门SKU区分；导入口径：do_not_import_missing_specs；重分类：阀门/消防阀门 -> 安全消防/消防管件；分类置信度：high；消防蝶阀是消防系统管道阀件。；二级物料族人工预览：合并 -> 安全消防/消防管件；置信度：高；判断：旧族“消防阀门”用于消防管路、水带连接或消防阀控，目标族表明确将消防水带、接头、卡箍、阀门归为“消防管件”。；下一步：合并到“消防管件”，第三层保留“消防阀门”，后续补齐口径、压力等级、接口形式和认证要求。
batch_007	安全消防	消防管件	SAFE-000086	消防水带	规格：65；用途：消防		米	65消防水管；消防水带/水管	needs_review	缺失规格：压力等级；接口形式；整理依据：原名称含水管，按消防水带归一；压力等级、接口形式缺失；导入口径：do_not_import_missing_specs；重分类：消防材料/消防水带 -> 安全消防/消防器材；分类置信度：high；消防水带属于消防器材。；二级物料族人工预览：合并 -> 安全消防/消防管件；置信度：高；判断：旧族“消防水带”用于消防管路、水带连接或消防阀控，目标族表明确将消防水带、接头、卡箍、阀门归为“消防管件”。；下一步：合并到“消防管件”，第三层保留“消防水带”，后续补齐口径、压力等级、接口形式和认证要求。
batch_007	安全消防	消防管件	SAFE-000087	消防水带	规格：80；用途：消防		米	80消防水带	needs_review	缺失规格：压力等级；接口形式；整理依据：压力等级、接口形式缺失；导入口径：do_not_import_missing_specs；重分类：消防材料/消防水带 -> 安全消防/消防器材；分类置信度：high；消防水带属于消防器材。；二级物料族人工预览：合并 -> 安全消防/消防管件；置信度：高；判断：旧族“消防水带”用于消防管路、水带连接或消防阀控，目标族表明确将消防水带、接头、卡箍、阀门归为“消防管件”。；下一步：合并到“消防管件”，第三层保留“消防水带”，后续补齐口径、压力等级、接口形式和认证要求。
batch_007	安全消防	消防管件	SAFE-000090	消防阀门	规格：150；连接方式：沟槽/卡式；用途：消防		个	沟槽阀150卡式消防阀；沟槽消防阀	needs_review	缺失规格：材质；压力等级；整理依据：阀门类型、压力等级、材质缺失，无法区分消防阀SKU；导入口径：do_not_import_missing_specs；重分类：阀门/消防阀门 -> 安全消防/消防管件；分类置信度：high；沟槽消防阀属于消防系统管件。；二级物料族人工预览：合并 -> 安全消防/消防管件；置信度：高；判断：旧族“消防阀门”用于消防管路、水带连接或消防阀控，目标族表明确将消防水带、接头、卡箍、阀门归为“消防管件”。；下一步：合并到“消防管件”，第三层保留“消防阀门”，后续补齐口径、压力等级、接口形式和认证要求。
batch_007	安全消防	消防管件	SAFE-000123	消防水带	特性：防爆；直径：Φ80		米	防爆消防水带Φ80	needs_review	缺失规格：压力等级；整理依据：压力等级/接口标准缺失，无法区分消防水带SKU；导入口径：do_not_import_missing_specs；重分类：安全消防/消防水带 -> 安全消防/消防器材；分类置信度：high；消防水带属于消防器材。；二级物料族人工预览：合并 -> 安全消防/消防管件；置信度：高；判断：旧族“消防水带”用于消防管路、水带连接或消防阀控，目标族表明确将消防水带、接头、卡箍、阀门归为“消防管件”。；下一步：合并到“消防管件”，第三层保留“消防水带”，后续补齐口径、压力等级、接口形式和认证要求。
batch_007	安全消防	消防管件	SAFE-000124	消防接头	材质：铝合金；直径：Φ80		套	铝合金消防接头Φ80	needs_review	缺失规格：类型；规格；安全等级；认证标准；整理依据：接口标准/密封件缺失，无法区分消防接头SKU；导入口径：do_not_import_missing_specs；重分类：安全消防/消防接头 -> 安全消防/消防管件；分类置信度：high；消防接头是消防管件。；二级物料族人工预览：合并 -> 安全消防/消防管件；置信度：高；判断：旧族“消防接头”用于消防管路、水带连接或消防阀控，目标族表明确将消防水带、接头、卡箍、阀门归为“消防管件”。；下一步：合并到“消防管件”，第三层保留“消防接头”，后续补齐口径、压力等级、接口形式和认证要求。
batch_007	安全消防	消防管件	SAFE-000131	防爆耐磨水带	特性：防爆耐磨；公称通径：DN50		米	防爆耐磨水带DN50	needs_review	缺失规格：材质；压力等级；整理依据：压力等级/材质/接口缺失，会影响水带SKU区分；导入口径：do_not_import_missing_specs；重分类：安全消防/水带 -> 安全消防/消防器材；分类置信度：high；水带按消防安全器材管理。；二级物料族人工预览：合并 -> 安全消防/消防管件；置信度：高；判断：旧族“消防水带”用于消防管路、水带连接或消防阀控，目标族表明确将消防水带、接头、卡箍、阀门归为“消防管件”。；下一步：合并到“消防管件”，第三层保留“消防水带”，后续补齐口径、压力等级、接口形式和认证要求。
batch_007	安全消防	消防管件	SAFE-000134	消防枪头管接头套件	材质：铝合金；规格：80型；包含：消防枪头+管接头		套	80型铝合金消防枪头+管接头	needs_review	缺失规格：压力等级；整理依据：接口标准/压力等级缺失，会影响消防接头套件SKU区分；导入口径：do_not_import_missing_specs；重分类：安全消防/消防接头 -> 安全消防/消防管件；分类置信度：high；消防枪头和管接头套件归消防管件。；螺丝治理预览：需人工确认；action=needs_manual_review；scope=boundary_sample；confidence=medium；依据：非螺丝套件/组件只作为边界排除样本，不能按螺丝套件处理。；二级物料族人工预览：合并 -> 安全消防/消防管件；置信度：高；判断：旧族“消防接头”用于消防管路、水带连接或消防阀控，目标族表明确将消防水带、接头、卡箍、阀门归为“消防管件”。；下一步：合并到“消防管件”，第三层保留“消防接头”，后续补齐口径、压力等级、接口形式和认证要求。
batch_007	安全消防	消防管件	SAFE-000135	消防枪头管接头套件	材质：铝合金；规格：65型；包含：消防枪头+管接头		套	65型铝合金消防枪头+管接头	needs_review	缺失规格：压力等级；整理依据：接口标准/压力等级缺失，会影响消防接头套件SKU区分；导入口径：do_not_import_missing_specs；重分类：安全消防/消防接头 -> 安全消防/消防管件；分类置信度：high；消防枪头和管接头套件归消防管件。；螺丝治理预览：需人工确认；action=needs_manual_review；scope=boundary_sample；confidence=medium；依据：非螺丝套件/组件只作为边界排除样本，不能按螺丝套件处理。；二级物料族人工预览：合并 -> 安全消防/消防管件；置信度：高；判断：旧族“消防接头”用于消防管路、水带连接或消防阀控，目标族表明确将消防水带、接头、卡箍、阀门归为“消防管件”。；下一步：合并到“消防管件”，第三层保留“消防接头”，后续补齐口径、压力等级、接口形式和认证要求。
batch_007	安全消防	消防管件	SAFE-000136	消防枪头	规格：50		只	消防枪头50	needs_review	缺失规格：材质；压力等级；整理依据：材质/接口标准/压力等级缺失，无法稳定区分消防枪头SKU；导入口径：do_not_import_missing_specs；重分类：安全消防/消防接头 -> 安全消防/消防管件；分类置信度：high；消防枪头属于消防水带配套管件。；二级物料族人工预览：合并 -> 安全消防/消防管件；置信度：高；判断：旧族“消防枪头”用于消防管路、水带连接或消防阀控，目标族表明确将消防水带、接头、卡箍、阀门归为“消防管件”。；下一步：合并到“消防管件”，第三层保留“消防枪头”，后续补齐口径、压力等级、接口形式和认证要求。
batch_007	安全消防	消防管件	SAFE-000137	消防管快速接头	规格：65；类型：快接		只	消防管快接65	needs_review	缺失规格：材质；压力等级；整理依据：材质/接口标准/压力等级缺失，会影响消防快速接头SKU区分；导入口径：do_not_import_missing_specs；重分类：安全消防/消防接头 -> 安全消防/消防管件；分类置信度：high；消防管快接属于消防管件。；二级物料族人工预览：合并 -> 安全消防/消防管件；置信度：高；判断：旧族“消防接头”用于消防管路、水带连接或消防阀控，目标族表明确将消防水带、接头、卡箍、阀门归为“消防管件”。；下一步：合并到“消防管件”，第三层保留“消防接头”，后续补齐口径、压力等级、接口形式和认证要求。
batch_007	工具量具	检测仪器（候选新增）	CHEM-000084	流量计	公称直径：DN150；材质/衬里：橡胶；类型：自动		台	DN150橡胶自动流量计	needs_review	缺失规格：量程；精度；流量；整理依据：原理/量程/精度/输出信号缺失，无法唯一确定流量计SKU；导入口径：do_not_import_missing_specs；重分类：仪表/流量仪表 -> 工具量具/检测仪器；分类置信度：medium；流量计为现场检测计量仪表，归检测仪器。；二级物料族人工预览：复核 -> 工具量具/检测仪器（候选新增）；置信度：中；判断：流量计是流体测量仪表，目标测量工具排除仪表；当前缺检测仪器族。；下一步：next_action: 建议新增检测仪器或仪表族，补口径、量程、介质、衬里和精度。
batch_007	工具量具	检测仪器（候选新增）	ELEC-000152	电流表	变比：600/5A		只	电流表600/5A	needs_review	缺失规格：电流；精度；整理依据：表径/精度/安装方式缺失，会影响电流表SKU区分；导入口径：do_not_import_missing_specs；重分类：仪表/电气仪表 -> 工具量具/检测仪器；分类置信度：medium；电流表用于电气测量，标准无仪表一级，归检测仪器。；二级物料族人工预览：复核 -> 工具量具/检测仪器（候选新增）；置信度：中；判断：电流表是电气仪表，目标测量工具明确排除仪表，当前目标二级表缺检测仪器族。；下一步：next_action: 建议新增检测仪器或电工仪表族，补变比、精度、型号。
batch_007	工具量具	检测仪器（候选新增）	ELEC-000210	电流表	品牌：人民；型号：6L2；变比：600/5A		只	人民电流表6L2-600/5A	needs_review	缺失规格：尺寸；电流；精度；整理依据：精度/安装尺寸缺失，会影响电流表SKU区分；导入口径：do_not_import_missing_specs；重分类：仪表/电气仪表 -> 工具量具/检测仪器；分类置信度：medium；电流表用于电气测量，标准无仪表一级，归检测仪器。；二级物料族人工预览：复核 -> 工具量具/检测仪器（候选新增）；置信度：中；判断：电流表是电气仪表，目标测量工具明确排除仪表，当前目标二级表缺检测仪器族。；下一步：next_action: 建议新增检测仪器或电工仪表族，补变比、精度、型号。
batch_007	工具量具	检测仪器（候选新增）	ELEC-000220	绝缘电阻表	品牌：人民；测试电压：500V；量程：500兆欧		只	人民摇表500V-500兆欧	needs_review	缺失规格：型号；精度；整理依据：精度/型号缺失，会影响绝缘电阻表SKU区分；导入口径：do_not_import_missing_specs；重分类：仪表/电气仪表 -> 工具量具/检测仪器；分类置信度：high；绝缘电阻表用于绝缘测量，归检测仪器。；二级物料族人工预览：复核 -> 工具量具/检测仪器（候选新增）；置信度：中；判断：绝缘电阻表是电工仪表，目标测量工具排除仪表，需候选检测仪器承接。；下一步：next_action: 建议新增检测仪器或电工仪表，补测试电压、量程、精度和校准要求。
batch_007	工具量具	检测仪器（候选新增）	ELEC-000227	钳形电流表	精度描述：高精度；量程：1000A		个	高精度钳流表1000A	needs_review	缺失规格：品牌；电流；精度；整理依据：品牌/精度等级/交直流类型缺失，会影响钳形电流表SKU区分；导入口径：do_not_import_missing_specs；重分类：仪表/电气仪表 -> 工具量具/检测仪器；分类置信度：high；钳形电流表为电气测量检测仪器。；二级物料族人工预览：复核 -> 工具量具/检测仪器（候选新增）；置信度：中；判断：钳形电流表是电流检测仪表，不应归钳类工具。；下一步：next_action: 归检测仪器候选，补量程、精度、钳口尺寸。
batch_007	工具量具	检测仪器（候选新增）	ELEC-000240	钳形万用表	品牌：世达；类型：钳形万用表		只	世达钳型万用表	usable	缺失规格：量程；精度；整理依据：量程/精度缺失；导入口径：confirm_then_import；重分类：仪表/电气仪表 -> 工具量具/检测仪器；分类置信度：high；钳形万用表用于电气检测。；二级物料族人工预览：复核 -> 工具量具/检测仪器（候选新增）；置信度：中；判断：钳形万用表是电工仪表，属于检测仪器候选，不是手动钳。；下一步：next_action: 归检测仪器候选，补量程、精度、型号。
batch_007	工具量具	检测仪器（候选新增）	MAT-000100	高压油压表	介质：油；类型：高压表		个	高压油表	needs_review	缺失规格：量程；精度；整理依据：量程/接口/精度缺失；与同类高压油压表可合并复核；导入口径：do_not_import_missing_specs；重分类：仪表/压力仪表 -> 工具量具/检测仪器；分类置信度：high；油压表用于压力检测，归检测仪器。；二级物料族人工预览：复核 -> 工具量具/检测仪器（候选新增）；置信度：中；判断：高压油压表是油压检测仪表，不属于普通测量工具；目标二级缺检测仪器。；下一步：next_action: 建议新增检测仪器，补量程、精度、接口和介质。
batch_007	工具量具	检测仪器（候选新增）	MAT-000141	压力表	量程/压力：60公斤		个	60公斤压力表	needs_review	缺失规格：精度；整理依据：量程标准单位、接口、表径、精度缺失，无法稳定区分压力表SKU；导入口径：do_not_import_missing_specs；重分类：仪表/压力仪表 -> 工具量具/检测仪器；分类置信度：high；压力表用于压力检测，归检测仪器。；二级物料族人工预览：复核 -> 工具量具/检测仪器（候选新增）；置信度：中；判断：压力表是压力检测仪表，目标测量工具排除仪表。；下一步：next_action: 建议新增检测仪器或压力仪表族，补量程、接口、表径、精度。
batch_007	工具量具	检测仪器（候选新增）	MAT-000225	轴向压力表	类型：轴向；仪表类型：压力表		只	轴向压力表	needs_review	缺失规格：量程；整理依据：量程/接口/表径缺失，无法稳定区分压力表SKU；导入口径：do_not_import_missing_specs；重分类：仪表/压力仪表 -> 工具量具/检测仪器；分类置信度：medium；压力表用于压力检测，标准无仪表一级，归检测仪器。；二级物料族人工预览：复核 -> 工具量具/检测仪器（候选新增）；置信度：中；判断：轴向压力表是压力仪表，目标测量工具排除仪表。；下一步：next_action: 归检测仪器候选，补量程、接口、表径、精度。
batch_007	工具量具	检测仪器（候选新增）	MAT-000242	抗振储气式压力表	特性：抗振；结构：储气式；类型：压力表		只	抗振储气式压力表	needs_review	缺失规格：量程；整理依据：量程/接口/表径缺失，无法区分压力表SKU；导入口径：do_not_import_missing_specs；重分类：仪表/压力仪表 -> 工具量具/检测仪器；分类置信度：high；压力表用于压力检测，归检测仪器。；二级物料族人工预览：复核 -> 工具量具/检测仪器（候选新增）；置信度：中；判断：抗振储气式压力表是压力仪表，目标测量工具排除仪表。；下一步：next_action: 建议新增检测仪器或压力仪表族，补量程、接口、表径和精度。
batch_007	工具量具	检测仪器（候选新增）	TOOL-000074	防火涂层测厚仪	用途：防火涂层测厚		台	防火涂层测厚仪	needs_review	缺失规格：品牌；型号；量程；精度；整理依据：量程/精度/品牌缺失，无法稳定区分型号；导入口径：do_not_import_missing_specs；重分类：工具器具/检测仪器 -> 工具量具/检测仪器；分类置信度：high；测厚仪为检测仪器。；二级物料族人工预览：复核 -> 工具量具/检测仪器（候选新增）；置信度：中；判断：防火涂层测厚仪是专用检测仪器，目标测量工具排除仪表类，当前缺检测仪器族。；下一步：next_action: 建议新增检测仪器，第三层保留测厚仪并补量程、精度、标准。
batch_007	工具量具	检测仪器（候选新增）	TOOL-000088	噪音计	用途：噪音检测		台	噪音仪	needs_review	缺失规格：品牌；量程；精度；整理依据：量程/精度/品牌缺失，无法区分不同噪音计SKU；导入口径：do_not_import_missing_specs；重分类：工具器具/检测仪器 -> 工具量具/检测仪器；分类置信度：high；噪音计用于检测测量。；二级物料族人工预览：复核 -> 工具量具/检测仪器（候选新增）；置信度：中；判断：噪音计是环境检测仪器，目标测量工具未覆盖仪器类。；下一步：next_action: 建议新增检测仪器，补量程、精度、校准要求。
batch_007	工具量具	检测仪器（候选新增）	TOOL-000093	绝缘摇表	量程/电压：2500		个	2500绝缘摇表	usable	缺失规格：品牌；电压；量程；精度；整理依据：2500单位未说明，按原始量程/电压保留；精度/品牌缺失；导入口径：confirm_then_import；重分类：工具器具/检测仪器 -> 工具量具/检测仪器；分类置信度：high；绝缘摇表用于绝缘检测。；二级物料族人工预览：复核 -> 工具量具/检测仪器（候选新增）；置信度：中；判断：绝缘摇表是绝缘电阻检测仪表，不是普通测量工具。；下一步：next_action: 与绝缘电阻表统一到检测仪器候选，补测试电压、量程、型号。
batch_007	工具量具	检测仪器（候选新增）	TOOL-000094	摇表表笔	适用设备：摇表；类型：表笔		个	摇表笔	needs_review	缺失规格：品牌；型号；规格；尺寸；整理依据：接口/耐压缺失，无法区分不同摇表表笔SKU；导入口径：do_not_import_missing_specs；重分类：工具器具/检测仪器配件 -> 工具量具/检测仪器；分类置信度：medium；摇表表笔是检测仪器配件，归检测仪器族。；二级物料族人工预览：复核 -> 工具量具/检测仪器（候选新增）；置信度：中；判断：摇表表笔是检测仪器配件，不是测量工具本体；目标表缺检测仪器及其附件族。；下一步：next_action: 暂随检测仪器候选治理，后续可拆仪表附件。
batch_007	工具量具	检测仪器（候选新增）	TOOL-000104	玛氏漏斗粘度计	材质：不锈钢；类型：玛氏漏斗粘度计		个	不锈钢玛氏漏斗粘度计	usable	缺失规格：执行标准；量程；整理依据：量程/执行标准缺失，按不锈钢玛氏漏斗粘度计候选；导入口径：confirm_then_import；重分类：工具器具/检测仪器 -> 工具量具/检测仪器；分类置信度：high；粘度计用于检测泥浆粘度，归检测仪器。；二级物料族人工预览：复核 -> 工具量具/检测仪器（候选新增）；置信度：中；判断：玛氏漏斗粘度计是泥浆粘度检测器具，目标测量工具未覆盖仪器类。；下一步：next_action: 建议新增检测仪器或试验器具，补材质、量程和标准。
batch_007	工具量具	检测仪器（候选新增）	TOOL-000160	万用表	型号：UT39C		个	UT39C万能表	usable	缺失规格：品牌；整理依据：品牌/校准要求缺失；导入口径：confirm_then_import；重分类：工具/电工仪表 -> 工具量具/检测仪器；分类置信度：high；万用表是电工检测仪器。；二级物料族人工预览：复核 -> 工具量具/检测仪器（候选新增）；置信度：中；判断：万用表是电工检测仪表，目标测量工具排除仪表。；下一步：next_action: 建议新增检测仪器或电工仪表，补量程、精度、型号和校准要求。
batch_007	工具量具	检测仪器（候选新增）	TOOL-000161	钳形表	量程：2000A		个	2000A钳形表	needs_review	缺失规格：型号；整理依据：型号/交直流类型缺失；导入口径：do_not_import_missing_specs；重分类：工具/电工仪表 -> 工具量具/检测仪器；分类置信度：high；钳形表用于电流检测，归检测仪器。；二级物料族人工预览：复核 -> 工具量具/检测仪器（候选新增）；置信度：中；判断：钳形表是电工检测仪表，名称含钳但不是钳类工具。；下一步：next_action: 新增检测仪器或电工仪表后归入，补量程、精度、品牌型号。
batch_007	工具量具	检测仪器（候选新增）	TOOL-000181	混凝土试模	尺寸：150*150*150		个	150*150*150混凝土模具	usable	缺失规格：材质；执行标准；整理依据：材质/执行标准缺失，按尺寸先建候选；导入口径：confirm_then_import；重分类：工具/检测模具 -> 工具量具/检测仪器；分类置信度：high；混凝土试模用于试验检测，归检测仪器。；二级物料族人工预览：复核 -> 工具量具/检测仪器（候选新增）；置信度：中；判断：混凝土试模是试验检测配套器具，不是施工手工具；目标二级表缺检测器具族。；下一步：next_action: 建议归入检测仪器或新增试验器具，补尺寸、材质和标准。
batch_007	工具量具	检测仪器（候选新增）	TOOL-000192	混凝土试模	规格：待补		个	混凝土试模	needs_review	缺失规格：执行标准；尺寸；整理依据：尺寸/执行标准缺失，无法稳定区分混凝土试模SKU；导入口径：do_not_import_missing_specs；重分类：工具/检测模具 -> 工具量具/检测仪器；分类置信度：high；混凝土试模用于试验检测，归检测仪器。；二级物料族人工预览：复核 -> 工具量具/检测仪器（候选新增）；置信度：中；判断：混凝土试模是试验检测配套器具，不是施工手工具；目标二级表缺检测器具族。；下一步：next_action: 建议归入检测仪器或新增试验器具，补尺寸、材质和标准。
batch_007	工具量具	检测仪器（候选新增）	WELD-000061	氧气检测表	介质：氧气；类型：检测表		只	氧气检测表	needs_review	缺失规格：量程；精度；整理依据：量程/精度缺失，无法区分检测表SKU；导入口径：do_not_import_missing_specs；重分类：仪表/气体检测仪表 -> 工具量具/检测仪器；分类置信度：medium；氧气检测表本质是检测仪表，旧仪表类可归检测仪器。；二级物料族人工预览：复核 -> 工具量具/检测仪器（候选新增）；置信度：中；判断：氧气检测表是气体检测仪表，属于检测仪器候选。；下一步：next_action: 建议新增检测仪器，补量程、精度、介质和接口。
batch_007	液压气动	气动接头	METAL-000140	不锈钢C式自锁接头套装	材质：不锈钢；类型：C式自锁；型号组合：SM40+PM40		套	不锈钢C式自锁接头SM40+PM40	needs_review	缺失规格：口径；整理依据：口径/密封材质缺失，会影响快换接头套装SKU区分；导入口径：do_not_import_missing_specs；重分类：气动液压/快换接头 -> 液压气动/气动接头；分类置信度：medium；C式自锁快换接头多用于气动快接，归气动接头。；螺丝治理预览：需人工确认；action=needs_manual_review；scope=boundary_sample；confidence=medium；依据：非螺丝套件/组件只作为边界排除样本，不能按螺丝套件处理。；二级物料族人工预览：保留 -> 液压气动/气动接头；置信度：高；判断：当前族是气管直通、弯头、三通等压缩空气管路快插/接头，不是水暖管件，也不是液压油路接头。；下一步：进入第三层治理，按直通、弯头、三通、变径、螺纹形式拆分。
batch_007	液压气动	气动接头	METAL-000141	不锈钢快接公头	材质：不锈钢；类型：快接公头；型号：PP20		只	不锈钢快接公头PP20	needs_review	缺失规格：口径；整理依据：口径/系列标准缺失，会影响快接公头SKU区分；导入口径：do_not_import_missing_specs；重分类：气动液压/快换接头 -> 液压气动/气动接头；分类置信度：high；快接公头属于气动快换接头，规格为型号差异。；二级物料族人工预览：保留 -> 液压气动/气动接头；置信度：高；判断：当前族是气管直通、弯头、三通等压缩空气管路快插/接头，不是水暖管件，也不是液压油路接头。；下一步：进入第三层治理，按直通、弯头、三通、变径、螺纹形式拆分。
batch_007	液压气动	气动接头	METAL-000142	不锈钢快接公头	材质：不锈钢；类型：快接公头；型号：PP30		只	不锈钢快接公头PP30	needs_review	缺失规格：口径；整理依据：口径/系列标准缺失，会影响快接公头SKU区分；导入口径：do_not_import_missing_specs；重分类：气动液压/快换接头 -> 液压气动/气动接头；分类置信度：high；快接公头属于气动快换接头，规格为型号差异。；二级物料族人工预览：保留 -> 液压气动/气动接头；置信度：高；判断：当前族是气管直通、弯头、三通等压缩空气管路快插/接头，不是水暖管件，也不是液压油路接头。；下一步：进入第三层治理，按直通、弯头、三通、变径、螺纹形式拆分。
batch_007	液压气动	气动接头	METAL-000143	不锈钢快接公头	材质：不锈钢；类型：快接公头；型号：PP60		只	不锈钢快接公头PP60	needs_review	缺失规格：口径；整理依据：口径/系列标准缺失，会影响快接公头SKU区分；导入口径：do_not_import_missing_specs；重分类：气动液压/快换接头 -> 液压气动/气动接头；分类置信度：high；快接公头属于气动快换接头，规格为型号差异。；二级物料族人工预览：保留 -> 液压气动/气动接头；置信度：高；判断：当前族是气管直通、弯头、三通等压缩空气管路快插/接头，不是水暖管件，也不是液压油路接头。；下一步：进入第三层治理，按直通、弯头、三通、变径、螺纹形式拆分。
batch_007	液压气动	气动接头	METAL-000144	不锈钢快拧外丝直接	材质：不锈钢；类型：快拧外丝直接；型号：PC16-04		只	不锈钢快拧外丝直接PC16-04	needs_review	缺失规格：规格；厚度；长度；执行标准；整理依据：螺纹制式/管径含义缺失，会影响快拧接头SKU区分；导入口径：do_not_import_missing_specs；重分类：气动液压/快拧接头 -> 液压气动/气动接头；分类置信度：high；快拧外丝直接为气动快拧接头。；二级物料族人工预览：保留 -> 液压气动/气动接头；置信度：高；判断：当前族是气管直通、弯头、三通等压缩空气管路快插/接头，不是水暖管件，也不是液压油路接头。；下一步：进入第三层治理，按直通、弯头、三通、变径、螺纹形式拆分。
batch_007	液压气动	气动接头	METAL-000150	不锈钢直通快插接头	材质：304不锈钢；型号：QS-1/4-12；类型：直通快插		个	304不锈钢直通快插接头QS-1/4-12	needs_review	缺失规格：规格；厚度；长度；执行标准；整理依据：螺纹/管径含义缺失，会影响快插接头SKU区分；导入口径：do_not_import_missing_specs；重分类：气动液压/快插接头 -> 液压气动/气动接头；分类置信度：high；直通快插接头属于气动接头，型号为规格差异。；二级物料族人工预览：保留 -> 液压气动/气动接头；置信度：高；判断：当前族是气管直通、弯头、三通等压缩空气管路快插/接头，不是水暖管件，也不是液压油路接头。；下一步：进入第三层治理，按直通、弯头、三通、变径、螺纹形式拆分。
batch_007	液压气动	气动接头	METAL-000151	不锈钢直通快插接头	材质：304不锈钢；型号：QS-1/4-10；类型：直通快插		个	304不锈钢直通快插接头QS-1/4-10	needs_review	缺失规格：规格；厚度；长度；执行标准；整理依据：螺纹/管径含义缺失，会影响快插接头SKU区分；导入口径：do_not_import_missing_specs；重分类：气动液压/快插接头 -> 液压气动/气动接头；分类置信度：high；直通快插接头属于气动接头，型号为规格差异。；二级物料族人工预览：保留 -> 液压气动/气动接头；置信度：高；判断：当前族是气管直通、弯头、三通等压缩空气管路快插/接头，不是水暖管件，也不是液压油路接头。；下一步：进入第三层治理，按直通、弯头、三通、变径、螺纹形式拆分。
batch_007	液压气动	气动接头	METAL-000152	不锈钢直通快插接头	材质：304不锈钢；型号：QS-1/4-8；类型：直通快插		个	304不锈钢直通快插接头QS-1/4-8	needs_review	缺失规格：规格；厚度；长度；执行标准；整理依据：螺纹/管径含义缺失，会影响快插接头SKU区分；导入口径：do_not_import_missing_specs；重分类：气动液压/快插接头 -> 液压气动/气动接头；分类置信度：high；直通快插接头属于气动接头，型号为规格差异。；二级物料族人工预览：保留 -> 液压气动/气动接头；置信度：高；判断：当前族是气管直通、弯头、三通等压缩空气管路快插/接头，不是水暖管件，也不是液压油路接头。；下一步：进入第三层治理，按直通、弯头、三通、变径、螺纹形式拆分。
batch_007	液压气动	气动接头	PIPE-000198	气管直通接头	规格：8厘；类型：直通		个	8厘气管直通	usable	缺失规格：材质；整理依据：材质/螺纹或快插形式缺失；导入口径：confirm_then_import；重分类：气动元件/气管接头 -> 液压气动/气动接头；分类置信度：high；气管直通为气动接头。；二级物料族人工预览：保留 -> 液压气动/气动接头；置信度：高；判断：当前族是气管直通、弯头、三通等压缩空气管路快插/接头，不是水暖管件，也不是液压油路接头。；下一步：进入第三层治理，按直通、弯头、三通、变径、螺纹形式拆分。
batch_007	液压气动	气动接头	PIPE-000199	气管直通接头	规格：10厘；类型：直通		个	10厘气管直通	usable	缺失规格：材质；整理依据：材质/螺纹或快插形式缺失；导入口径：confirm_then_import；重分类：气动元件/气管接头 -> 液压气动/气动接头；分类置信度：high；气管直通为气动接头。；二级物料族人工预览：保留 -> 液压气动/气动接头；置信度：高；判断：当前族是气管直通、弯头、三通等压缩空气管路快插/接头，不是水暖管件，也不是液压油路接头。；下一步：进入第三层治理，按直通、弯头、三通、变径、螺纹形式拆分。
batch_007	液压气动	气动接头	PIPE-000200	气管直通接头	规格：16厘；类型：直通		个	16厘气管直通	usable	缺失规格：材质；整理依据：材质/螺纹或快插形式缺失；导入口径：confirm_then_import；重分类：气动元件/气管接头 -> 液压气动/气动接头；分类置信度：high；气管直通为气动接头。；二级物料族人工预览：保留 -> 液压气动/气动接头；置信度：高；判断：当前族是气管直通、弯头、三通等压缩空气管路快插/接头，不是水暖管件，也不是液压油路接头。；下一步：进入第三层治理，按直通、弯头、三通、变径、螺纹形式拆分。
batch_007	液压气动	气动接头	PIPE-000201	气管弯头接头	规格：8厘；类型：弯头		个	8厘气管弯头	usable	缺失规格：材质；整理依据：材质/螺纹或快插形式缺失；导入口径：confirm_then_import；重分类：气动元件/气管接头 -> 液压气动/气动接头；分类置信度：high；气管弯头为气动接头。；二级物料族人工预览：保留 -> 液压气动/气动接头；置信度：高；判断：当前族是气管直通、弯头、三通等压缩空气管路快插/接头，不是水暖管件，也不是液压油路接头。；下一步：进入第三层治理，按直通、弯头、三通、变径、螺纹形式拆分。
batch_007	液压气动	气动接头	PIPE-000202	气管弯头接头	规格：10厘；类型：弯头		个	10厘气管弯头	usable	缺失规格：材质；整理依据：材质/螺纹或快插形式缺失；导入口径：confirm_then_import；重分类：气动元件/气管接头 -> 液压气动/气动接头；分类置信度：high；气管弯头为气动接头。；二级物料族人工预览：保留 -> 液压气动/气动接头；置信度：高；判断：当前族是气管直通、弯头、三通等压缩空气管路快插/接头，不是水暖管件，也不是液压油路接头。；下一步：进入第三层治理，按直通、弯头、三通、变径、螺纹形式拆分。
batch_007	液压气动	气动接头	PIPE-000203	气管弯头接头	规格：16厘；类型：弯头		个	16厘气管弯头	usable	缺失规格：材质；整理依据：材质/螺纹或快插形式缺失；导入口径：confirm_then_import；重分类：气动元件/气管接头 -> 液压气动/气动接头；分类置信度：high；气管弯头为气动接头。；二级物料族人工预览：保留 -> 液压气动/气动接头；置信度：高；判断：当前族是气管直通、弯头、三通等压缩空气管路快插/接头，不是水暖管件，也不是液压油路接头。；下一步：进入第三层治理，按直通、弯头、三通、变径、螺纹形式拆分。
batch_007	液压气动	气动接头	PIPE-000204	气管三通接头	规格：8厘；类型：三通		个	8厘气管三通	usable	缺失规格：材质；整理依据：材质/快插形式缺失；导入口径：confirm_then_import；重分类：气动元件/气管接头 -> 液压气动/气动接头；分类置信度：high；气管三通为气动接头。；二级物料族人工预览：保留 -> 液压气动/气动接头；置信度：高；判断：当前族是气管直通、弯头、三通等压缩空气管路快插/接头，不是水暖管件，也不是液压油路接头。；下一步：进入第三层治理，按直通、弯头、三通、变径、螺纹形式拆分。
batch_007	液压气动	气动接头	PIPE-000205	气管三通接头	规格：10厘；类型：三通		个	10厘气管三通	usable	缺失规格：材质；整理依据：材质/快插形式缺失；导入口径：confirm_then_import；重分类：气动元件/气管接头 -> 液压气动/气动接头；分类置信度：high；气管三通为气动接头。；二级物料族人工预览：保留 -> 液压气动/气动接头；置信度：高；判断：当前族是气管直通、弯头、三通等压缩空气管路快插/接头，不是水暖管件，也不是液压油路接头。；下一步：进入第三层治理，按直通、弯头、三通、变径、螺纹形式拆分。
batch_007	液压气动	气动接头	PIPE-000206	气管三通接头	规格：16厘；类型：三通		个	16厘气管三通	usable	缺失规格：材质；整理依据：材质/快插形式缺失；导入口径：confirm_then_import；重分类：气动元件/气管接头 -> 液压气动/气动接头；分类置信度：high；气管三通为气动接头。；二级物料族人工预览：保留 -> 液压气动/气动接头；置信度：高；判断：当前族是气管直通、弯头、三通等压缩空气管路快插/接头，不是水暖管件，也不是液压油路接头。；下一步：进入第三层治理，按直通、弯头、三通、变径、螺纹形式拆分。
batch_007	液压气动	气动接头	PIPE-000229	自锁气管接头公头	类型：自锁；部件：公头		个	自锁气管接头公头	needs_review	缺失规格：规格；口径；整理依据：口径/螺纹规格缺失；导入口径：do_not_import_missing_specs；重分类：气动元件/气管接头 -> 液压气动/气动接头；分类置信度：high；气管接头公头属于气动接头。；二级物料族人工预览：保留 -> 液压气动/气动接头；置信度：高；判断：当前族是气管直通、弯头、三通等压缩空气管路快插/接头，不是水暖管件，也不是液压油路接头。；下一步：进入第三层治理，按直通、弯头、三通、变径、螺纹形式拆分。
batch_007	液压气动	气动接头	PIPE-000230	自锁气管接头螺母	类型：自锁；部件：螺母		个	自锁气管接头螺母	needs_review	缺失规格：规格；口径；整理依据：口径/螺纹规格缺失；导入口径：do_not_import_missing_specs；重分类：气动元件/气管接头 -> 液压气动/气动接头；分类置信度：high；气管接头螺母属于气动接头配件。；螺丝治理预览：需人工确认；action=needs_manual_review；scope=boundary_sample；confidence=medium；依据：螺母是气动接头部件，不应自动转普通螺母。；二级物料族人工预览：保留 -> 液压气动/气动接头；置信度：高；判断：当前族是气管直通、弯头、三通等压缩空气管路快插/接头，不是水暖管件，也不是液压油路接头。；下一步：进入第三层治理，按直通、弯头、三通、变径、螺纹形式拆分。
batch_007	液压气动	气动接头	PIPE-000259	气管自锁接头	类型：自锁接头		套	气管自锁接头	needs_review	缺失规格：口径；整理依据：口径/公母头/螺纹缺失，无法区分气管接头SKU；导入口径：do_not_import_missing_specs；重分类：气动元件/气管接头 -> 液压气动/气动接头；分类置信度：high；自锁接头属于气动管路接头。；二级物料族人工预览：保留 -> 液压气动/气动接头；置信度：高；判断：当前族是气管直通、弯头、三通等压缩空气管路快插/接头，不是水暖管件，也不是液压油路接头。；下一步：进入第三层治理，按直通、弯头、三通、变径、螺纹形式拆分。
batch_007	建筑材料	装饰装修材料	CHEM-000079	背胶草皮	厚度/规格：3.0；背胶：是		平方	3.0背胶草皮	needs_review	缺失规格：规格；宽度；厚度；整理依据：人造/天然、宽度缺失；厚度/规格单位不明确；导入口径：do_not_import_missing_specs；重分类：行政后勤/绿化用品 -> 建筑材料/装饰材料；分类置信度：medium；背胶草皮为铺装装饰材料，旧行政后勤口径偏用途。；二级物料族人工预览：合并 -> 建筑材料/装饰装修材料；置信度：中；判断：背胶草皮用于地面或景观装饰，背胶是规格属性。；下一步：合并到装饰装修材料，第三层保留人工草皮或背胶草皮。
batch_007	建筑材料	装饰装修材料	CONST-000003	地板胶	材质：PVC；特征：加厚		平方	加厚PVC地板胶	needs_review	缺失规格：厚度；整理依据：厚度缺失，会影响 PVC 地板胶 SKU 区分；导入口径：do_not_import_missing_specs；重分类：装修材料/地面材料 -> 建筑材料/装饰材料；分类置信度：high；PVC地板胶是地面装饰材料，不是胶粘剂。；二级物料族人工预览：合并 -> 建筑材料/装饰装修材料；置信度：高；判断：地板胶是地面装修材料，目标装饰装修材料已包含地板胶。；下一步：合并到装饰装修材料，第三层保留地板胶并维护材质、厚度。
batch_007	建筑材料	装饰装修材料	CONST-000005	亚克力板	尺寸：81*81*5		块	81×81×5亚克力板	usable	缺失规格：材质；整理依据：尺寸单位未注明，需确认是否mm；导入口径：confirm_then_import；重分类：原材料/塑料板材 -> 建筑材料/装饰材料；分类置信度：medium；亚克力板为施工装饰/透明板材，旧原材料口径不在标准一级。；二级物料族人工预览：合并 -> 建筑材料/装饰装修材料；置信度：中；判断：亚克力板是透明装饰板材，属于装饰装修材料。；下一步：合并到装饰装修材料，第三层保留亚克力板并维护厚度、尺寸、颜色。
batch_007	建筑材料	装饰装修材料	CONST-000010	彩钢瓦	规格：1*0.84		米	1*0.84彩钢瓦	needs_review	缺失规格：厚度；颜色；整理依据：厚度/颜色缺失，规格维度含义未完全明确；导入口径：do_not_import_missing_specs；重分类：建筑材料/板材 -> 建筑材料/装饰材料；分类置信度：high；彩钢瓦为建筑屋面围护板材。；二级物料族人工预览：合并 -> 建筑材料/装饰装修材料；置信度：中；判断：彩钢瓦用于屋面或围护装饰，虽为金属材质但采购用途是建筑围护。；下一步：合并到装饰装修材料，第三层保留彩钢瓦并维护尺寸、厚度、颜色。
batch_007	建筑材料	装饰装修材料	CONST-000011	彩钢瓦	规格：1.6*0.84		米	1.6*0.84彩钢瓦	needs_review	缺失规格：厚度；颜色；整理依据：厚度/颜色缺失，规格维度含义未完全明确；导入口径：do_not_import_missing_specs；重分类：建筑材料/板材 -> 建筑材料/装饰材料；分类置信度：high；彩钢瓦为建筑屋面围护板材。；二级物料族人工预览：合并 -> 建筑材料/装饰装修材料；置信度：中；判断：彩钢瓦用于屋面或围护装饰，虽为金属材质但采购用途是建筑围护。；下一步：合并到装饰装修材料，第三层保留彩钢瓦并维护尺寸、厚度、颜色。
batch_007	建筑材料	装饰装修材料	CONST-000012	彩钢瓦	厚度/规格：0.5		平方	0.5彩钢瓦	needs_review	缺失规格：规格；厚度；颜色；整理依据：颜色/板型缺失，原规格未明确是否为厚度；导入口径：do_not_import_missing_specs；重分类：建筑材料/板材 -> 建筑材料/装饰材料；分类置信度：high；彩钢瓦为建筑屋面围护板材。；二级物料族人工预览：合并 -> 建筑材料/装饰装修材料；置信度：中；判断：彩钢瓦用于屋面或围护装饰，虽为金属材质但采购用途是建筑围护。；下一步：合并到装饰装修材料，第三层保留彩钢瓦并维护尺寸、厚度、颜色。
batch_007	建筑材料	装饰装修材料	CONST-000013	人工草皮	规格：3.0；颜色：绿色		平方	3.0绿草皮	usable	缺失规格：材质；尺寸；整理依据：规格3.0单位/含义未说明，按原规格和颜色先建候选；输入提示与其他记录可合并；导入口径：confirm_then_import；重分类：装饰/地面材料 -> 建筑材料/装饰材料；分类置信度：high；人工草皮是地面装饰材料。；二级物料族人工预览：合并 -> 建筑材料/装饰装修材料；置信度：中；判断：人工草皮用于地面或景观装饰，属于装饰装修材料。；下一步：合并到装饰装修材料，第三层统一人工草皮并维护厚度、颜色。
batch_007	建筑材料	装饰装修材料	CONST-000016	草皮	厚度/规格：3.0；特征：加厚		平方	3.0加厚草皮	needs_review	缺失规格：规格；厚度；整理依据：人造/天然、是否背胶缺失；厚度/规格单位不明确；导入口径：do_not_import_missing_specs；重分类：行政后勤/绿化用品 -> 建筑材料/装饰材料；分类置信度：medium；草皮用于铺装绿化装饰，旧行政后勤偏用途。；二级物料族人工预览：合并 -> 建筑材料/装饰装修材料；置信度：中；判断：草皮用于地面装饰或景观铺装，属于装饰装修材料。；下一步：合并到装饰装修材料，第三层保留草皮并维护厚度、颜色。
batch_007	建筑材料	装饰装修材料	CONST-000024	PC板	材质：PC；颜色：透明；尺寸：1m*1.5m；厚度：3mm		块	透明PC板1m*1.5m*3mm	standard	导入口径：import_ready；重分类：塑料板材/PC板 -> 建筑材料/装饰材料；分类置信度：medium；透明PC板属施工用塑料板材，可按装饰板材管理；旧塑料板材非标准一级。；二级物料族人工预览：合并 -> 建筑材料/装饰装修材料；置信度：中；判断：PC板是透明板材，当前建筑材料来源更接近装饰装修板材。；下一步：合并到装饰装修材料，第三层保留PC板并维护厚度、尺寸、颜色。
batch_007	建筑材料	装饰装修材料	CONST-000028	阻燃地板革	特性：阻燃；尺寸：6m*2.5m		㎡	阻燃地板革6m*2.5m	needs_review	缺失规格：材质；厚度；整理依据：厚度/材质/阻燃等级缺失，会影响地板革SKU区分；导入口径：do_not_import_missing_specs；重分类：建筑装饰材料/地板革 -> 建筑材料/装饰材料；分类置信度：high；地板革为建筑装饰材料。；二级物料族人工预览：合并 -> 建筑材料/装饰装修材料；置信度：高；判断：阻燃地板革是地面装修材料，阻燃是性能属性。；下一步：合并到装饰装修材料，第三层保留地板革并维护阻燃等级、尺寸。
batch_007	建筑材料	装饰装修材料	CONST-000031	硅晶板	颜色：透明；尺寸：0.8m*0.45m*0.05m		块	透明硅晶板0.8m*0.45m*0.05m	needs_review	缺失规格：材质；整理依据：材质等级/用途缺失，会影响硅晶板SKU区分；导入口径：do_not_import_missing_specs；重分类：板材/硅晶板 -> 建筑材料/装饰材料；分类置信度：medium；硅晶板为建筑板材，按装饰板材归类。；二级物料族人工预览：复核 -> 建筑材料/装饰装修材料；置信度：中；判断：硅晶板是透明板材，当前样例用途不明但更接近装修板材。；下一步：暂归装饰装修材料，采购前确认材质和安装用途。
batch_007	建筑材料	装饰装修材料	MAT-000001	墙纸	包装/规格：大卷		卷	墙纸大卷	needs_review	缺失规格：材质；整理依据：款式/材质缺失，大卷墙纸不足以区分SKU；导入口径：do_not_import_missing_specs；重分类：装修材料/墙面材料 -> 建筑材料/装饰材料；分类置信度：high；墙纸为墙面装饰材料。；二级物料族人工预览：合并 -> 建筑材料/装饰装修材料；置信度：高；判断：墙纸是室内装饰材料，符合装饰装修材料目标族。；下一步：合并到装饰装修材料，第三层保留墙纸并维护尺寸、颜色、材质。
batch_007	建筑材料	装饰装修材料	MAT-000004	墙布	特征：厚、环保		平方	厚环保墙布	needs_review	缺失规格：材质；整理依据：材质、花色缺失，会影响墙布 SKU 区分；导入口径：do_not_import_missing_specs；重分类：装修材料/墙面材料 -> 建筑材料/装饰材料；分类置信度：high；墙布是墙面装饰材料。；二级物料族人工预览：合并 -> 建筑材料/装饰装修材料；置信度：高；判断：墙布是墙面装饰材料，符合装饰装修材料目标族。；下一步：合并到装饰装修材料，第三层保留墙布并维护材质、尺寸。
batch_007	建筑材料	装饰装修材料	MAT-000068	雨棚	尺寸：4*4米；特征：加厚	定制:是	个	加厚4*4米雨棚	needs_review	缺失规格：材质；整理依据：定制件材质/结构缺失，无法唯一确定雨棚SKU；导入口径：do_not_import_missing_specs；重分类：定制件/遮雨棚 -> 建筑材料/覆盖防护材料；分类置信度：medium；雨棚用于遮雨覆盖防护，定制只影响尺寸。；二级物料族人工预览：复核 -> 建筑材料/装饰装修材料；置信度：中；判断：雨棚是建筑附属遮挡构件，不是临时覆盖材料；但目标族缺建筑附属件。；下一步：暂归装饰装修材料，建议复核是否新增门窗雨棚或建筑附属件族。
batch_007	建筑材料	装饰装修材料	MAT-000109	窗户	定制：是；品类：窗户		个	定做窗户	needs_review	缺失规格：材质；尺寸；整理依据：定制件尺寸/材质/开启方式/图纸缺失，无法唯一确定窗户SKU；导入口径：do_not_import_missing_specs；重分类：定制件/门窗制品 -> 建筑材料/装饰材料；分类置信度：medium；定做窗户属于建筑门窗装饰材料，旧定制件口径偏加工属性。；二级物料族人工预览：复核 -> 建筑材料/装饰装修材料；置信度：中；判断：窗户是建筑门窗构件，目标表没有门窗构件族，装饰装修材料暂接。；下一步：暂归装饰装修材料，建议后续评估是否新增门窗构件族。
batch_007	建筑材料	装饰装修材料	MAT-000112	雨棚	尺寸：3*4.5m；规格：大		套	3*4.5m大雨棚	needs_review	缺失规格：材质；整理依据：材质/支架配置缺失，无法区分雨棚SKU；导入口径：do_not_import_missing_specs；重分类：行政后勤/临时设施 -> 建筑材料/覆盖防护材料；分类置信度：medium；雨棚用于遮雨覆盖防护，定制只影响尺寸。；二级物料族人工预览：复核 -> 建筑材料/装饰装修材料；置信度：中；判断：雨棚是建筑附属遮挡构件，不是临时覆盖材料；但目标族缺建筑附属件。；下一步：暂归装饰装修材料，建议复核是否新增门窗雨棚或建筑附属件族。
batch_007	建筑材料	装饰装修材料	MAT-000209	墙纸	颜色：白色；尺寸：3m*0.325m		块	白色墙纸3m*0.325m	needs_review	缺失规格：材质；整理依据：材质/胶面缺失且单位是否按块采购需确认；导入口径：do_not_import_missing_specs；重分类：建筑装饰材料/墙纸 -> 建筑材料/装饰材料；分类置信度：high；墙纸为墙面装饰材料。；二级物料族人工预览：合并 -> 建筑材料/装饰装修材料；置信度：高；判断：墙纸是室内装饰材料，符合装饰装修材料目标族。；下一步：合并到装饰装修材料，第三层保留墙纸并维护尺寸、颜色、材质。
batch_007	建筑材料	装饰装修材料	MAT-000233	软玻璃门帘	结构：磁吸式；颜色：透明；尺寸：2.55m*1.46m；厚度：3mm		付	磁吸式透明软玻璃门帘2.55m*1.46m*3mm	usable	缺失规格：材质；整理依据：材质等级缺失；导入口径：confirm_then_import；重分类：行政后勤/门帘 -> 清洁办公后勤/生活用品；分类置信度：medium；软玻璃门帘为后勤门帘用品。；二级物料族人工预览：移出 -> 建筑材料/装饰装修材料；置信度：中；判断：软玻璃门帘是门口安装装饰或隔断材料，不是普通生活后勤用品。；下一步：移出到建筑材料的装饰装修材料，第三层保留软玻璃门帘。
batch_007	建筑材料	装饰装修材料	METAL-000132	彩钢板	尺寸：2.3m*1m		块	彩钢板2.3m*1m	needs_review	缺失规格：厚度；颜色；整理依据：厚度/颜色/镀层缺失，无法稳定区分彩钢板SKU；导入口径：do_not_import_missing_specs；重分类：建筑材料/彩钢板 -> 建筑材料/装饰材料；分类置信度：medium；彩钢板为建筑围护/装饰板材，不按原料金属板归类。；二级物料族人工预览：合并 -> 建筑材料/装饰装修材料；置信度：中；判断：彩钢板在建筑材料中多用于围护或装饰板，不按普通钢板库存治理。；下一步：合并到装饰装修材料，第三层保留彩钢板并维护尺寸、厚度。
batch_007	清洁办公后勤	清洁用品	ADMIN-000002	洁厕灵	类型：洁厕清洁剂		瓶	洁厕灵	needs_review	缺失规格：容量；整理依据：容量缺失，洁厕清洁剂无法唯一确定SKU；导入口径：do_not_import_missing_specs；重分类：清洁用品/清洁剂 -> 清洁办公后勤/清洁耗材；分类置信度：high；洁厕灵属于清洁耗材。；二级物料族人工预览：合并 -> 清洁办公后勤/清洁用品；置信度：高；判断：洁厕灵与洁厕剂同类，是卫生间清洁消耗品。；下一步：合并到清洁用品，第三层统一洁厕剂或保留洁厕灵别名。
batch_007	清洁办公后勤	清洁用品	ADMIN-000005	垃圾袋	规格：大		个	大垃圾袋	needs_review	缺失规格：尺寸；厚度；整理依据：厚度、尺寸缺失，无法区分不同垃圾袋 SKU；导入口径：do_not_import_missing_specs；重分类：清洁用品/垃圾袋 -> 清洁办公后勤/清洁耗材；分类置信度：high；垃圾袋是清洁消耗品，旧劳保耗材错误。；二级物料族人工预览：合并 -> 清洁办公后勤/清洁用品；置信度：中；判断：垃圾袋是后勤清洁消耗品，不属于包装袋口径；目标表没有单独清洁耗材，暂由清洁用品承接。；下一步：合并到清洁用品，建议目标族定义补充垃圾袋等清洁耗材边界。
batch_007	清洁办公后勤	清洁用品	ADMIN-000008	垃圾袋	规格：120*140；特征：厚		个	120*140厚垃圾袋	standard	导入口径：import_ready；重分类：清洁用品/垃圾袋 -> 清洁办公后勤/清洁耗材；分类置信度：high；垃圾袋是清洁消耗品，旧劳保耗材错误。；二级物料族人工预览：合并 -> 清洁办公后勤/清洁用品；置信度：中；判断：垃圾袋是后勤清洁消耗品，不属于包装袋口径；目标表没有单独清洁耗材，暂由清洁用品承接。；下一步：合并到清洁用品，建议目标族定义补充垃圾袋等清洁耗材边界。
batch_007	清洁办公后勤	清洁用品	ADMIN-000020	垃圾袋	规格：大号		个	大垃圾袋子	needs_review	缺失规格：尺寸；厚度；整理依据：尺寸/厚度缺失，大号不足以唯一确定垃圾袋SKU；导入口径：do_not_import_missing_specs；重分类：劳保耗材/清洁用品 -> 清洁办公后勤/清洁耗材；分类置信度：high；垃圾袋是清洁消耗品，旧劳保耗材错误。；二级物料族人工预览：合并 -> 清洁办公后勤/清洁用品；置信度：中；判断：垃圾袋是后勤清洁消耗品，不属于包装袋口径；目标表没有单独清洁耗材，暂由清洁用品承接。；下一步：合并到清洁用品，建议目标族定义补充垃圾袋等清洁耗材边界。
batch_007	清洁办公后勤	清洁用品	ADMIN-000032	垃圾袋	规格：待补；每包数量：待补		个	垃圾袋子	needs_review	缺失规格：品牌；包装规格；材质；整理依据：规格/每包数量缺失；导入口径：do_not_import_missing_specs；重分类：行政后勤/清洁用品 -> 清洁办公后勤/清洁耗材；分类置信度：high；垃圾袋是清洁消耗品，旧劳保耗材错误。；二级物料族人工预览：合并 -> 清洁办公后勤/清洁用品；置信度：中；判断：垃圾袋是后勤清洁消耗品，不属于包装袋口径；目标表没有单独清洁耗材，暂由清洁用品承接。；下一步：合并到清洁用品，建议目标族定义补充垃圾袋等清洁耗材边界。
batch_007	清洁办公后勤	清洁用品	ADMIN-000034	垃圾袋	规格：100*120		个	100*120垃圾袋	needs_review	缺失规格：厚度；每包数量；整理依据：厚度/每包数量缺失，可能影响垃圾袋SKU区分；导入口径：do_not_import_missing_specs；重分类：行政后勤/清洁用品 -> 清洁办公后勤/清洁耗材；分类置信度：high；垃圾袋是清洁消耗品，旧劳保耗材错误。；二级物料族人工预览：合并 -> 清洁办公后勤/清洁用品；置信度：中；判断：垃圾袋是后勤清洁消耗品，不属于包装袋口径；目标表没有单独清洁耗材，暂由清洁用品承接。；下一步：合并到清洁用品，建议目标族定义补充垃圾袋等清洁耗材边界。
batch_007	清洁办公后勤	清洁用品	ADMIN-000040	垃圾袋	规格：待补		个	垃圾袋	needs_review	缺失规格：厚度；整理依据：规格/厚度/包装数量缺失，无法区分垃圾袋SKU；导入口径：do_not_import_missing_specs；重分类：行政后勤/清洁用品 -> 清洁办公后勤/清洁耗材；分类置信度：high；垃圾袋是清洁消耗品，旧劳保耗材错误。；二级物料族人工预览：合并 -> 清洁办公后勤/清洁用品；置信度：中；判断：垃圾袋是后勤清洁消耗品，不属于包装袋口径；目标表没有单独清洁耗材，暂由清洁用品承接。；下一步：合并到清洁用品，建议目标族定义补充垃圾袋等清洁耗材边界。
batch_007	清洁办公后勤	清洁用品	ADMIN-000046	垃圾袋	规格：120		个	120垃圾袋	needs_review	缺失规格：尺寸；厚度；整理依据：完整尺寸/厚度/包装数量缺失，无法稳定区分垃圾袋SKU；导入口径：do_not_import_missing_specs；重分类：行政后勤/清洁用品 -> 清洁办公后勤/清洁耗材；分类置信度：high；垃圾袋是清洁消耗品，旧劳保耗材错误。；二级物料族人工预览：合并 -> 清洁办公后勤/清洁用品；置信度：中；判断：垃圾袋是后勤清洁消耗品，不属于包装袋口径；目标表没有单独清洁耗材，暂由清洁用品承接。；下一步：合并到清洁用品，建议目标族定义补充垃圾袋等清洁耗材边界。
batch_007	清洁办公后勤	清洁用品	ADMIN-000051	洗洁精	包装：3KG		桶	洗洁精3KG	needs_review	缺失规格：品牌；整理依据：品牌/浓度缺失，会影响洗洁精SKU区分；导入口径：do_not_import_missing_specs；重分类：清洁耗材/清洁剂 -> 清洁办公后勤/清洁耗材；分类置信度：high；洗洁精是日常清洁耗材，旧劳保耗材不准。；二级物料族人工预览：合并 -> 清洁办公后勤/清洁用品；置信度：高；判断：洗洁精是后勤清洁消耗品，符合清洁用品的容量和类型管理口径。；下一步：合并到清洁用品，第三层保留洗洁精并维护容量、包装、用途。
batch_007	清洁办公后勤	清洁用品	ADMIN-000055	垃圾袋	尺寸：1.2m*1.4m		条	垃圾袋1.2m*1.4m	needs_review	缺失规格：厚度；每包数量；整理依据：厚度/每包数量缺失，会影响垃圾袋SKU区分；导入口径：do_not_import_missing_specs；重分类：行政后勤/清洁用品 -> 清洁办公后勤/清洁耗材；分类置信度：high；垃圾袋是清洁消耗品，旧劳保耗材错误。；二级物料族人工预览：合并 -> 清洁办公后勤/清洁用品；置信度：中；判断：垃圾袋是后勤清洁消耗品，不属于包装袋口径；目标表没有单独清洁耗材，暂由清洁用品承接。；下一步：合并到清洁用品，建议目标族定义补充垃圾袋等清洁耗材边界。
batch_007	清洁办公后勤	清洁用品	ADMIN-000058	垃圾袋	颜色：黑色；尺寸：1.2米*1.4米		条	黑色垃圾袋1.2米*1.4米	needs_review	缺失规格：厚度；每包数量；整理依据：厚度/每包数量缺失，会影响垃圾袋SKU区分；导入口径：do_not_import_missing_specs；重分类：行政后勤/清洁用品 -> 清洁办公后勤/清洁耗材；分类置信度：high；垃圾袋是清洁消耗品，旧劳保耗材错误。；二级物料族人工预览：合并 -> 清洁办公后勤/清洁用品；置信度：中；判断：垃圾袋是后勤清洁消耗品，不属于包装袋口径；目标表没有单独清洁耗材，暂由清洁用品承接。；下一步：合并到清洁用品，建议目标族定义补充垃圾袋等清洁耗材边界。
batch_007	清洁办公后勤	清洁用品	ADMIN-000060	洗洁精	包装：2KG		桶	洗洁精2KG	needs_review	缺失规格：品牌；整理依据：品牌/用途缺失，会影响洗洁精SKU区分；导入口径：do_not_import_missing_specs；重分类：清洁耗材/清洁剂 -> 清洁办公后勤/清洁耗材；分类置信度：high；洗洁精是日常清洁耗材，旧劳保耗材不准。；二级物料族人工预览：合并 -> 清洁办公后勤/清洁用品；置信度：高；判断：洗洁精是后勤清洁消耗品，符合清洁用品的容量和类型管理口径。；下一步：合并到清洁用品，第三层保留洗洁精并维护容量、包装、用途。
batch_007	清洁办公后勤	清洁用品	ADMIN-000063	垃圾袋	尺寸：1m*1.2m		条	垃圾袋1m*1.2m	needs_review	缺失规格：厚度；每包数量；整理依据：厚度/每包数量缺失，会影响垃圾袋SKU区分；导入口径：do_not_import_missing_specs；重分类：行政后勤/清洁用品 -> 清洁办公后勤/清洁耗材；分类置信度：high；垃圾袋是清洁消耗品，旧劳保耗材错误。；二级物料族人工预览：合并 -> 清洁办公后勤/清洁用品；置信度：中；判断：垃圾袋是后勤清洁消耗品，不属于包装袋口径；目标表没有单独清洁耗材，暂由清洁用品承接。；下一步：合并到清洁用品，建议目标族定义补充垃圾袋等清洁耗材边界。
batch_007	清洁办公后勤	清洁用品	ADMIN-000073	垃圾袋	尺寸：1m*1.2m		条	垃圾袋1m*1.2m	needs_review	缺失规格：材质；厚度；颜色；整理依据：材质/厚度/颜色缺失，会影响垃圾袋SKU区分；导入口径：do_not_import_missing_specs；重分类：清洁用品/垃圾袋 -> 清洁办公后勤/清洁耗材；分类置信度：high；垃圾袋是清洁消耗品，旧劳保耗材错误。；二级物料族人工预览：合并 -> 清洁办公后勤/清洁用品；置信度：中；判断：垃圾袋是后勤清洁消耗品，不属于包装袋口径；目标表没有单独清洁耗材，暂由清洁用品承接。；下一步：合并到清洁用品，建议目标族定义补充垃圾袋等清洁耗材边界。
batch_007	清洁办公后勤	清洁用品	CHEM-000078	洗洁精	包装：4kg		桶	洗洁精4KG	needs_review	缺失规格：品牌；整理依据：品牌/浓度缺失，可能影响采购和SKU区分；导入口径：do_not_import_missing_specs；重分类：清洁耗材/清洗剂 -> 清洁办公后勤/清洁耗材；分类置信度：high；洗洁精是日常清洁耗材，旧劳保耗材不准。；二级物料族人工预览：合并 -> 清洁办公后勤/清洁用品；置信度：高；判断：洗洁精是后勤清洁消耗品，符合清洁用品的容量和类型管理口径。；下一步：合并到清洁用品，第三层保留洗洁精并维护容量、包装、用途。
batch_007	清洁办公后勤	清洁用品	MAT-000120	木屑	品类：木屑		斤	木屑	usable	缺失规格：规格；型号；整理依据：用途、含水率缺失；单位是否改kg需确认；导入口径：confirm_then_import；重分类：辅料耗材/吸附填充材料 -> 清洁办公后勤/清洁耗材；分类置信度：medium；样例为吸附填充用途，更接近清理耗材而非主体建材。；二级物料族人工预览：复核 -> 清洁办公后勤/清洁用品；置信度：低；判断：木屑可能用于吸附、垫料或包装填充，当前清洁耗材来源不足以确定。；下一步：暂归清洁用品，采购前复核用途；如为包装填充需移到包装覆盖周转。
batch_007	清洁办公后勤	清洁用品	SAFE-000019	棉签	类型：棉签		包	棉签	needs_review	缺失规格：材质；规格；安全等级；认证标准；整理依据：包装数量缺失，按包计量时无法区分SKU；导入口径：do_not_import_missing_specs；重分类：劳保耗材/清洁用品 -> 清洁办公后勤/清洁耗材；分类置信度：medium；棉签作为清洁用品，旧劳保耗材偏宽。；二级物料族人工预览：复核 -> 清洁办公后勤/清洁用品；置信度：低；判断：棉签可能是卫生用品、清洁小耗材或医用耗材，当前信息不足。；下一步：暂归清洁用品，采购前确认是否应移入急救用品或生活后勤。
batch_007	清洁办公后勤	清洁用品	SAFE-000044	洁厕剂	类型：洁厕灵		支	洁厕灵	needs_review	缺失规格：品牌；容量；整理依据：容量/品牌缺失，无法唯一确定洁厕剂SKU；导入口径：do_not_import_missing_specs；重分类：劳保耗材/清洁用品 -> 清洁办公后勤/清洁耗材；分类置信度：high；洁厕灵是清洁耗材，旧劳保耗材错误。；二级物料族人工预览：合并 -> 清洁办公后勤/清洁用品；置信度：高；判断：洁厕剂是厕所清洁化学消耗品，符合清洁用品口径。；下一步：合并到清洁用品，第三层保留洁厕剂并维护容量、类型、安全要求。
batch_007	清洁办公后勤	清洁用品	SAFE-000045	洗洁精	类型：洗洁精		支	洗洁精	needs_review	缺失规格：品牌；容量；整理依据：容量/品牌缺失，无法唯一确定洗洁精SKU；导入口径：do_not_import_missing_specs；重分类：劳保耗材/清洁用品 -> 清洁办公后勤/清洁耗材；分类置信度：high；洗洁精是日常清洁耗材，旧劳保耗材不准。；二级物料族人工预览：合并 -> 清洁办公后勤/清洁用品；置信度：高；判断：洗洁精是后勤清洁消耗品，符合清洁用品的容量和类型管理口径。；下一步：合并到清洁用品，第三层保留洗洁精并维护容量、包装、用途。
