item_code	current_item_name	current_required_specs	current_uom	target_top_category	target_second_layer_family	target_third_layer_name	decision	confidence	assumed_specs	manual_judgment	next_action
SAFE-000025	防护安全网	规格：3000；特征：加厚	件	安全消防	安全网/防护网	安全网	三级名称修正	high	防护/加厚/尺寸按规格字段维护	防护安全网/安全防护网统一为安全网，功能和尺寸做规格。	补尺寸、网目、材质、阻燃等级。
SAFE-000031	防坠安全网	定制：是；用途：防坠	平方	安全消防	安全网/防护网	防坠安全网	脱水保留	high		防坠用途明确，作为专用安全网保留。	补尺寸、承重/网目、材质。
SAFE-000060	安全防护网	特征：加厚	平方	安全消防	安全网/防护网	安全网	三级名称修正	high	防护/加厚/尺寸按规格字段维护	防护安全网/安全防护网统一为安全网，功能和尺寸做规格。	补尺寸、网目、材质、阻燃等级。
SAFE-000064	安全网	类型：安全网	张	安全消防	安全网/防护网	安全网	脱水保留	high	防护/加厚/尺寸按规格字段维护	防护安全网/安全防护网统一为安全网，功能和尺寸做规格。	补尺寸、网目、材质、阻燃等级。
SAFE-000088	安全网	尺寸：1.8米*6米	张	安全消防	安全网/防护网	安全网	脱水保留	high	防护/加厚/尺寸按规格字段维护	防护安全网/安全防护网统一为安全网，功能和尺寸做规格。	补尺寸、网目、材质、阻燃等级。
SAFE-000092	安全网	尺寸：6*1.8米；特征：加厚	张	安全消防	安全网/防护网	安全网	脱水保留	high	防护/加厚/尺寸按规格字段维护	防护安全网/安全防护网统一为安全网，功能和尺寸做规格。	补尺寸、网目、材质、阻燃等级。
SAFE-000115	密目安全网	类型：密目；尺寸：6m*1.2m	张	安全消防	安全网/防护网	密目安全网	脱水保留	high		密目安全网是安全网特定类型，保留三级。	补尺寸、密目等级、阻燃等级。
MAT-000194	砂纸	粒度：240#	张	工具耗材	砂纸/磨料	砂纸	脱水保留	high		砂纸/石笔按核心耗材名治理，粒度或包装决定SKU。	补粒度、尺寸、包装数量。
MAT-000195	砂纸	粒度：80#	张	工具耗材	砂纸/磨料	砂纸	脱水保留	high		砂纸/石笔按核心耗材名治理，粒度或包装决定SKU。	补粒度、尺寸、包装数量。
TOOL-000041	砂纸	粒度：600	张	工具耗材	砂纸/磨料	砂纸	脱水保留	high		砂纸/石笔按核心耗材名治理，粒度或包装决定SKU。	补粒度、尺寸、包装数量。
TOOL-000042	砂纸	粒度：80	张	工具耗材	砂纸/磨料	砂纸	脱水保留	high		砂纸/石笔按核心耗材名治理，粒度或包装决定SKU。	补粒度、尺寸、包装数量。
TOOL-000126	石笔	品类：石笔	个	工具耗材	砂纸/磨料	石笔	脱水保留	high		砂纸/石笔按核心耗材名治理，粒度或包装决定SKU。	补粒度、尺寸、包装数量。
TOOL-000139	砂纸	粒度：细	张	工具耗材	砂纸/磨料	砂纸	脱水保留	high		砂纸/石笔按核心耗材名治理，粒度或包装决定SKU。	补粒度、尺寸、包装数量。
TOOL-000293	石笔	类型：石笔	盒	工具耗材	砂纸/磨料	石笔	脱水保留	high		砂纸/石笔按核心耗材名治理，粒度或包装决定SKU。	补粒度、尺寸、包装数量。
MAT-000058	雾炮机	功率：3kW；控制：全自动	台	施工机具设备	小型施工设备	雾炮机	脱水保留	high		小型施工设备按核心设备名治理。	补功率、电压、型号、配置。
MAT-000065	手持打码机	类型：手持；功能：大字符打码	台	施工机具设备	小型施工设备	手持打码机	脱水保留	high		小型施工设备按核心设备名治理。	补功率、电压、型号、配置。
MAT-000106	高压清洗机	品牌：黑马；电压：380V；功率：5.5kW	套	施工机具设备	小型施工设备	高压清洗机	脱水保留	high		小型施工设备按核心设备名治理。	补功率、电压、型号、配置。
MAT-000155	高压注浆机	类型：高压注浆机	台	施工机具设备	小型施工设备	高压注浆机	脱水保留	high		小型施工设备按核心设备名治理。	补功率、电压、型号、配置。
MAT-000239	混凝土振动棒	型号/规格：35型	根	施工机具设备	小型施工设备	混凝土振动棒	脱水保留	high		混凝土振动棒按型号和直径区分SKU。	补直径、长度、电压和适配电机。
MAT-000243	混凝土振动棒	电压：380V；直径：Φ50；长度：6m	根	施工机具设备	小型施工设备	混凝土振动棒	脱水保留	high		混凝土振动棒按型号和直径区分SKU。	补直径、长度、电压和适配电机。
METAL-000165	不锈钢潜水搅拌机	材质：304不锈钢；电压：380V；功率：4kW	台	施工机具设备	小型施工设备	潜水搅拌机	三级名称脱水	high	材质/功率按规格字段维护	不锈钢是材质属性，三级统一潜水搅拌机。	补功率、电压、材质、叶轮规格。
TOOL-000189	电镐碳刷	适用设备：电镐；部件：碳刷	付	电动气动工具	工具附件	碳刷	三级名称修正	high	适用设备/规格按规格字段维护	电镐碳刷按碳刷治理，适用设备做规格。	补适配设备和尺寸。
TOOL-000206	切割机防护罩	适配设备：400切割机；部件：防护罩	个	电动气动工具	工具附件	切割机防护罩	脱水保留	high		防护罩是工具附件，适配设备决定SKU。	补适配机型和尺寸。
TOOL-000266	十字批头套装	品牌：世达；类型：十字批头；配置：套装	套	电动气动工具	工具附件	批头套装	三级名称脱水	high	头型/品牌按规格字段维护	十字是批头头型，三级统一批头套装。	补头型、规格、件数、材质。
TOOL-000289	电钻夹头钥匙	适配：电钻夹头；部件：钥匙	把	电动气动工具	工具附件	钻夹头钥匙	三级名称修正	high	适配：电钻夹头	电钻夹头钥匙统一为钻夹头钥匙。	补适配夹头规格。
TOOL-000304	碳刷	规格：900#	副	电动气动工具	工具附件	碳刷	脱水保留	high	适用设备/规格按规格字段维护	电镐碳刷按碳刷治理，适用设备做规格。	补适配设备和尺寸。
TOOL-000305	碳刷	规格：43#	副	电动气动工具	工具附件	碳刷	脱水保留	high	适用设备/规格按规格字段维护	电镐碳刷按碳刷治理，适用设备做规格。	补适配设备和尺寸。
TOOL-000319	自紧钻夹头	品牌：马牌；夹持范围：0.3-16；接口：B18	个	电动气动工具	工具附件	钻夹头	三级名称脱水	high	夹持范围/接口按规格字段维护	自紧是夹头结构属性，三级统一钻夹头。	补夹持范围、接口、结构。
CONST-000015	镀锌铁皮	厚度：1.2；表面：镀锌	米	金属材料	钢板/板材	铁皮	三级名称脱水	high	表面处理：镀锌	镀锌是表面处理，三级名称为铁皮。	补厚度、材质、宽度和表面处理。
METAL-000030	花纹钢板	厚度：3mm；类型：花纹钢板	平方	金属材料	钢板/板材	花纹钢板	脱水保留	high		花纹钢板是稳定板材名，厚度尺寸决定SKU。	补厚度、尺寸、材质。
METAL-000044	花纹钢板	厚度：3.0	平方	金属材料	钢板/板材	花纹钢板	脱水保留	high		花纹钢板是稳定板材名，厚度尺寸决定SKU。	补厚度、尺寸、材质。
METAL-000057	花纹钢板	厚度：3.0mm；表面：花纹	平方	金属材料	钢板/板材	花纹钢板	脱水保留	high		花纹钢板是稳定板材名，厚度尺寸决定SKU。	补厚度、尺寸、材质。
METAL-000063	花纹钢板	厚度：5mm；表面：花纹	平方	金属材料	钢板/板材	花纹钢板	脱水保留	high		花纹钢板是稳定板材名，厚度尺寸决定SKU。	补厚度、尺寸、材质。
METAL-000114	花纹钢板	尺寸：6m*1.26m；厚度：6mm；表面：花纹	张	金属材料	钢板/板材	花纹钢板	脱水保留	high		花纹钢板是稳定板材名，厚度尺寸决定SKU。	补厚度、尺寸、材质。
METAL-000119	花纹钢板	尺寸：6m*1.51m；厚度：5.25mm；表面：花纹	张	金属材料	钢板/板材	花纹钢板	脱水保留	high		花纹钢板是稳定板材名，厚度尺寸决定SKU。	补厚度、尺寸、材质。
SAFE-000013	一次性口罩	类型：一次性	个	劳保防护	呼吸防护	口罩	三级名称修正	high	一次性/材质按规格字段维护	一次性口罩、棉纱口罩、棉口罩统一为口罩，材质类型下沉规格。	补防护等级、材质、包装数量。
SAFE-000098	防尘面罩	品牌：3M；类型：防尘面罩	只	劳保防护	呼吸防护	防尘面罩	脱水保留	high		防尘面罩是呼吸防护本体。	补过滤等级、适配滤芯、佩戴方式。
SAFE-000099	防尘面罩过滤芯	品牌：3M；适配：防尘面罩；部件：过滤芯	只	劳保防护	呼吸防护	防尘面罩滤芯	脱水保留	high		滤芯是防尘面罩耗材，不与面罩本体混并。	补适配型号、过滤等级。
SAFE-000102	棉纱口罩	材质：棉纱；类型：口罩	只	劳保防护	呼吸防护	口罩	三级名称修正	high	一次性/材质按规格字段维护	一次性口罩、棉纱口罩、棉口罩统一为口罩，材质类型下沉规格。	补防护等级、材质、包装数量。
SAFE-000103	一次性口罩	类型：一次性口罩	只	劳保防护	呼吸防护	口罩	三级名称修正	high	一次性/材质按规格字段维护	一次性口罩、棉纱口罩、棉口罩统一为口罩，材质类型下沉规格。	补防护等级、材质、包装数量。
SAFE-000106	棉口罩	材质：棉；类型：口罩	只	劳保防护	呼吸防护	口罩	三级名称修正	high	一次性/材质按规格字段维护	一次性口罩、棉纱口罩、棉口罩统一为口罩，材质类型下沉规格。	补防护等级、材质、包装数量。
TOOL-000060	伸缩加长杆	类型：伸缩加长杆	支	工具量具	工具附件（候选新增）	伸缩加长杆	脱水保留	high		工具附件按配件名治理。	补适配工具、长度、材质。
TOOL-000107	铁锹柄	适用：铁锹	支	工具量具	工具附件（候选新增）	铁锹柄	脱水保留	high		铁锹柄是铁锹配件，长度材质决定SKU。	补长度、材质、接口。
TOOL-000173	铁锹柄	部件：柄；适用：铁锹	个	工具量具	工具附件（候选新增）	铁锹柄	脱水保留	high		铁锹柄是铁锹配件，长度材质决定SKU。	补长度、材质、接口。
TOOL-000196	铁锹柄	部件：柄；适用：铁锹	支	工具量具	工具附件（候选新增）	铁锹柄	脱水保留	high		铁锹柄是铁锹配件，长度材质决定SKU。	补长度、材质、接口。
TOOL-000309	电工包	材质：帆布；用途：电工	个	工具量具	工具附件（候选新增）	电工包	脱水保留	high		电工包按工具包治理，材质和品牌做规格。	补尺寸、材质、格数。
TOOL-000326	电工包	品牌：得力；用途：电工	个	工具量具	工具附件（候选新增）	电工包	脱水保留	high		电工包按工具包治理，材质和品牌做规格。	补尺寸、材质、格数。
CHEM-000055	胶枪	适用材料：聚氨酯胶	个	工具量具	胶枪/施胶工具（候选新增）	胶枪	脱水保留	high	适用材料/品牌按规格字段维护	硅胶枪、玻璃胶枪、软胶枪归入胶枪，适用材料做规格。	补适用胶种、筒型、品牌。
CHEM-000080	硅胶枪	适用材料：玻璃胶/硅胶	个	工具量具	胶枪/施胶工具（候选新增）	胶枪	三级名称修正	high	适用材料/品牌按规格字段维护	硅胶枪、玻璃胶枪、软胶枪归入胶枪，适用材料做规格。	补适用胶种、筒型、品牌。
TOOL-000016	玻璃胶枪	用途：打玻璃胶	个	工具量具	胶枪/施胶工具（候选新增）	胶枪	三级名称修正	high	适用材料/品牌按规格字段维护	硅胶枪、玻璃胶枪、软胶枪归入胶枪，适用材料做规格。	补适用胶种、筒型、品牌。
TOOL-000214	发泡剂枪	适用材料：发泡剂	个	工具量具	胶枪/施胶工具（候选新增）	发泡剂枪	脱水保留	high		发泡剂枪适配材料明确，单独保留。	补接口、材质、品牌。
TOOL-000228	胶枪	品牌：世达	把	工具量具	胶枪/施胶工具（候选新增）	胶枪	脱水保留	high	适用材料/品牌按规格字段维护	硅胶枪、玻璃胶枪、软胶枪归入胶枪，适用材料做规格。	补适用胶种、筒型、品牌。
TOOL-000295	软胶枪	品牌：世达；类型：软胶枪	把	工具量具	胶枪/施胶工具（候选新增）	胶枪	三级名称修正	high	适用材料/品牌按规格字段维护	硅胶枪、玻璃胶枪、软胶枪归入胶枪，适用材料做规格。	补适用胶种、筒型、品牌。
ELEC-000047	太阳能4G摄像头	供电：太阳能；通信：4G；清晰度：4K	个	弱电安防	监控安防	监控摄像头	三级名称修正	high	太阳能/4G/变焦/清晰度按规格字段维护	摄像头按监控摄像头治理，供电通信和功能做规格。	补像素、供电、通信、存储。
ELEC-000149	闪光蜂鸣器	功能：闪光、蜂鸣	套	弱电安防	监控安防	声光报警器	三级名称修正	high	光源/电压/功能按规格字段维护	闪光蜂鸣器与LED声光报警器统一为声光报警器。	补电压、声光方式、防护等级。
ELEC-000252	LED声光报警器	光源：LED；电压：24V	只	弱电安防	监控安防	声光报警器	三级名称修正	high	光源/电压/功能按规格字段维护	闪光蜂鸣器与LED声光报警器统一为声光报警器。	补电压、声光方式、防护等级。
MAT-000160	监控摄像头	通信：4G；供电：太阳能；清晰度：4K；存储：30天循环	套	弱电安防	监控安防	监控摄像头	脱水保留	high	太阳能/4G/变焦/清晰度按规格字段维护	摄像头按监控摄像头治理，供电通信和功能做规格。	补像素、供电、通信、存储。
MAT-000163	太阳能4G监控套装	供电：太阳能；通信：4G；套装：三件套	套	弱电安防	监控安防	监控套装	三级名称脱水	high	供电/通信/件数按规格字段维护	太阳能4G是供电通信属性，三级用监控套装。	补摄像头数量、供电、通信、存储。
MAT-000206	变焦摄像头	功能：变焦	个	弱电安防	监控安防	监控摄像头	三级名称修正	high	太阳能/4G/变焦/清晰度按规格字段维护	摄像头按监控摄像头治理，供电通信和功能做规格。	补像素、供电、通信、存储。
CHEM-000021	多点黄油泵	容量：8升；出口数：4出口	台	施工机具设备	泵油润滑设备	黄油泵	三级名称修正	high	容量/出口数/驱动按规格字段维护	电动油脂泵、多点黄油泵统一到黄油泵，驱动和出口数下沉规格。	补容量、出口数、电压、控制方式。
CHEM-000167	黄油枪	结构：双柱	把	施工机具设备	泵油润滑设备	黄油枪	脱水保留	high		黄油枪是手动润滑工具。	补容量、结构、接口。
SPARE-000087	电动油脂泵	驱动：电动；功能：自动供脂	套	施工机具设备	泵油润滑设备	黄油泵	三级名称修正	high	容量/出口数/驱动按规格字段维护	电动油脂泵、多点黄油泵统一到黄油泵，驱动和出口数下沉规格。	补容量、出口数、电压、控制方式。
SPARE-000090	电动抽油泵	驱动：电动；用途：抽油	个	施工机具设备	泵油润滑设备	抽油泵	三级名称脱水	high	驱动：电动	电动是驱动方式，三级统一抽油泵。	补流量、电压、扬程、接口。
SPARE-000135	电动油脂泵	容量：6L；出口数：3出口；配置：带时控器	台	施工机具设备	泵油润滑设备	黄油泵	三级名称修正	high	容量/出口数/驱动按规格字段维护	电动油脂泵、多点黄油泵统一到黄油泵，驱动和出口数下沉规格。	补容量、出口数、电压、控制方式。
SPARE-000142	电动油脂泵	电压：380V；容量：8L；出口数：4出口	台	施工机具设备	泵油润滑设备	黄油泵	三级名称修正	high	容量/出口数/驱动按规格字段维护	电动油脂泵、多点黄油泵统一到黄油泵，驱动和出口数下沉规格。	补容量、出口数、电压、控制方式。
PIPE-000398	油管护套	螺纹/规格：M20*1.5	只	液压气动	油管护套/液压防护件（候选）	油管护套	脱水保留	high		油管护套按螺纹/规格区分SKU。	补螺纹、材质、适配油管规格。
PIPE-000399	油管护套	螺纹/规格：M48*2	只	液压气动	油管护套/液压防护件（候选）	油管护套	脱水保留	high		油管护套按螺纹/规格区分SKU。	补螺纹、材质、适配油管规格。
PIPE-000400	油管护套	螺纹/规格：M36*2	只	液压气动	油管护套/液压防护件（候选）	油管护套	脱水保留	high		油管护套按螺纹/规格区分SKU。	补螺纹、材质、适配油管规格。
PIPE-000401	油管护套	螺纹/规格：M42*4	只	液压气动	油管护套/液压防护件（候选）	油管护套	脱水保留	high		油管护套按螺纹/规格区分SKU。	补螺纹、材质、适配油管规格。
PIPE-000402	油管护套	螺纹/规格：M52*2	只	液压气动	油管护套/液压防护件（候选）	油管护套	脱水保留	high		油管护套按螺纹/规格区分SKU。	补螺纹、材质、适配油管规格。
PIPE-000403	油管护套	螺纹/规格：M16*1	只	液压气动	油管护套/液压防护件（候选）	油管护套	脱水保留	high		油管护套按螺纹/规格区分SKU。	补螺纹、材质、适配油管规格。
MAT-000083	气源处理双联件	型号系列：AFC；类型：双联件	个	液压气动	液压气动阀	气源处理双联件	脱水保留	high		气源处理双联件是气动过滤调压组合件。	补接口、压力范围、型号。
PIPE-000163	气动电磁阀	类型：电磁阀；用途：气动	个	液压气动	液压气动阀	电磁阀	三级名称脱水	high	气动/进口/型号按规格字段维护	气动是应用系统，三级统一电磁阀。	补型号、电压、接口、位通数。
PIPE-000181	电磁阀	型号：4M210L-8	个	液压气动	液压气动阀	电磁阀	脱水保留	high	气动/进口/型号按规格字段维护	气动是应用系统，三级统一电磁阀。	补型号、电压、接口、位通数。
PIPE-000190	气动阀	型号：APL-210V	个	液压气动	液压气动阀	气动阀	脱水保留	high	常闭/DN/型号按规格字段维护	常闭和口径是阀门属性，三级统一气动阀。	补口径、驱动、常开常闭、材质。
PIPE-000264	常闭气动阀	公称直径：DN50；状态：常闭；驱动：气动	套	液压气动	液压气动阀	气动阀	三级名称脱水	high	常闭/DN/型号按规格字段维护	常闭和口径是阀门属性，三级统一气动阀。	补口径、驱动、常开常闭、材质。
PIPE-000358	电磁阀	进口：是；型号：2622200	只	液压气动	液压气动阀	电磁阀	脱水保留	high	气动/进口/型号按规格字段维护	气动是应用系统，三级统一电磁阀。	补型号、电压、接口、位通数。
ELEC-000039	电池	电压：9V	个	电气电料	电源/电池	电池	脱水保留	high	规格/品牌按规格字段维护	5号/7号/9V是电池规格，三级统一电池。	补规格、电压、品牌、包装数量。
ELEC-000042	电池	规格：5号	个	电气电料	电源/电池	电池	脱水保留	high	规格/品牌按规格字段维护	5号/7号/9V是电池规格，三级统一电池。	补规格、电压、品牌、包装数量。
ELEC-000090	蓄电池	电压：12V	个	电气电料	电源/电池	蓄电池	脱水保留	high		蓄电池与干电池分开。	补电压、容量、尺寸。
ELEC-000099	电池	规格：7号	个	电气电料	电源/电池	电池	脱水保留	high	规格/品牌按规格字段维护	5号/7号/9V是电池规格，三级统一电池。	补规格、电压、品牌、包装数量。
ELEC-000188	5号电池	品牌：南孚；规格：5号	节	电气电料	电源/电池	电池	三级名称修正	high	规格/品牌按规格字段维护	5号/7号/9V是电池规格，三级统一电池。	补规格、电压、品牌、包装数量。
ELEC-000231	7号电池	品牌：南孚；规格：7号	节	电气电料	电源/电池	电池	三级名称修正	high	规格/品牌按规格字段维护	5号/7号/9V是电池规格，三级统一电池。	补规格、电压、品牌、包装数量。
CHEM-000043	橡胶支座	定制：是；材质：橡胶；类型：支座	个	定制加工件	定制橡胶件（候选）	橡胶支座	脱水保留	high		橡胶支座是结构支承件，不与普通垫块混并。	补尺寸、承载、图号。
CHEM-000057	橡胶垫块	尺寸：260*330*5mm；加工：是	块	定制加工件	定制橡胶件（候选）	橡胶垫块	三级名称修正	high	定制/尺寸按规格字段维护	定制橡胶垫和橡胶垫块统一为橡胶垫块。	补尺寸、材质、硬度、图号。
CHEM-000063	定制橡胶垫	定制：是；尺寸：300*350*5mm；材质：橡胶	个	定制加工件	定制橡胶件（候选）	橡胶垫块	三级名称修正	high	定制/尺寸按规格字段维护	定制橡胶垫和橡胶垫块统一为橡胶垫块。	补尺寸、材质、硬度、图号。
CHEM-000089	橡胶加工件	定制：是；规格：200*5；材质：橡胶	米	定制加工件	定制橡胶件（候选）	橡胶加工件	脱水保留	medium		橡胶加工件名称较宽，需按图纸补充形态。	补图号、形态、尺寸、硬度。
FAST-000092	异形垫片	定制：是；尺寸：330*260*5	个	定制加工件	定制橡胶件（候选）	异形垫片	脱水保留	high		异形垫片按图纸/尺寸定制。	补图号、材质、尺寸。
MAT-CEM-000009	水泥钉	类型：水泥钉	盒	紧固件与连接件	钉类	水泥钉	脱水保留	high		水泥钉按长度区分SKU。	补长度、直径、包装。
MAT-CEM-000017	水泥钉	长度：40mm	盒	紧固件与连接件	钉类	水泥钉	脱水保留	high		水泥钉按长度区分SKU。	补长度、直径、包装。
METAL-000116	钢钉	长度：25mm；材质：钢	盒	紧固件与连接件	钉类	钢钉	脱水保留	high		钢钉材质明确，按长度区分。	补长度、直径、包装。
SPARE-000001	铁钉	长度：2寸	斤	紧固件与连接件	钉类	铁钉	脱水保留	high		铁钉按规格长度区分SKU。	补长度、直径、包装。
SPARE-000053	铁钉	规格：3寸	KG	紧固件与连接件	钉类	铁钉	脱水保留	high		铁钉按规格长度区分SKU。	补长度、直径、包装。
MAT-000143	弹性销	规格：M4*28	只	紧固件与连接件	销/卡簧	弹性销	脱水保留	high		弹性销按规格区分SKU。	补直径、长度、材质。
MAT-000144	弹性销	规格：M6*28	只	紧固件与连接件	销/卡簧	弹性销	脱水保留	high		弹性销按规格区分SKU。	补直径、长度、材质。
MAT-000217	开口销	规格：M3*60；类型：开口销	只	紧固件与连接件	销/卡簧	开口销	脱水保留	high		开口销按规格区分SKU。	补直径、长度、材质。
METAL-000115	钢销	直径：14mm；长度：1m；材质：钢	根	紧固件与连接件	销/卡簧	钢销	脱水保留	high		钢销按直径长度区分SKU。	补直径、长度、材质。
SPARE-000081	卡簧	规格：40；类型：卡簧	个	紧固件与连接件	销/卡簧	卡簧	脱水保留	high		卡簧按规格和内外型区分SKU。	补规格、内外卡、材质。
SAFE-000081	救生衣	规格：待补	件	劳保防护	身体防护	救生衣	脱水保留	high		身体防护按核心穿戴品名治理。	补尺码、材质、等级。
SAFE-000089	连体工作服	结构：连体；特征：加厚	套	劳保防护	身体防护	防护服	三级名称修正	high	连体/加厚按规格字段维护	连体工作服归入防护服，款式做规格。	补尺码、材质、防护等级。
SAFE-000093	防护服	特征：加厚；款式：连体	套	劳保防护	身体防护	防护服	脱水保留	high	连体/加厚按规格字段维护	连体工作服归入防护服，款式做规格。	补尺码、材质、防护等级。
SAFE-000130	下水裤	尺码：44码	套	劳保防护	身体防护	下水裤	脱水保留	high		身体防护按核心穿戴品名治理。	补尺码、材质、等级。
TOOL-000069	丝锥	规格：M20	支	工具耗材	刀具耗材（候选新增）	丝锥	脱水保留	high		刀具耗材按核心刀具/冲头名治理。	补规格、接口、材质。
TOOL-000207	尖凿	规格：大；接口：五坑；类型：尖凿	支	工具耗材	刀具耗材（候选新增）	尖凿	脱水保留	high		刀具耗材按核心刀具/冲头名治理。	补规格、接口、材质。
TOOL-000231	冲孔冲头	直径：Φ14；长度：150	支	工具耗材	刀具耗材（候选新增）	冲孔冲头	脱水保留	high		刀具耗材按核心刀具/冲头名治理。	补规格、接口、材质。
TOOL-000232	冲孔冲头	直径：Φ16；长度：150	支	工具耗材	刀具耗材（候选新增）	冲孔冲头	脱水保留	high		刀具耗材按核心刀具/冲头名治理。	补规格、接口、材质。
ADMIN-000018	鼠标	品牌：小米；类型：鼠标	个	清洁办公后勤	办公设备	鼠标	脱水保留	high	无线/品牌按规格字段维护	无线是鼠标连接方式，三级统一鼠标。	补连接方式、品牌、型号。
ADMIN-000019	鼠标	类型：无线鼠标	个	清洁办公后勤	办公设备	鼠标	脱水保留	high	无线/品牌按规格字段维护	无线是鼠标连接方式，三级统一鼠标。	补连接方式、品牌、型号。
ADMIN-000021	除甲醛机	用途：办公室；功能：除甲醛	个	清洁办公后勤	办公设备	除甲醛机	脱水保留	high		办公设备按核心设备名治理。	补型号、品牌、功能。
ADMIN-000022	多功能打印机	品牌：惠普；类型：多功能	台	清洁办公后勤	办公设备	多功能打印机	脱水保留	high		办公设备按核心设备名治理。	补型号、品牌、功能。
TOOL-000067	风镐	型号：G150	台	电动气动工具	气动工具	风镐	脱水保留	high		气动工具按核心工具名治理。	补规格、接口、耗气量。
TOOL-000195	气动扳手	规格：1寸	个	电动气动工具	气动工具	气动扳手	脱水保留	high		气动工具按核心工具名治理。	补规格、接口、耗气量。
TOOL-000200	气动扳手	规格：大号	台	电动气动工具	气动工具	气动扳手	脱水保留	high		气动工具按核心工具名治理。	补规格、接口、耗气量。
TOOL-000240	吹尘枪	品牌：世达；类型：吹尘枪	把	电动气动工具	气动工具	吹尘枪	脱水保留	high		气动工具按核心工具名治理。	补规格、接口、耗气量。
ELEC-000027	排气扇	规格：50*50	台	电气电料	通风设备	排风扇	三级名称修正	high	型号/规格按规格字段维护	排气扇/排风扇统一为排风扇。	补尺寸、功率、安装方式。
ELEC-000041	排风扇	规格：50*50	个	电气电料	通风设备	排风扇	脱水保留	high	型号/规格按规格字段维护	排气扇/排风扇统一为排风扇。	补尺寸、功率、安装方式。
ELEC-000068	排风扇	规格：10寸	个	电气电料	通风设备	排风扇	脱水保留	high	型号/规格按规格字段维护	排气扇/排风扇统一为排风扇。	补尺寸、功率、安装方式。
ELEC-000112	排气扇	型号：FAD40-400	台	电气电料	通风设备	排风扇	三级名称修正	high	型号/规格按规格字段维护	排气扇/排风扇统一为排风扇。	补尺寸、功率、安装方式。
CHEM-000087	快速接头胶垫	规格：63；适用：快速接头	个	设备备件	密封垫片	胶垫	三级名称修正	high	适配对象按规格字段维护	快速接头胶垫归入胶垫，适配对象下沉。	补规格、材质、适配接头。
CHEM-000088	胶垫	规格：50	个	设备备件	密封垫片	胶垫	脱水保留	high	适配对象按规格字段维护	快速接头胶垫归入胶垫，适配对象下沉。	补规格、材质、适配接头。
FAST-000083	四氟垫片	定制：是；材质：四氟；规格：Φ450*440*2	件	设备备件	密封垫片	四氟垫片	脱水保留	high		四氟垫片材质决定用途，保留三级。	补尺寸、厚度、材质等级。
SPARE-000098	四氟垫片	规格：55；材质：四氟/PTFE	个	设备备件	密封垫片	四氟垫片	脱水保留	high		四氟垫片材质决定用途，保留三级。	补尺寸、厚度、材质等级。
MAT-000081	明矾	化学品：明矾	kg	化工胶粘涂料	化工原料	明矾	脱水保留	high		化工原料按核心化学品名治理。	补纯度、包装、用途。
MAT-000146	抗盐膨润土	类型：抗盐膨润土	吨	化工胶粘涂料	化工原料	膨润土	三级名称脱水	high	特性：抗盐	抗盐是特性，三级统一膨润土。	补规格、含量、包装。
MAT-000251	抗盐膨润土	特性：抗盐	吨	化工胶粘涂料	化工原料	膨润土	三级名称脱水	high	特性：抗盐	抗盐是特性，三级统一膨润土。	补规格、含量、包装。
SAFE-000039	伸缩杆	颜色：红色；类型：伸缩杆	个	安全消防	围挡护栏	伸缩杆	脱水保留	high		伸缩杆按长度和颜色区分SKU。	补长度、材质、颜色。
SAFE-000072	电箱围栏	定制：是；用途：二级电箱	套	安全消防	围挡护栏	电箱围栏	脱水保留	high		电箱围栏用途明确，单独保留。	补尺寸、材质、警示颜色。
TOOL-000210	伸缩杆	长度：2米；结构：伸缩	个	安全消防	围挡护栏	伸缩杆	脱水保留	high		伸缩杆按长度和颜色区分SKU。	补长度、材质、颜色。
TOOL-000281	滚筒柄	部件：滚筒柄	把	工具耗材	刷具附件（候选新增）	滚筒柄	脱水保留	high		滚筒柄是刷具附件，适配滚筒规格决定SKU。	补适配滚筒宽度、接口。
TOOL-000334	滚筒伸缩杆	适配工具：滚筒；部件：伸缩杆	根	工具耗材	刷具附件（候选新增）	刷具伸缩杆	三级名称修正	high	适配工具按规格字段维护	滚筒/边角刷伸缩杆统一为刷具伸缩杆，适配工具做规格。	补长度、接口、适配刷具。
TOOL-000335	边角刷伸缩杆	适配工具：边角刷；部件：伸缩杆	根	工具耗材	刷具附件（候选新增）	刷具伸缩杆	三级名称修正	high	适配工具按规格字段维护	滚筒/边角刷伸缩杆统一为刷具伸缩杆，适配工具做规格。	补长度、接口、适配刷具。
ELEC-000070	对讲机	品牌：长城；型号：A99；特征：高功率	个	弱电安防	对讲通信	对讲机	脱水保留	high		对讲机按品牌型号区分SKU。	补型号、频段、功率、电池。
MAT-000219	对讲机	品牌：小米；代际：二代	部	弱电安防	对讲通信	对讲机	脱水保留	high		对讲机按品牌型号区分SKU。	补型号、频段、功率、电池。
MAT-000248	对讲机	品牌：小米；型号：二代	部	弱电安防	对讲通信	对讲机	脱水保留	high		对讲机按品牌型号区分SKU。	补型号、频段、功率、电池。
SPARE-000114	电机	功率：7.5kW	台	设备备件	电机/驱动件（候选）	电机	脱水保留	high		电机按功率和类型区分SKU。	补功率、电压、转速、安装方式。
SPARE-000117	振动电机套装	进口：是；类型：振动电机；配置：整套	套	设备备件	电机/驱动件（候选）	振动电机	三级名称脱水	high	套装/进口按规格字段维护	套装是配置，三级名用振动电机。	补功率、电压、安装方式。
SPARE-000122	电机	功率：5.5kW	台	设备备件	电机/驱动件（候选）	电机	脱水保留	high		电机按功率和类型区分SKU。	补功率、电压、转速、安装方式。
SAFE-000021	草帽	类型：草帽	个	劳保防护	安全帽/头部防护	草帽	脱水保留	high		头部防护按核心品名治理。	补尺码、材质或遮阳形式。
SAFE-000033	安全帽一字带	适用：安全帽；类型：一字带	只	劳保防护	安全帽/头部防护	安全帽配件	三级名称修正	medium	部件：一字带	安全帽一字带是安全帽配件，不是安全帽本体。	确认是否应转入安全帽配件，补适配型号。
CONST-000008	顶托	规格：30*500；特征：厚	支	建筑材料	脚手架配件	顶托	脱水保留	high		顶托按规格和厚度区分SKU。	补丝杆直径、长度、底板尺寸。
CONST-000009	顶托	规格：38*600；特征：厚	套	建筑材料	脚手架配件	顶托	脱水保留	high		顶托按规格和厚度区分SKU。	补丝杆直径、长度、底板尺寸。
PIPE-000232	气管	外径：10mm	米	液压气动	气管	气管	脱水保留	high		气管按外径和材质区分SKU。	补外径、内径、材质、耐压。
PIPE-000233	气管	外径：16mm	米	液压气动	气管	气管	脱水保留	high		气管按外径和材质区分SKU。	补外径、内径、材质、耐压。
CHEM-000050	橡胶板	厚度：2cm	kg	化工胶粘涂料	橡胶材料	橡胶板	脱水保留	high		橡胶板按厚度和材质区分SKU。	补厚度、宽度、材质、硬度。
MAT-000129	PAC污水处理剂	类型：PAC；含量：28%	吨	化工胶粘涂料	水处理剂	PAC污水处理剂	脱水保留	high		PAC污水处理剂按含量和包装区分SKU。	补含量、包装、用途。
MAT-000162	工业防潮剂	用途：工业；包装：1KG	包	化工胶粘涂料	防潮材料	防潮剂	三级名称脱水	high	用途/包装按规格字段维护	工业是用途属性，三级统一防潮剂。	补包装、吸湿量、适用场景。
SAFE-000063	防滑橡胶垫	功能：防滑；材质：橡胶	平方	安全消防	地面防护	防滑橡胶垫	脱水保留	high		防滑橡胶垫按厚度尺寸区分SKU。	补尺寸、厚度、材质。
TOOL-000271	宝塔钻头开孔器	类型：宝塔钻头/开孔器；规格范围：4-52	套	工具耗材	开孔器	宝塔钻头开孔器	脱水保留	high		宝塔钻头开孔器是复合工具名，规格范围决定SKU。	补规格范围、材质、柄型。
MAT-000174	耦合剂	容量：100mL	支	工具量具	检测耗材	耦合剂	脱水保留	high		耦合剂按容量和用途区分SKU。	补容量、适用检测方式。
MAT-000159	井盖	用途：污水；规格：580	个	建筑材料	井盖/道路附属件	井盖	脱水保留	high		井盖按用途、规格和材质区分SKU。	补材质、承载等级、尺寸。
CONST-000007	土工布	类型：土工布	米	建筑材料	土工材料	土工布	脱水保留	high		土工布按克重和宽幅区分SKU。	补克重、宽幅、材质。
MAT-000190	吊车垫块	用途：吊车；载荷：大吨位；尺寸：500*500*60mm	块	施工机具设备	支垫件/垫块（候选）	吊车垫块	脱水保留	high		吊车垫块用途明确，按尺寸和承载区分SKU。	补材质、承载、尺寸。
METAL-000159	不锈钢保温水箱	容量：5T；材质：不锈钢；形状：圆形；特性：保温	个	施工机具设备	水箱容器（候选）	保温水箱	三级名称脱水	high	材质/容量/形状按规格字段维护	不锈钢是材质，圆形/保温是规格属性，三级用保温水箱。	补容量、材质、形状、保温层。
SPARE-000100	鼓风机	功率：2.2kW	个	施工机具设备	风机设备（候选）	鼓风机	脱水保留	high		鼓风机按功率和型号区分SKU。	补功率、风量、压力。
MAT-000204	加厚货架	特征：加厚；尺寸：2m*2m*0.6m	套	清洁办公后勤	仓储用品	货架	三级名称脱水	high	加厚/尺寸按规格字段维护	加厚是结构属性，三级统一货架。	补尺寸、层数、承重。
WELD-000026	电焊机套装	配置：含焊线	套	焊接切割	焊接设备/焊机（候选）	电焊机	三级名称脱水	high	套装配置按规格字段维护	电焊机套装按电焊机治理，配置下沉。	补功率、电流、输入电压、配置。
SPARE-000129	导流罩	适配型号：QJB-4/6；部件：导流罩	只	设备备件	搅拌机配件（候选）	导流罩	脱水保留	high		导流罩是搅拌机配件，适配型号决定SKU。	补适配型号、材质、尺寸。
SPARE-000096	合成纤维垫块	尺寸：86*65；材质：合成纤维	个	设备备件	设备垫块/缓冲件（候选）	设备垫块	三级名称脱水	medium	材质/尺寸按规格字段维护	合成纤维是材质，三级名用设备垫块。	补尺寸、材质、承载/硬度。
